Manual Order,Game Name,Group,Category,Source Page(s),Start Page,End Page,Suggested Slug,Referee Introduction,Description,Alternate Names,Special Note,Variations,Variation Count,Called Variations,Duplicate Title Flag,Review Status,Squarespace HTML,Raw Entry Text,Source File,QA Reviewer,Last Reviewed,Publish Status,Published URL,Last Published,Editorial Notes
1,ALEXA,Team Games,Interrupt Games,13,13,13,alexa,"“The players will do a scene, and whenever they wish they can ask Alexa a question. After Alexa answers, they will begin a new scene based on the answer.”","The referee gets a suggestion for the game, and the players start a neutral scene. At some point in the scene, one player will stop and ask “Alexa” a question about something in the scene, based on the answer, a new scene will begin. This repeats until time is called. “Alexa” can either be the other team, the announcer, or the referee.",Hey Siri,,"●
May be played in a Head-To-Head round, with the teams switching scene initiations between Alexa’s answers.",1,,,Auto-extracted - needs human spot check,"<h1>ALEXA</h1>

<h2>Category</h2>
<p>Interrupt Games</p>

<h2>Referee Introduction</h2>
<blockquote><p>“The players will do a scene, and whenever they wish they can ask Alexa a question. After Alexa answers, they will begin a new scene based on the answer.”</p></blockquote>

<h2>Description</h2>
<p>The referee gets a suggestion for the game, and the players start a neutral scene. At some point in the scene, one player will stop and ask “Alexa” a question about something in the scene, based on the answer, a new scene will begin. This repeats until time is called. “Alexa” can either be the other team, the announcer, or the referee.</p>

<h2>Alternate Names</h2>
<p>Hey Siri</p>

<h2>Variations</h2>
<ul>
<li>May be played in a Head-To-Head round, with the teams switching scene initiations between Alexa’s answers.</li>
</ul>","ALEXA
“The players will do a scene, and whenever they wish they can ask Alexa a
question. After Alexa answers, they will begin a new scene based on the
answer.”
The referee gets a suggestion for the game, and the players start a
neutral scene. At some point in the scene, one player will stop and ask
“Alexa” a question about something in the scene, based on the answer, a
new scene will begin. This repeats until time is called. “Alexa” can either
be the other team, the announcer, or the referee.
Alternate Names: Hey Siri
Variations on this Game
●
May be played in a Head-To-Head round, with the teams
switching scene initiations between Alexa’s answers.",A-ComedySportz-Games-Manual-v2.2 copy.pdf,,,Not Started,,,
2,ARE YOU THINKING WHAT I’M THINKING?,Team Games,Interrupt Games,14,14,14,are-you-thinking-what-im-thinking,"“Every so often the players will share a thought, and must justify it into the world.”","The referee gets a suggestion for the game, and the players start a neutral scene. Every so often a player says, “Are you thinking what I’m thinking?” When this is said, all players in the scene look at each other and begin to speak in unison, sharing their thought. They must then justify this new information into the scene.",,,"●
May be played with the referee interrupting the players to have them say “Are you thinking what I’m thinking?”, and give them a one syllable sound to start with.",1,,,Auto-extracted - needs human spot check,"<h1>ARE YOU THINKING WHAT I’M THINKING?</h1>

<h2>Category</h2>
<p>Interrupt Games</p>

<h2>Referee Introduction</h2>
<blockquote><p>“Every so often the players will share a thought, and must justify it into the world.”</p></blockquote>

<h2>Description</h2>
<p>The referee gets a suggestion for the game, and the players start a neutral scene. Every so often a player says, “Are you thinking what I’m thinking?” When this is said, all players in the scene look at each other and begin to speak in unison, sharing their thought. They must then justify this new information into the scene.</p>

<h2>Variations</h2>
<ul>
<li>May be played with the referee interrupting the players to have them say “Are you thinking what I’m thinking?”, and give them a one syllable sound to start with.</li>
</ul>","ARE YOU THINKING WHAT I’M THINKING?
“Every so often the players will share a thought, and must justify it into the
world.”
The referee gets a suggestion for the game, and the players start a
neutral scene. Every so often a player says, “Are you thinking what I’m
thinking?” When this is said, all players in the scene look at each other
and begin to speak in unison, sharing their thought. They must then
justify this new information into the scene.
Variations on this Game
●
May be played with the referee interrupting the players to have
them say “Are you thinking what I’m thinking?”, and give them a
one syllable sound to start with.",A-ComedySportz-Games-Manual-v2.2 copy.pdf,,,Not Started,,,
3,BACK TO WHENEVER,Team Games,Interrupt Games,15,15,15,back-to-whenever,"“The players will do a scene, and whenever I want more backstory I can blow my whistle and take the scene back to whenever.”","The referee gets a suggestion for the game and the players begin a neutral scene. Whenever the referee wishes, after a player gives an offer of an event in the past, they may interrupt the scene and declare “Back to ____!” The players will then take the scene back in time to give more backstory to what was said. This repeats as the referee takes us further back in time or back to the present.",Flashback,,,0,,,Auto-extracted - needs human spot check,"<h1>BACK TO WHENEVER</h1>

<h2>Category</h2>
<p>Interrupt Games</p>

<h2>Referee Introduction</h2>
<blockquote><p>“The players will do a scene, and whenever I want more backstory I can blow my whistle and take the scene back to whenever.”</p></blockquote>

<h2>Description</h2>
<p>The referee gets a suggestion for the game and the players begin a neutral scene. Whenever the referee wishes, after a player gives an offer of an event in the past, they may interrupt the scene and declare “Back to ____!” The players will then take the scene back in time to give more backstory to what was said. This repeats as the referee takes us further back in time or back to the present.</p>

<h2>Alternate Names</h2>
<p>Flashback</p>","BACK TO WHENEVER
“The players will do a scene, and whenever I want more backstory I can blow
my whistle and take the scene back to whenever.”
The referee gets a suggestion for the game and the players begin a
neutral scene. Whenever the referee wishes, after a player gives an offer
of an event in the past, they may interrupt the scene and declare “Back
to ____!” The players will then take the scene back in time to give more
backstory to what was said. This repeats as the referee takes us further
back in time or back to the present.
Alternate Names: Flashback",A-ComedySportz-Games-Manual-v2.2 copy.pdf,,,Not Started,,,
4,BIG LITTLE,Team Games,Interrupt Games,16,16,16,big-little,"“The team will do a scene, and throughout it I can blow my whistle and demand they make the scene ‘Little’ or ‘Big’”","A chair or stool is placed on the field. The referee gets a suggestion for the game, and the players begin with a neutral scene. Whenever the referee wishes, they may interrupt the scene to change its size. When “Little,” the players enact the scene using their fingers on the chair, index and middle fingers are to be used as their character’s legs. When “Big,” the players return to their normal size. The size change allows for players to do extraordinary things while “Little,” and these actions shape the new reality.",,,,0,,,Auto-extracted - needs human spot check,"<h1>BIG LITTLE</h1>

<h2>Category</h2>
<p>Interrupt Games</p>

<h2>Referee Introduction</h2>
<blockquote><p>“The team will do a scene, and throughout it I can blow my whistle and demand they make the scene ‘Little’ or ‘Big’”</p></blockquote>

<h2>Description</h2>
<p>A chair or stool is placed on the field. The referee gets a suggestion for the game, and the players begin with a neutral scene. Whenever the referee wishes, they may interrupt the scene to change its size. When “Little,” the players enact the scene using their fingers on the chair, index and middle fingers are to be used as their character’s legs. When “Big,” the players return to their normal size. The size change allows for players to do extraordinary things while “Little,” and these actions shape the new reality.</p>","BIG LITTLE
“The team will do a scene, and throughout it I can blow my whistle and
demand they make the scene ‘Little’ or ‘Big’”
A chair or stool is placed on the field. The referee gets a suggestion for
the game, and the players begin with a neutral scene. Whenever the
referee wishes, they may interrupt the scene to change its size. When
“Little,” the players enact the scene using their fingers on the chair, index
and middle fingers are to be used as their character’s legs. When “Big,”
the players return to their normal size. The size change allows for
players to do extraordinary things while “Little,” and these actions shape
the new reality.",A-ComedySportz-Games-Manual-v2.2 copy.pdf,,,Not Started,,,
5,CHANGING EMOTIONS,Team Games,Interrupt Games,17,17,17,changing-emotions,"“The team will do a scene, and throughout it I can blow my whistle and change the emotional state of one or all of the players.”","The referee gets a list of multiple emotions. They then get a suggestion for the game, and the players begin with a neutral scene. Whenever the referee wishes, they may interrupt the game to layer on one of the emotions. Whenever a new one is given by the referee, the previous emotion is dropped by the players.",,,"●
May be played with the referee getting the suggestions for the changes throughout the scene as opposed to all at once.
●
May be played with the referee assigning the change to only one specific player.
●
May be played with accents instead of emotions. (Called “Accent Roller Coaster” or “Changing Voices”)
●
May be played time periods instead of emotions. (Called “Fabric of Time”)
●
May be played with the referee getting a list of emotions, genres, time periods, voices, etc. (Called “Changing Styles,” “Changing Emotions and Stuff,” or “Changing Genres”)
●
May be played with the previous styles, emotions, and such are layered upon each other. (Called “Pileup”)",6,Fabric of Time; Pileup,,Auto-extracted - needs human spot check,"<h1>CHANGING EMOTIONS</h1>

<h2>Category</h2>
<p>Interrupt Games</p>

<h2>Referee Introduction</h2>
<blockquote><p>“The team will do a scene, and throughout it I can blow my whistle and change the emotional state of one or all of the players.”</p></blockquote>

<h2>Description</h2>
<p>The referee gets a list of multiple emotions. They then get a suggestion for the game, and the players begin with a neutral scene. Whenever the referee wishes, they may interrupt the game to layer on one of the emotions. Whenever a new one is given by the referee, the previous emotion is dropped by the players.</p>

<h2>Variations</h2>
<ul>
<li>May be played with the referee getting the suggestions for the changes throughout the scene as opposed to all at once.</li>
<li>May be played with the referee assigning the change to only one specific player.</li>
<li>May be played with accents instead of emotions. (Called “Accent Roller Coaster” or “Changing Voices”)</li>
<li>May be played time periods instead of emotions. (Called “Fabric of Time”)</li>
<li>May be played with the referee getting a list of emotions, genres, time periods, voices, etc. (Called “Changing Styles,” “Changing Emotions and Stuff,” or “Changing Genres”)</li>
<li>May be played with the previous styles, emotions, and such are layered upon each other. (Called “Pileup”)</li>
</ul>","CHANGING EMOTIONS
“The team will do a scene, and throughout it I can blow my whistle and change
the emotional state of one or all of the players.”
The referee gets a list of multiple emotions. They then get a suggestion
for the game, and the players begin with a neutral scene. Whenever the
referee wishes, they may interrupt the game to layer on one of the
emotions. Whenever a new one is given by the referee, the previous
emotion is dropped by the players.
Variations on this Game
●
May be played with the referee getting the suggestions for the
changes throughout the scene as opposed to all at once.
●
May be played with the referee assigning the change to only one
specific player.
●
May be played with accents instead of emotions. (Called “Accent
Roller Coaster” or “Changing Voices”)
●
May be played time periods instead of emotions. (Called “Fabric
of Time”)
●
May be played with the referee getting a list of emotions, genres,
time periods, voices, etc. (Called “Changing Styles,” “Changing
Emotions and Stuff,” or “Changing Genres”)
●
May be played with the previous styles, emotions, and such are
layered upon each other. (Called “Pileup”)",A-ComedySportz-Games-Manual-v2.2 copy.pdf,,,Not Started,,,
6,CONJUNCTION JUNCTION,Team Games,Interrupt Games,18,18,18,conjunction-junction,"“The team will do a scene, and throughout it I can blow my whistle and ask players to add more to their previous offer with an additional conjunction.”","The referee gets a suggestion for the game, and the players begin with a neutral scene. Whenever the referee wishes, they may interrupt the scene and call on a specific player, giving them a conjunction, such as “and,” “or,” “because,” etc. That player must add to their last offer by expanding upon it utilizing the conjunction given.",,,,0,,,Auto-extracted - needs human spot check,"<h1>CONJUNCTION JUNCTION</h1>

<h2>Category</h2>
<p>Interrupt Games</p>

<h2>Referee Introduction</h2>
<blockquote><p>“The team will do a scene, and throughout it I can blow my whistle and ask players to add more to their previous offer with an additional conjunction.”</p></blockquote>

<h2>Description</h2>
<p>The referee gets a suggestion for the game, and the players begin with a neutral scene. Whenever the referee wishes, they may interrupt the scene and call on a specific player, giving them a conjunction, such as “and,” “or,” “because,” etc. That player must add to their last offer by expanding upon it utilizing the conjunction given.</p>","CONJUNCTION JUNCTION
“The team will do a scene, and throughout it I can blow my whistle and ask
players to add more to their previous offer with an additional conjunction.”
The referee gets a suggestion for the game, and the players begin with a
neutral scene. Whenever the referee wishes, they may interrupt the
scene and call on a specific player, giving them a conjunction, such as
“and,” “or,” “because,” etc. That player must add to their last offer by
expanding upon it utilizing the conjunction given.",A-ComedySportz-Games-Manual-v2.2 copy.pdf,,,Not Started,,,
7,D&D IN THE LIFE,Team Games,Interrupt Games,19,19,19,d-d-in-the-life,“They team will do a scene and every so often they players will ask to see how well they do. I will roll a 20-sided die and the higher the number the better they do.”,"The referee gets a suggestion for a scene, and they begin neutrally. When the players feel like it, they will ask for the referee to “check” how well they do for specific things. These can be reactions, actions, emotional responses, etc. The referee will roll a 20-sided die, and tell the number to the players; on a 1 it is the worse it can possibly go, on a 20 it is the best. Referee may fudge the numbers as they see needed.",,,,0,,,Auto-extracted - needs human spot check,"<h1>D&D IN THE LIFE</h1>

<h2>Category</h2>
<p>Interrupt Games</p>

<h2>Referee Introduction</h2>
<blockquote><p>“They team will do a scene and every so often they players will ask to see how well they do. I will roll a 20-sided die and the higher the number the better they do.”</p></blockquote>

<h2>Description</h2>
<p>The referee gets a suggestion for a scene, and they begin neutrally. When the players feel like it, they will ask for the referee to “check” how well they do for specific things. These can be reactions, actions, emotional responses, etc. The referee will roll a 20-sided die, and tell the number to the players; on a 1 it is the worse it can possibly go, on a 20 it is the best. Referee may fudge the numbers as they see needed.</p>","D&D IN THE LIFE
“They team will do a scene and every so often they players will ask to see how
well they do. I will roll a 20-sided die and the higher the number the better
they do.”
The referee gets a suggestion for a scene, and they begin neutrally.
When the players feel like it, they will ask for the referee to “check” how
well they do for specific things. These can be reactions, actions,
emotional responses, etc. The referee will roll a 20-sided die, and tell the
number to the players; on a 1 it is the worse it can possibly go, on a 20 it
is the best. Referee may fudge the numbers as they see needed.",A-ComedySportz-Games-Manual-v2.2 copy.pdf,,,Not Started,,,
8,DEEPER,Team Games,Interrupt Games,20,20,20,deeper,"“The team will do a scene, and throughout it I can blow my whistle and ask players to add deeper context to their previous offer.”","The referee gets a suggestion for the game, and the players begin with a neutral scene. Whenever the referee wishes, they may interrupt the scene and call on a specific player. That player must add to their last offer, action, or line provide deeper meaning or context by expanding upon it.",,,"●
May be played with the referee calling for the scene to get awkwarder. (Called “Awkwarder”)",1,Awkwarder,,Auto-extracted - needs human spot check,"<h1>DEEPER</h1>

<h2>Category</h2>
<p>Interrupt Games</p>

<h2>Referee Introduction</h2>
<blockquote><p>“The team will do a scene, and throughout it I can blow my whistle and ask players to add deeper context to their previous offer.”</p></blockquote>

<h2>Description</h2>
<p>The referee gets a suggestion for the game, and the players begin with a neutral scene. Whenever the referee wishes, they may interrupt the scene and call on a specific player. That player must add to their last offer, action, or line provide deeper meaning or context by expanding upon it.</p>

<h2>Variations</h2>
<ul>
<li>May be played with the referee calling for the scene to get awkwarder. (Called “Awkwarder”)</li>
</ul>","DEEPER
“The team will do a scene, and throughout it I can blow my whistle and ask
players to add deeper context to their previous offer.”
The referee gets a suggestion for the game, and the players begin with a
neutral scene. Whenever the referee wishes, they may interrupt the
scene and call on a specific player. That player must add to their last
offer, action, or line provide deeper meaning or context by expanding
upon it.
Variations on this Game
●
May be played with the referee calling for the scene to get
awkwarder. (Called “Awkwarder”)",A-ComedySportz-Games-Manual-v2.2 copy.pdf,,,Not Started,,,
9,FORWARD REVERSE,Team Games,Interrupt Games,21,21,21,forward-reverse,"“The team will do a scene, and throughout it I can blow my whistle and change if the scene is going forward in time, or in reverse.”","The referee gets a suggestion for the game, and the players begin with a neutral scene. Whenever the referee wishes, they may interrupt the game and call out ""Reverse!"" When this happens, players must repeat their actions and lines (not words, but lines) in reverse order until the referee calls out ""Forward!"" and the players continue their scene forward.",,,"●
May be played with more commands, similar to those found on a DVD remote. (Called “DVD”)
●
May be played with the players going Reverse in Shakespearean and common English when going Forward. (Called “Forward In Verse”)
●
May be played going fully in reverse for 60-90 seconds, then forward through the whole thing once. (Called “Scene In Reverse”)",3,DVD; Forward In Verse; Scene In Reverse,,Auto-extracted - needs human spot check,"<h1>FORWARD REVERSE</h1>

<h2>Category</h2>
<p>Interrupt Games</p>

<h2>Referee Introduction</h2>
<blockquote><p>“The team will do a scene, and throughout it I can blow my whistle and change if the scene is going forward in time, or in reverse.”</p></blockquote>

<h2>Description</h2>
<p>The referee gets a suggestion for the game, and the players begin with a neutral scene. Whenever the referee wishes, they may interrupt the game and call out ""Reverse!"" When this happens, players must repeat their actions and lines (not words, but lines) in reverse order until the referee calls out ""Forward!"" and the players continue their scene forward.</p>

<h2>Variations</h2>
<ul>
<li>May be played with more commands, similar to those found on a DVD remote. (Called “DVD”)</li>
<li>May be played with the players going Reverse in Shakespearean and common English when going Forward. (Called “Forward In Verse”)</li>
<li>May be played going fully in reverse for 60-90 seconds, then forward through the whole thing once. (Called “Scene In Reverse”)</li>
</ul>","FORWARD REVERSE
“The team will do a scene, and throughout it I can blow my whistle and change
if the scene is going forward in time, or in reverse.”
The referee gets a suggestion for the game, and the players begin with a
neutral scene. Whenever the referee wishes, they may interrupt the
game and call out ""Reverse!"" When this happens, players must repeat
their actions and lines (not words, but lines) in reverse order until the
referee calls out ""Forward!"" and the players continue their scene
forward.
Variations on this Game
●
May be played with more commands, similar to those found on a
DVD remote. (Called “DVD”)
●
May be played with the players going Reverse in Shakespearean
and common English when going Forward. (Called “Forward In
Verse”)
●
May be played going fully in reverse for 60-90 seconds, then
forward through the whole thing once. (Called “Scene In
Reverse”)",A-ComedySportz-Games-Manual-v2.2 copy.pdf,,,Not Started,,,
10,FOURSQUARE,Team Games,Interrupt Games,22,22,22,foursquare,"“In groups of two, the players will do a series of different scenes, when I choose I can blow my whistle and rotate between.”","A team of four forms a square on the field with two in front, and two behind them. The referee will rotate between the pairs for each to get a suggestion. The two in front do a scene based of their suggestion, until the referee interrupts them to rotate left or right to change the scene. When two players are in the front again some amount of time will have passed in between now and when we last saw them.",Four Corners; Four Quadrants; Pan Left,,"●
May be played with three players, and include a volunteer player.
●
May be played with the players behind dubbing for those in front. (Called “Foursquare Dubbing”)
●
May be played with five players, or four with a volunteer player, with the fifth point providing sound effects. (Called “Foursquare Sound Effects”)
●
May be played with a fifth player, or volunteer player, who is in every scene regardless of rotation. (Called “Pretty, Pretty Princess” or “Center Of Attention”)
●
May be played with a musical variation, with each pair singing duets. (Called “Four Crooners” or “Duets”)",5,Foursquare Dubbing; Foursquare Sound Effects,,Auto-extracted - needs human spot check,"<h1>FOURSQUARE</h1>

<h2>Category</h2>
<p>Interrupt Games</p>

<h2>Referee Introduction</h2>
<blockquote><p>“In groups of two, the players will do a series of different scenes, when I choose I can blow my whistle and rotate between.”</p></blockquote>

<h2>Description</h2>
<p>A team of four forms a square on the field with two in front, and two behind them. The referee will rotate between the pairs for each to get a suggestion. The two in front do a scene based of their suggestion, until the referee interrupts them to rotate left or right to change the scene. When two players are in the front again some amount of time will have passed in between now and when we last saw them.</p>

<h2>Alternate Names</h2>
<p>Four Corners; Four Quadrants; Pan Left</p>

<h2>Variations</h2>
<ul>
<li>May be played with three players, and include a volunteer player.</li>
<li>May be played with the players behind dubbing for those in front. (Called “Foursquare Dubbing”)</li>
<li>May be played with five players, or four with a volunteer player, with the fifth point providing sound effects. (Called “Foursquare Sound Effects”)</li>
<li>May be played with a fifth player, or volunteer player, who is in every scene regardless of rotation. (Called “Pretty, Pretty Princess” or “Center Of Attention”)</li>
<li>May be played with a musical variation, with each pair singing duets. (Called “Four Crooners” or “Duets”)</li>
</ul>","FOURSQUARE
“In groups of two, the players will do a series of different scenes, when I choose
I can blow my whistle and rotate between.”
A team of four forms a square on the field with two in front, and two
behind them. The referee will rotate between the pairs for each to get a
suggestion. The two in front do a scene based of their suggestion, until
the referee interrupts them to rotate left or right to change the scene.
When two players are in the front again some amount of time will have
passed in between now and when we last saw them.
Alternate Names: Four Corners; Four Quadrants; Pan Left
Variations on this Game
●
May be played with three players, and include a volunteer player.
●
May be played with the players behind dubbing for those in front.
(Called “Foursquare Dubbing”)
●
May be played with five players, or four with a volunteer player,
with the fifth point providing sound effects. (Called “Foursquare
Sound Effects”)
●
May be played with a fifth player, or volunteer player, who is in
every scene regardless of rotation. (Called “Pretty, Pretty
Princess” or “Center Of Attention”)
●
May be played with a musical variation, with each pair singing
duets. (Called “Four Crooners” or “Duets”)",A-ComedySportz-Games-Manual-v2.2 copy.pdf,,,Not Started,,,
11,FREEZE TAG,Team Games,Interrupt Games,23,23,23,freeze-tag,"“Two players will start a scene, and whenever another player chooses they may say ‘Freeze.’ The players will then freeze and the caller will tap out, take their exact position and start a new scene.”","The referee gets a suggestion for the game, and two players start a scene. Whenever another player wishes throughout the scene, they will yell “Freeze!” The on-field players must immediately freeze in position. The player that yelled freeze replaces one or more of the frozen players. A new scene begins, starting from that exact position.",Freeze,,"●
May be played with a volunteer player.
●
May be played head-to-head.
●
May be played with the players having their backs turned towards the field, essentially playing blind. (Called “Blind Freeze Tag”)
●
May be played using lines of dialogue as opposed to motions, the new scenes begin in any position but start with the last line of dialogue from the previous scene. (Called “Copycat”)",4,Blind Freeze Tag; Copycat,,Auto-extracted - needs human spot check,"<h1>FREEZE TAG</h1>

<h2>Category</h2>
<p>Interrupt Games</p>

<h2>Referee Introduction</h2>
<blockquote><p>“Two players will start a scene, and whenever another player chooses they may say ‘Freeze.’ The players will then freeze and the caller will tap out, take their exact position and start a new scene.”</p></blockquote>

<h2>Description</h2>
<p>The referee gets a suggestion for the game, and two players start a scene. Whenever another player wishes throughout the scene, they will yell “Freeze!” The on-field players must immediately freeze in position. The player that yelled freeze replaces one or more of the frozen players. A new scene begins, starting from that exact position.</p>

<h2>Alternate Names</h2>
<p>Freeze</p>

<h2>Variations</h2>
<ul>
<li>May be played with a volunteer player.</li>
<li>May be played head-to-head.</li>
<li>May be played with the players having their backs turned towards the field, essentially playing blind. (Called “Blind Freeze Tag”)</li>
<li>May be played using lines of dialogue as opposed to motions, the new scenes begin in any position but start with the last line of dialogue from the previous scene. (Called “Copycat”)</li>
</ul>","FREEZE TAG
“Two players will start a scene, and whenever another player chooses they
may say ‘Freeze.’ The players will then freeze and the caller will tap out, take
their exact position and start a new scene.”
The referee gets a suggestion for the game, and two players start a
scene. Whenever another player wishes throughout the scene, they will
yell “Freeze!” The on-field players must immediately freeze in position.
The player that yelled freeze replaces one or more of the frozen players.
A new scene begins, starting from that exact position.
Alternate Names: Freeze
Variations on this Game
●
May be played with a volunteer player.
●
May be played head-to-head.
●
May be played with the players having their backs turned
towards the field, essentially playing blind. (Called “Blind Freeze
Tag”)
●
May be played using lines of dialogue as opposed to motions, the
new scenes begin in any position but start with the last line of
dialogue from the previous scene. (Called “Copycat”)",A-ComedySportz-Games-Manual-v2.2 copy.pdf,,,Not Started,,,
12,GROWING SHRINKING MACHINE,Team Games,Interrupt Games,24,24,24,growing-shrinking-machine,"“One player will do a scene by themselves, and at any point I may blow my whistle to add or subtract players, and changing the scene.”","The referee will get a suggestion, and one player will begin a scene alone. Whenever the referee wishes, they may interrupt the game and call out either “Grow!” or “Shrink!”. During growing another player will join, establishing a new scene based on the suggestion, this is the establish reality whenever there are that many players on the field for the rest of the game. When shrinking, one player will exit the field, and the scene reverts back to the scene created with that number of players. It grows until all players are on the field, then shrinks back down to one.",Growing Shrinking,,"●
May be played going the opposite direction, starting with the whole team, shrinking to one, and growing back to the whole team. (Called “Shrinking Growing”)
●
The referee may freeze the players and determine who leaves or enters, played almost like a structured freeze tag, including justification for position.
●
May be played with the players entering and exiting scenes of their own accord, rather than having the referee involved.
●
May be played head-to-head, alternating the addition of a player from each team each time. (Called “Mega Growing Shrinking Machine”)",4,Shrinking Growing; Mega Growing Shrinking Machine,,Auto-extracted - needs human spot check,"<h1>GROWING SHRINKING MACHINE</h1>

<h2>Category</h2>
<p>Interrupt Games</p>

<h2>Referee Introduction</h2>
<blockquote><p>“One player will do a scene by themselves, and at any point I may blow my whistle to add or subtract players, and changing the scene.”</p></blockquote>

<h2>Description</h2>
<p>The referee will get a suggestion, and one player will begin a scene alone. Whenever the referee wishes, they may interrupt the game and call out either “Grow!” or “Shrink!”. During growing another player will join, establishing a new scene based on the suggestion, this is the establish reality whenever there are that many players on the field for the rest of the game. When shrinking, one player will exit the field, and the scene reverts back to the scene created with that number of players. It grows until all players are on the field, then shrinks back down to one.</p>

<h2>Alternate Names</h2>
<p>Growing Shrinking</p>

<h2>Variations</h2>
<ul>
<li>May be played going the opposite direction, starting with the whole team, shrinking to one, and growing back to the whole team. (Called “Shrinking Growing”)</li>
<li>The referee may freeze the players and determine who leaves or enters, played almost like a structured freeze tag, including justification for position.</li>
<li>May be played with the players entering and exiting scenes of their own accord, rather than having the referee involved.</li>
<li>May be played head-to-head, alternating the addition of a player from each team each time. (Called “Mega Growing Shrinking Machine”)</li>
</ul>","GROWING SHRINKING MACHINE
“One player will do a scene by themselves, and at any point I may blow my
whistle to add or subtract players, and changing the scene.”
The referee will get a suggestion, and one player will begin a scene alone.
Whenever the referee wishes, they may interrupt the game and call out
either “Grow!” or “Shrink!”. During growing another player will join,
establishing a new scene based on the suggestion, this is the establish
reality whenever there are that many players on the field for the rest of
the game. When shrinking, one player will exit the field, and the scene
reverts back to the scene created with that number of players. It grows
until all players are on the field, then shrinks back down to one.
Alternate Names: Growing Shrinking
Variations on this Game
●
May be played going the opposite direction, starting with the
whole team, shrinking to one, and growing back to the whole
team. (Called “Shrinking Growing”)
●
The referee may freeze the players and determine who leaves or
enters, played almost like a structured freeze tag, including
justification for position.
●
May be played with the players entering and exiting scenes of
their own accord, rather than having the referee involved.
●
May be played head-to-head, alternating the addition of a player
from each team each time. (Called “Mega Growing Shrinking
Machine”)",A-ComedySportz-Games-Manual-v2.2 copy.pdf,,,Not Started,,,
13,I DREAM OF JEANNIE,Team Games,Interrupt Games,25,25,25,i-dream-of-jeannie,"“The players will begin a scene, and whenever the other team chooses, they may sing the I Dream of Jeannie theme, and make a wish. I can choose to grant or deny it.”","The referee gets a suggestion, and the players begin a neutral scene. Whenever the other team chooses, they will sing the I Dream of Jeannie song, and the referee will stand and say “Yes?” then the wish is made. The referee may grant, or choose not to grant any wish. The wishes affect the reality of the scene, and stay in place until wished away.",,,"●
May be played where all of the wishes have horrible consequences for the players. (Called “Monkey’s Paw”)
●
May be played without the Jeannie aspect, and the referee interrupting the scene, calling on anyone to make a rule, and the players continuing with the new rule. (Called “Calvin Ball”)",2,Monkey’s Paw; Calvin Ball,,Auto-extracted - needs human spot check,"<h1>I DREAM OF JEANNIE</h1>

<h2>Category</h2>
<p>Interrupt Games</p>

<h2>Referee Introduction</h2>
<blockquote><p>“The players will begin a scene, and whenever the other team chooses, they may sing the I Dream of Jeannie theme, and make a wish. I can choose to grant or deny it.”</p></blockquote>

<h2>Description</h2>
<p>The referee gets a suggestion, and the players begin a neutral scene. Whenever the other team chooses, they will sing the I Dream of Jeannie song, and the referee will stand and say “Yes?” then the wish is made. The referee may grant, or choose not to grant any wish. The wishes affect the reality of the scene, and stay in place until wished away.</p>

<h2>Variations</h2>
<ul>
<li>May be played where all of the wishes have horrible consequences for the players. (Called “Monkey’s Paw”)</li>
<li>May be played without the Jeannie aspect, and the referee interrupting the scene, calling on anyone to make a rule, and the players continuing with the new rule. (Called “Calvin Ball”)</li>
</ul>","I DREAM OF JEANNIE
“The players will begin a scene, and whenever the other team chooses, they
may sing the I Dream of Jeannie theme, and make a wish. I can choose to
grant or deny it.”
The referee gets a suggestion, and the players begin a neutral scene.
Whenever the other team chooses, they will sing the I Dream of Jeannie
song, and the referee will stand and say “Yes?” then the wish is made. The
referee may grant, or choose not to grant any wish. The wishes affect the
reality of the scene, and stay in place until wished away.
Variations on this Game
●
May be played where all of the wishes have horrible
consequences for the players. (Called “Monkey’s Paw”)
●
May be played without the Jeannie aspect, and the referee
interrupting the scene, calling on anyone to make a rule, and the
players continuing with the new rule. (Called “Calvin Ball”)",A-ComedySportz-Games-Manual-v2.2 copy.pdf,,,Not Started,,,
14,I GOTTA TAKE THIS,Team Games,Interrupt Games,26,26,26,i-gotta-take-this,"“The players will begin a scene, and whenever the other team chooses, they may phone one of the players in the scene to change it.”","The referee gets a suggestion, and the players begin a neutral scene. Whenever the other team chooses, they will make the sound of a ringtone and one of the players on the field will answer their phone. The player who made the “call” will provide them with information which can change the scene, be it tactics, a secret, or whatever they wish, and this becomes reality in the scene. Each player on the field, will receive one phone call, and each player of the other team will only make one.",,,,0,,,Auto-extracted - needs human spot check,"<h1>I GOTTA TAKE THIS</h1>

<h2>Category</h2>
<p>Interrupt Games</p>

<h2>Referee Introduction</h2>
<blockquote><p>“The players will begin a scene, and whenever the other team chooses, they may phone one of the players in the scene to change it.”</p></blockquote>

<h2>Description</h2>
<p>The referee gets a suggestion, and the players begin a neutral scene. Whenever the other team chooses, they will make the sound of a ringtone and one of the players on the field will answer their phone. The player who made the “call” will provide them with information which can change the scene, be it tactics, a secret, or whatever they wish, and this becomes reality in the scene. Each player on the field, will receive one phone call, and each player of the other team will only make one.</p>","I GOTTA TAKE THIS
“The players will begin a scene, and whenever the other team chooses, they
may phone one of the players in the scene to change it.”
The referee gets a suggestion, and the players begin a neutral scene.
Whenever the other team chooses, they will make the sound of a
ringtone and one of the players on the field will answer their phone. The
player who made the “call” will provide them with information which can
change the scene, be it tactics, a secret, or whatever they wish, and this
becomes reality in the scene. Each player on the field, will receive one
phone call, and each player of the other team will only make one.",A-ComedySportz-Games-Manual-v2.2 copy.pdf,,,Not Started,,,
15,IDENTITY CRISIS,Team Games,Interrupt Games,27,27,27,identity-crisis,"“The team will do a scene, and throughout it I can blow my whistle and change who is playing which character.”","The referee gets a suggestion for the game, and a genre. The players begin with a neutral scene, each playing strong, and distinct characters. Whenever the referee wishes, they may blow their whistle and call “Switch,” forcing all the players to switch who is playing which role. This process repeats and continues until the game has ended.",Heavy Rotation,,"• May be played with the referee getting suggestions for each character as well. • May be played with each player wearing a hat to designate who is playing what character. • May be played with the hats, and the endowments attached to said hat switching, but the characters not switching player. (Called “Hats”)",1,Hats,,Auto-extracted - needs human spot check,"<h1>IDENTITY CRISIS</h1>

<h2>Category</h2>
<p>Interrupt Games</p>

<h2>Referee Introduction</h2>
<blockquote><p>“The team will do a scene, and throughout it I can blow my whistle and change who is playing which character.”</p></blockquote>

<h2>Description</h2>
<p>The referee gets a suggestion for the game, and a genre. The players begin with a neutral scene, each playing strong, and distinct characters. Whenever the referee wishes, they may blow their whistle and call “Switch,” forcing all the players to switch who is playing which role. This process repeats and continues until the game has ended.</p>

<h2>Alternate Names</h2>
<p>Heavy Rotation</p>

<h2>Variations</h2>
<ul>
<li>• May be played with the referee getting suggestions for each character as well. • May be played with each player wearing a hat to designate who is playing what character. • May be played with the hats, and the endowments attached to said hat switching, but the characters not switching player. (Called “Hats”)</li>
</ul>","IDENTITY CRISIS
“The team will do a scene, and throughout it I can blow my whistle and change
who is playing which character.”
The referee gets a suggestion for the game, and a genre. The players
begin with a neutral scene, each playing strong, and distinct characters.
Whenever the referee wishes, they may blow their whistle and call
“Switch,” forcing all the players to switch who is playing which role. This
process repeats and continues until the game has ended.
Alternate Names: Heavy Rotation
Variations on this Game
•
May be played with the referee getting suggestions for each
character as well.
•
May be played with each player wearing a hat to designate who is
playing what character.
•
May be played with the hats, and the endowments attached to
said hat switching, but the characters not switching player.
(Called “Hats”)",A-ComedySportz-Games-Manual-v2.2 copy.pdf,,,Not Started,,,
16,INNER MONOLOGUE,Team Games,Interrupt Games,28,28,28,inner-monologue,"“The players will begin a scene, and throughout it I can blow my whistle and call for a specific player to share their character’s inner-monologue.”","The referee gets a suggestion for the game, and the players begin with a neutral scene. Whenever the referee wishes, they may interrupt the game and call out a player. That player will step-forward and share their character's inner-monologue. During their monologue, the other players stand still, and do not acknowledge this break has happened, and while the players have heard the monologue, their characters have not. Either the referee or player may end the monologue and continue the scene with the new information.",Penny For Your Thoughts,,"●
May be played head-to-head with the players partnered with a player on the other team, who provide each other's inner- monologue when called upon.
●
May be played where the player must sing their thoughts. (Called “Inner Songologue”)",2,Inner Songologue,,Auto-extracted - needs human spot check,"<h1>INNER MONOLOGUE</h1>

<h2>Category</h2>
<p>Interrupt Games</p>

<h2>Referee Introduction</h2>
<blockquote><p>“The players will begin a scene, and throughout it I can blow my whistle and call for a specific player to share their character’s inner-monologue.”</p></blockquote>

<h2>Description</h2>
<p>The referee gets a suggestion for the game, and the players begin with a neutral scene. Whenever the referee wishes, they may interrupt the game and call out a player. That player will step-forward and share their character's inner-monologue. During their monologue, the other players stand still, and do not acknowledge this break has happened, and while the players have heard the monologue, their characters have not. Either the referee or player may end the monologue and continue the scene with the new information.</p>

<h2>Alternate Names</h2>
<p>Penny For Your Thoughts</p>

<h2>Variations</h2>
<ul>
<li>May be played head-to-head with the players partnered with a player on the other team, who provide each other's inner- monologue when called upon.</li>
<li>May be played where the player must sing their thoughts. (Called “Inner Songologue”)</li>
</ul>","INNER MONOLOGUE
“The players will begin a scene, and throughout it I can blow my whistle and
call for a specific player to share their character’s inner-monologue.”
The referee gets a suggestion for the game, and the players begin with a
neutral scene. Whenever the referee wishes, they may interrupt the
game and call out a player. That player will step-forward and share their
character's inner-monologue. During their monologue, the other players
stand still, and do not acknowledge this break has happened, and while
the players have heard the monologue, their characters have not. Either
the referee or player may end the monologue and continue the scene
with the new information.
Alternate Names: Penny For Your Thoughts
Variations on this Game
●
May be played head-to-head with the players partnered with a
player on the other team, who provide each other's inner-
monologue when called upon.
●
May be played where the player must sing their thoughts. (Called
“Inner Songologue”)",A-ComedySportz-Games-Manual-v2.2 copy.pdf,,,Not Started,,,
17,INTERRUPTING ZEBRA,Team Games,Interrupt Games,29,29,29,interrupting-zebra,"“The players will begin a scene, and throughout it I can blow my whistle and make any changes I wish with a variety of commands.”","The referee gets a suggestion for the game, and the players begin with a neutral scene. Whenever the referee wishes, they may interrupt the game and call any command from any Interrupt Games. This includes “Forward,” “Reverse,” “New Choice,” etc. The players on the field will react appropriately.",,,,0,,,Auto-extracted - needs human spot check,"<h1>INTERRUPTING ZEBRA</h1>

<h2>Category</h2>
<p>Interrupt Games</p>

<h2>Referee Introduction</h2>
<blockquote><p>“The players will begin a scene, and throughout it I can blow my whistle and make any changes I wish with a variety of commands.”</p></blockquote>

<h2>Description</h2>
<p>The referee gets a suggestion for the game, and the players begin with a neutral scene. Whenever the referee wishes, they may interrupt the game and call any command from any Interrupt Games. This includes “Forward,” “Reverse,” “New Choice,” etc. The players on the field will react appropriately.</p>","INTERRUPTING ZEBRA
“The players will begin a scene, and throughout it I can blow my whistle and
make any changes I wish with a variety of commands.”
The referee gets a suggestion for the game, and the players begin with a
neutral scene. Whenever the referee wishes, they may interrupt the
game and call any command from any Interrupt Games. This includes
“Forward,” “Reverse,” “New Choice,” etc. The players on the field will
react appropriately.",A-ComedySportz-Games-Manual-v2.2 copy.pdf,,,Not Started,,,
18,NEW CHOICE,Team Games,Interrupt Games,30,30,30,new-choice,"“The players will begin a scene, and throughout it I can blow my whistle and call ‘New Choice!’ and the player will have to make a new choice.”","The referee gets a suggestion for the game, and the players begin with a neutral scene.  Whenever the referee wishes, they may interrupt the game and say, ""New Choice!"" The player who just spoke/acted has to replace the last action/line with something completely different. The referee keeps going until they or the fans hear something they like, and this becomes the new reality of the scene.",,,"●
May be played with the new choices having to rhyme with the last line of dialogue as well. (Called “New Rhyme”)
●
May be played with the players from the other team calling for the new choice by spraying the players with water bottles. (Called “Bad Kitty”)",2,New Rhyme; Bad Kitty,,Auto-extracted - needs human spot check,"<h1>NEW CHOICE</h1>

<h2>Category</h2>
<p>Interrupt Games</p>

<h2>Referee Introduction</h2>
<blockquote><p>“The players will begin a scene, and throughout it I can blow my whistle and call ‘New Choice!’ and the player will have to make a new choice.”</p></blockquote>

<h2>Description</h2>
<p>The referee gets a suggestion for the game, and the players begin with a neutral scene.  Whenever the referee wishes, they may interrupt the game and say, ""New Choice!"" The player who just spoke/acted has to replace the last action/line with something completely different. The referee keeps going until they or the fans hear something they like, and this becomes the new reality of the scene.</p>

<h2>Variations</h2>
<ul>
<li>May be played with the new choices having to rhyme with the last line of dialogue as well. (Called “New Rhyme”)</li>
<li>May be played with the players from the other team calling for the new choice by spraying the players with water bottles. (Called “Bad Kitty”)</li>
</ul>","NEW CHOICE
“The players will begin a scene, and throughout it I can blow my whistle and
call ‘New Choice!’ and the player will have to make a new choice.”
The referee gets a suggestion for the game, and the players begin with a
neutral scene.  Whenever the referee wishes, they may interrupt the
game and say, ""New Choice!"" The player who just spoke/acted has to
replace the last action/line with something completely different. The
referee keeps going until they or the fans hear something they like, and
this becomes the new reality of the scene.
Variations on this Game
●
May be played with the new choices having to rhyme with the
last line of dialogue as well. (Called “New Rhyme”)
●
May be played with the players from the other team calling for
the new choice by spraying the players with water bottles.
(Called “Bad Kitty”)",A-ComedySportz-Games-Manual-v2.2 copy.pdf,,,Not Started,,,
19,NITTY BRITTY,Team Games,Interrupt Games,31,31,31,nitty-britty,"“The players will begin a scene, and throughout it I can blow my whistle and call for them to become more or less British.”","The referee gets a suggestion for the game, and the players begin with a neutral scene.  Whenever the referee wishes, they may interrupt the game and instruct the player to become more or less British. If a player is British, they will become more or less American.",,,,0,,,Auto-extracted - needs human spot check,"<h1>NITTY BRITTY</h1>

<h2>Category</h2>
<p>Interrupt Games</p>

<h2>Referee Introduction</h2>
<blockquote><p>“The players will begin a scene, and throughout it I can blow my whistle and call for them to become more or less British.”</p></blockquote>

<h2>Description</h2>
<p>The referee gets a suggestion for the game, and the players begin with a neutral scene.  Whenever the referee wishes, they may interrupt the game and instruct the player to become more or less British. If a player is British, they will become more or less American.</p>","NITTY BRITTY
“The players will begin a scene, and throughout it I can blow my whistle and
call for them to become more or less British.”
The referee gets a suggestion for the game, and the players begin with a
neutral scene.  Whenever the referee wishes, they may interrupt the
game and instruct the player to become more or less British. If a player is
British, they will become more or less American.",A-ComedySportz-Games-Manual-v2.2 copy.pdf,,,Not Started,,,
20,OLD TIME COMIC,Team Games,Interrupt Games,32,32,32,old-time-comic,"“The players will begin a scene, and throughout it I can blow my whistle and call out a word said by a player. From there it is a surprise.”","The referee gets a suggestion for the game, and the players begin with a neutral scene.  Whenever the referee wishes, they may interrupt the game and call out a player and a word that was just used. That player will drop everything, jump out and declare in a Jimmy Durante-esque vaudevillian manner “Hey, Morty, did you hear the one about the (word called by referee)?” At this point, all players regardless of team will jump onto the field, and taking the same pose and voice clap their hands and respond “No, Morty, we didn’t hear the one about the (word called by referee)” The original player will deliver a pun based on that word, and all players jazz hands and say “Ha-cha-cha” and leave the field. Play then continues as if nothing happened.",Hey Morty; Vaudeville; Old School Stand-Up,,,0,,,Auto-extracted - needs human spot check,"<h1>OLD TIME COMIC</h1>

<h2>Category</h2>
<p>Interrupt Games</p>

<h2>Referee Introduction</h2>
<blockquote><p>“The players will begin a scene, and throughout it I can blow my whistle and call out a word said by a player. From there it is a surprise.”</p></blockquote>

<h2>Description</h2>
<p>The referee gets a suggestion for the game, and the players begin with a neutral scene.  Whenever the referee wishes, they may interrupt the game and call out a player and a word that was just used. That player will drop everything, jump out and declare in a Jimmy Durante-esque vaudevillian manner “Hey, Morty, did you hear the one about the (word called by referee)?” At this point, all players regardless of team will jump onto the field, and taking the same pose and voice clap their hands and respond “No, Morty, we didn’t hear the one about the (word called by referee)” The original player will deliver a pun based on that word, and all players jazz hands and say “Ha-cha-cha” and leave the field. Play then continues as if nothing happened.</p>

<h2>Alternate Names</h2>
<p>Hey Morty; Vaudeville; Old School Stand-Up</p>","OLD TIME COMIC
“The players will begin a scene, and throughout it I can blow my whistle and
call out a word said by a player. From there it is a surprise.”
The referee gets a suggestion for the game, and the players begin with a
neutral scene.  Whenever the referee wishes, they may interrupt the
game and call out a player and a word that was just used. That player will
drop everything, jump out and declare in a Jimmy Durante-esque
vaudevillian manner “Hey, Morty, did you hear the one about the (word
called by referee)?” At this point, all players regardless of team will jump
onto the field, and taking the same pose and voice clap their hands and
respond “No, Morty, we didn’t hear the one about the (word called by
referee)” The original player will deliver a pun based on that word, and
all players jazz hands and say “Ha-cha-cha” and leave the field. Play then
continues as if nothing happened.
Alternate Names: Hey Morty; Vaudeville; Old School Stand-Up",A-ComedySportz-Games-Manual-v2.2 copy.pdf,,,Not Started,,,
21,OSCAR WINNING MOMENT,Team Games,Interrupt Games,33,33,33,oscar-winning-moment,"“The players will begin a scene, and throughout it I can blow my whistle and call out a player, who will then show us the Oscar winning moment from that scene.”","The referee gets a suggestion for the game, and the players begin with a neutral scene.  Whenever the referee wishes, they may interrupt the game and call out a player who will then take a turn for the dramatic, delivering the moment that would be shown as to why they were nominated for an Oscar.  Either the referee or the player may end the moment. This moment is part of the reality.",,,"●
May be played with commands such as Best Action Scene or Best Kiss. (Called “MTV Movie Awards” or “Teen Choice Awards”)
●
May be played with the moments being sung in a Broadway fashion. (Called “Tony Winning Moment”)
●
May be played with the moments being rapped. (Called “Source Award Winning Moment”)",3,Tony Winning Moment; Source Award Winning Moment,,Auto-extracted - needs human spot check,"<h1>OSCAR WINNING MOMENT</h1>

<h2>Category</h2>
<p>Interrupt Games</p>

<h2>Referee Introduction</h2>
<blockquote><p>“The players will begin a scene, and throughout it I can blow my whistle and call out a player, who will then show us the Oscar winning moment from that scene.”</p></blockquote>

<h2>Description</h2>
<p>The referee gets a suggestion for the game, and the players begin with a neutral scene.  Whenever the referee wishes, they may interrupt the game and call out a player who will then take a turn for the dramatic, delivering the moment that would be shown as to why they were nominated for an Oscar.  Either the referee or the player may end the moment. This moment is part of the reality.</p>

<h2>Variations</h2>
<ul>
<li>May be played with commands such as Best Action Scene or Best Kiss. (Called “MTV Movie Awards” or “Teen Choice Awards”)</li>
<li>May be played with the moments being sung in a Broadway fashion. (Called “Tony Winning Moment”)</li>
<li>May be played with the moments being rapped. (Called “Source Award Winning Moment”)</li>
</ul>","OSCAR WINNING MOMENT
“The players will begin a scene, and throughout it I can blow my whistle and
call out a player, who will then show us the Oscar winning moment from that
scene.”
The referee gets a suggestion for the game, and the players begin with a
neutral scene.  Whenever the referee wishes, they may interrupt the
game and call out a player who will then take a turn for the dramatic,
delivering the moment that would be shown as to why they were
nominated for an Oscar.  Either the referee or the player may end the
moment. This moment is part of the reality.
Variations on this Game
●
May be played with commands such as Best Action Scene or Best
Kiss. (Called “MTV Movie Awards” or “Teen Choice Awards”)
●
May be played with the moments being sung in a Broadway
fashion. (Called “Tony Winning Moment”)
●
May be played with the moments being rapped. (Called “Source
Award Winning Moment”)",A-ComedySportz-Games-Manual-v2.2 copy.pdf,,,Not Started,,,
22,PARALLEL UNIVERSE,Team Games,Interrupt Games,34,34,34,parallel-universe,"“The players will begin a scene, and throughout it I can blow my whistle and call out a location, and they scene shifts to that location.”","The referee will get a list of three or four locations, chooses one as the starting point for the game, and the players begin a scene in that location. Whenever the referee wishes, they may interrupt the game and call out one of the other locations, and the players must justify their positions in that new location. The referee may also go to locations previously visited and the scenes that had been established there must continue with the new positions.",,,"●
May be played with the players dying in ridiculous ways, falling dead on the ground. When the locations shift, if a player is dead in that location they must quickly get back to where their body was, if they died in the scene previous but were alive in the other locations, they must justify why they were on the ground. The goal is to have all dead in all locations. (Called “Death Pendulum”)",1,Death Pendulum,,Auto-extracted - needs human spot check,"<h1>PARALLEL UNIVERSE</h1>

<h2>Category</h2>
<p>Interrupt Games</p>

<h2>Referee Introduction</h2>
<blockquote><p>“The players will begin a scene, and throughout it I can blow my whistle and call out a location, and they scene shifts to that location.”</p></blockquote>

<h2>Description</h2>
<p>The referee will get a list of three or four locations, chooses one as the starting point for the game, and the players begin a scene in that location. Whenever the referee wishes, they may interrupt the game and call out one of the other locations, and the players must justify their positions in that new location. The referee may also go to locations previously visited and the scenes that had been established there must continue with the new positions.</p>

<h2>Variations</h2>
<ul>
<li>May be played with the players dying in ridiculous ways, falling dead on the ground. When the locations shift, if a player is dead in that location they must quickly get back to where their body was, if they died in the scene previous but were alive in the other locations, they must justify why they were on the ground. The goal is to have all dead in all locations. (Called “Death Pendulum”)</li>
</ul>","PARALLEL UNIVERSE
“The players will begin a scene, and throughout it I can blow my whistle and
call out a location, and they scene shifts to that location.”
The referee will get a list of three or four locations, chooses one as the
starting point for the game, and the players begin a scene in that
location. Whenever the referee wishes, they may interrupt the game and
call out one of the other locations, and the players must justify their
positions in that new location. The referee may also go to locations
previously visited and the scenes that had been established there must
continue with the new positions.
Variations on this Game
●
May be played with the players dying in ridiculous ways, falling
dead on the ground. When the locations shift, if a player is dead
in that location they must quickly get back to where their body
was, if they died in the scene previous but were alive in the other
locations, they must justify why they were on the ground. The
goal is to have all dead in all locations. (Called “Death Pendulum”)",A-ComedySportz-Games-Manual-v2.2 copy.pdf,,,Not Started,,,
23,SCANTRON,Team Games,Interrupt Games,35,35,35,scantron,"“The players will begin a scene, and throughout it I can blow my whistle and ask the players what happens next, then you all will choose between the answers.”","The referee gets a suggestion for the game, and the players begin with a neutral scene. Whenever the referee wishes, they may interrupt the game and ask the players what happens next, while hovering a hand over their heads. After all the players have had a chance to voice what they believe happens next, the audience will select their answer, and it happens almost instantly.",,,"●
May be interrupted by players who will put their hand their hand on a player and suggest a scene for the two of them to do together. The players with the hands on them selects where to go next. (Called “Choose Your Own Adventure”)",1,Choose Your Own Adventure,,Auto-extracted - needs human spot check,"<h1>SCANTRON</h1>

<h2>Category</h2>
<p>Interrupt Games</p>

<h2>Referee Introduction</h2>
<blockquote><p>“The players will begin a scene, and throughout it I can blow my whistle and ask the players what happens next, then you all will choose between the answers.”</p></blockquote>

<h2>Description</h2>
<p>The referee gets a suggestion for the game, and the players begin with a neutral scene. Whenever the referee wishes, they may interrupt the game and ask the players what happens next, while hovering a hand over their heads. After all the players have had a chance to voice what they believe happens next, the audience will select their answer, and it happens almost instantly.</p>

<h2>Variations</h2>
<ul>
<li>May be interrupted by players who will put their hand their hand on a player and suggest a scene for the two of them to do together. The players with the hands on them selects where to go next. (Called “Choose Your Own Adventure”)</li>
</ul>","SCANTRON
“The players will begin a scene, and throughout it I can blow my whistle and
ask the players what happens next, then you all will choose between the
answers.”
The referee gets a suggestion for the game, and the players begin with a
neutral scene. Whenever the referee wishes, they may interrupt the
game and ask the players what happens next, while hovering a hand over
their heads. After all the players have had a chance to voice what they
believe happens next, the audience will select their answer, and it
happens almost instantly.
Variations on this Game
●
May be interrupted by players who will put their hand their hand
on a player and suggest a scene for the two of them to do
together. The players with the hands on them selects where to go
next. (Called “Choose Your Own Adventure”)",A-ComedySportz-Games-Manual-v2.2 copy.pdf,,,Not Started,,,
24,SOAP OPERA,Team Games,Interrupt Games,36,36,36,soap-opera,"“The players will perform a soap opera scene, and whenever they hear a musical sting, one character’s inner thoughts will be exposed.”","The referee gets a suggestion for the game, places a stool center-field, and the players begin a scene in the style of a dramatic soap opera. Whenever the announcer wishes, they will play a dramatic sting, and one player will step to the stool looking towards the audience with a far-off gaze. The announcer then provides their innermost thoughts and secrets, which must be justified into the scene.",,,"●
May be played with the other team providing the inner thoughts of the players.",1,,,Auto-extracted - needs human spot check,"<h1>SOAP OPERA</h1>

<h2>Category</h2>
<p>Interrupt Games</p>

<h2>Referee Introduction</h2>
<blockquote><p>“The players will perform a soap opera scene, and whenever they hear a musical sting, one character’s inner thoughts will be exposed.”</p></blockquote>

<h2>Description</h2>
<p>The referee gets a suggestion for the game, places a stool center-field, and the players begin a scene in the style of a dramatic soap opera. Whenever the announcer wishes, they will play a dramatic sting, and one player will step to the stool looking towards the audience with a far-off gaze. The announcer then provides their innermost thoughts and secrets, which must be justified into the scene.</p>

<h2>Variations</h2>
<ul>
<li>May be played with the other team providing the inner thoughts of the players.</li>
</ul>","SOAP OPERA
“The players will perform a soap opera scene, and whenever they hear a
musical sting, one character’s inner thoughts will be exposed.”
The referee gets a suggestion for the game, places a stool center-field,
and the players begin a scene in the style of a dramatic soap opera.
Whenever the announcer wishes, they will play a dramatic sting, and one
player will step to the stool looking towards the audience with a far-off
gaze. The announcer then provides their innermost thoughts and
secrets, which must be justified into the scene.
Variations on this Game
●
May be played with the other team providing the inner thoughts
of the players.",A-ComedySportz-Games-Manual-v2.2 copy.pdf,,,Not Started,,,
25,SPIN-OFF,Team Games,Interrupt Games,37,37,37,spin-off,"“The team will perform a scene, and whenever I wish I can call for a character to have their own spin-off.”","The referee gets a suggestion for the game, and the players begin a neutral scene. Whenever the referee wishes, the will interrupt the scene and call for one of the characters to have a spin-off scene, and get a suggestion of a genre from the audience. The players now perform the new scene. This repeats until the end of the game.",,,"●
May be played head-to-head.",1,,,Auto-extracted - needs human spot check,"<h1>SPIN-OFF</h1>

<h2>Category</h2>
<p>Interrupt Games</p>

<h2>Referee Introduction</h2>
<blockquote><p>“The team will perform a scene, and whenever I wish I can call for a character to have their own spin-off.”</p></blockquote>

<h2>Description</h2>
<p>The referee gets a suggestion for the game, and the players begin a neutral scene. Whenever the referee wishes, the will interrupt the scene and call for one of the characters to have a spin-off scene, and get a suggestion of a genre from the audience. The players now perform the new scene. This repeats until the end of the game.</p>

<h2>Variations</h2>
<ul>
<li>May be played head-to-head.</li>
</ul>","SPIN-OFF
“The team will perform a scene, and whenever I wish I can call for a character
to have their own spin-off.”
The referee gets a suggestion for the game, and the players begin a
neutral scene. Whenever the referee wishes, the will interrupt the scene
and call for one of the characters to have a spin-off scene, and get a
suggestion of a genre from the audience. The players now perform the
new scene. This repeats until the end of the game.
Variations on this Game
●
May be played head-to-head.",A-ComedySportz-Games-Manual-v2.2 copy.pdf,,,Not Started,,,
26,START OVER,Team Games,Interrupt Games,38,38,38,start-over,"“The team will perform a scene beginning with a specific action, and whenever I wish I can call for the game to start over.”","The referee gets a suggestion of a physical action for the game. The players will begin a scene where one player is doing the action, and the others making it make sense. Whenever the referee wishes, the will interrupt the scene and call for the players to “Start Over.” When this happens, one player will begin doing the original activity, and a new scene starts. This repeats until the end of the game.",,,"●
May be played head-to-head with the teams switching each time the referee calls “Start over.”",1,,,Auto-extracted - needs human spot check,"<h1>START OVER</h1>

<h2>Category</h2>
<p>Interrupt Games</p>

<h2>Referee Introduction</h2>
<blockquote><p>“The team will perform a scene beginning with a specific action, and whenever I wish I can call for the game to start over.”</p></blockquote>

<h2>Description</h2>
<p>The referee gets a suggestion of a physical action for the game. The players will begin a scene where one player is doing the action, and the others making it make sense. Whenever the referee wishes, the will interrupt the scene and call for the players to “Start Over.” When this happens, one player will begin doing the original activity, and a new scene starts. This repeats until the end of the game.</p>

<h2>Variations</h2>
<ul>
<li>May be played head-to-head with the teams switching each time the referee calls “Start over.”</li>
</ul>","START OVER
“The team will perform a scene beginning with a specific action, and whenever
I wish I can call for the game to start over.”
The referee gets a suggestion of a physical action for the game. The
players will begin a scene where one player is doing the action, and the
others making it make sense. Whenever the referee wishes, the will
interrupt the scene and call for the players to “Start Over.” When this
happens, one player will begin doing the original activity, and a new
scene starts. This repeats until the end of the game.
Variations on this Game
●
May be played head-to-head with the teams switching each time
the referee calls “Start over.”",A-ComedySportz-Games-Manual-v2.2 copy.pdf,,,Not Started,,,
27,STUNT DOUBLE,Team Games,Interrupt Games,39,39,39,stunt-double,"“The players will be doing a scene, and throughout it I can blow my whistle and call for stunt doubles for the dangerous stuff.”","The referee gets a suggestion for the game, and the players begin a with a neutral scene. Whenever the referee wishes, they may interrupt the game and call for a stunt double who will come in tap out a player and perform the next action in a highly over the top dangerous fashion. The stunt double may be a player from their team or the other team. The actions taken by the stunt double change the realty.",,,"●
May be interrupted by players rather than the referee.
●
May be played with the referee calling for the “Evil Twin” instead, and a player from the other team taps out a player and does something evil. (Called “Evil Twin”)",2,Evil Twin,,Auto-extracted - needs human spot check,"<h1>STUNT DOUBLE</h1>

<h2>Category</h2>
<p>Interrupt Games</p>

<h2>Referee Introduction</h2>
<blockquote><p>“The players will be doing a scene, and throughout it I can blow my whistle and call for stunt doubles for the dangerous stuff.”</p></blockquote>

<h2>Description</h2>
<p>The referee gets a suggestion for the game, and the players begin a with a neutral scene. Whenever the referee wishes, they may interrupt the game and call for a stunt double who will come in tap out a player and perform the next action in a highly over the top dangerous fashion. The stunt double may be a player from their team or the other team. The actions taken by the stunt double change the realty.</p>

<h2>Variations</h2>
<ul>
<li>May be interrupted by players rather than the referee.</li>
<li>May be played with the referee calling for the “Evil Twin” instead, and a player from the other team taps out a player and does something evil. (Called “Evil Twin”)</li>
</ul>","STUNT DOUBLE
“The players will be doing a scene, and throughout it I can blow my whistle
and call for stunt doubles for the dangerous stuff.”
The referee gets a suggestion for the game, and the players begin a with
a neutral scene. Whenever the referee wishes, they may interrupt the
game and call for a stunt double who will come in tap out a player and
perform the next action in a highly over the top dangerous fashion. The
stunt double may be a player from their team or the other team. The
actions taken by the stunt double change the realty.
Variations on this Game
●
May be interrupted by players rather than the referee.
●
May be played with the referee calling for the “Evil Twin” instead,
and a player from the other team taps out a player and does
something evil. (Called “Evil Twin”)",A-ComedySportz-Games-Manual-v2.2 copy.pdf,,,Not Started,,,
28,SWITCH,Team Games,Interrupt Games,40,40,40,switch,"“The team will do a scene, and throughout it I can blow my whistle and change their scene between normal and the genre.”","The referee gets a suggestion for the game, and a genre. The players begin with a neutral scene.  Whenever the referee wishes, they may interrupt the game and call out “Switch!” and the players must immediately switch from their normal scene to the genre given, and vice- versa.",,,"●
May be played with a predetermined genre. (Called “____ Switch” depending on the predetermined genre.)
●
May be played with switching between the style of speaking rather than the genre. (Called “Gibberish Switch,” “Shakespeare Switch,” “Seuss Switch,” “Rap Switch,” etc.)
●
May be played with switching between two genres, such as Rapping and Shakespeare (Called “Slamlet”)",3,Slamlet,,Auto-extracted - needs human spot check,"<h1>SWITCH</h1>

<h2>Category</h2>
<p>Interrupt Games</p>

<h2>Referee Introduction</h2>
<blockquote><p>“The team will do a scene, and throughout it I can blow my whistle and change their scene between normal and the genre.”</p></blockquote>

<h2>Description</h2>
<p>The referee gets a suggestion for the game, and a genre. The players begin with a neutral scene.  Whenever the referee wishes, they may interrupt the game and call out “Switch!” and the players must immediately switch from their normal scene to the genre given, and vice- versa.</p>

<h2>Variations</h2>
<ul>
<li>May be played with a predetermined genre. (Called “____ Switch” depending on the predetermined genre.)</li>
<li>May be played with switching between the style of speaking rather than the genre. (Called “Gibberish Switch,” “Shakespeare Switch,” “Seuss Switch,” “Rap Switch,” etc.)</li>
<li>May be played with switching between two genres, such as Rapping and Shakespeare (Called “Slamlet”)</li>
</ul>","SWITCH
“The team will do a scene, and throughout it I can blow my whistle and change
their scene between normal and the genre.”
The referee gets a suggestion for the game, and a genre. The players
begin with a neutral scene.  Whenever the referee wishes, they may
interrupt the game and call out “Switch!” and the players must
immediately switch from their normal scene to the genre given, and vice-
versa.
Variations on this Game
●
May be played with a predetermined genre. (Called “____ Switch”
depending on the predetermined genre.)
●
May be played with switching between the style of speaking
rather than the genre. (Called “Gibberish Switch,” “Shakespeare
Switch,” “Seuss Switch,” “Rap Switch,” etc.)
●
May be played with switching between two genres, such as
Rapping and Shakespeare (Called “Slamlet”)",A-ComedySportz-Games-Manual-v2.2 copy.pdf,,,Not Started,,,
29,SYNONYM ROLL,Team Games,Interrupt Games,41,41,41,synonym-roll,"“The players will begin a scene, and throughout it I can blow my whistle and the players will begin to list synonyms for what they just said.”","The referee gets a suggestion for the game, and the players begin with a neutral scene. Whenever the referee wishes, they may interrupt the game and repeat a word, the player who said that word will begin to list synonyms for that word as quickly as possible. When the referee hears one they like, they will blow their whistle a second time and repeat the new word. From then forward anytime the original word should be said it is replaced with the synonym.",,,,0,,,Auto-extracted - needs human spot check,"<h1>SYNONYM ROLL</h1>

<h2>Category</h2>
<p>Interrupt Games</p>

<h2>Referee Introduction</h2>
<blockquote><p>“The players will begin a scene, and throughout it I can blow my whistle and the players will begin to list synonyms for what they just said.”</p></blockquote>

<h2>Description</h2>
<p>The referee gets a suggestion for the game, and the players begin with a neutral scene. Whenever the referee wishes, they may interrupt the game and repeat a word, the player who said that word will begin to list synonyms for that word as quickly as possible. When the referee hears one they like, they will blow their whistle a second time and repeat the new word. From then forward anytime the original word should be said it is replaced with the synonym.</p>","SYNONYM ROLL
“The players will begin a scene, and throughout it I can blow my whistle and
the players will begin to list synonyms for what they just said.”
The referee gets a suggestion for the game, and the players begin with a
neutral scene. Whenever the referee wishes, they may interrupt the
game and repeat a word, the player who said that word will begin to list
synonyms for that word as quickly as possible. When the referee hears
one they like, they will blow their whistle a second time and repeat the
new word. From then forward anytime the original word should be said
it is replaced with the synonym.",A-ComedySportz-Games-Manual-v2.2 copy.pdf,,,Not Started,,,
30,TAG TEAM MONOLOGUE,Team Games,Interrupt Games,42,42,42,tag-team-monologue,"“The players will begin a monologue, however whenever they tap each other out they will switch who is telling the story.”","The referee gets a suggestion for the game, and the players line up behind one another. The player in the front begins to tell a story or monologue based on the suggestion, then at any point in time the player behind them will tap them on the shoulder and take over where they left off, as the same character. The tap-outs get faster as the game progresses.",,,"●
May be played head-to-head with one player acting out everything the other team says during their storytelling. The referee will switch between the teams telling the story and acting it out. (Called “Tag Team Tale”)",1,Tag Team Tale,,Auto-extracted - needs human spot check,"<h1>TAG TEAM MONOLOGUE</h1>

<h2>Category</h2>
<p>Interrupt Games</p>

<h2>Referee Introduction</h2>
<blockquote><p>“The players will begin a monologue, however whenever they tap each other out they will switch who is telling the story.”</p></blockquote>

<h2>Description</h2>
<p>The referee gets a suggestion for the game, and the players line up behind one another. The player in the front begins to tell a story or monologue based on the suggestion, then at any point in time the player behind them will tap them on the shoulder and take over where they left off, as the same character. The tap-outs get faster as the game progresses.</p>

<h2>Variations</h2>
<ul>
<li>May be played head-to-head with one player acting out everything the other team says during their storytelling. The referee will switch between the teams telling the story and acting it out. (Called “Tag Team Tale”)</li>
</ul>","TAG TEAM MONOLOGUE
“The players will begin a monologue, however whenever they tap each other
out they will switch who is telling the story.”
The referee gets a suggestion for the game, and the players line up
behind one another. The player in the front begins to tell a story or
monologue based on the suggestion, then at any point in time the player
behind them will tap them on the shoulder and take over where they left
off, as the same character. The tap-outs get faster as the game
progresses.
Variations on this Game
●
May be played head-to-head with one player acting out
everything the other team says during their storytelling. The
referee will switch between the teams telling the story and
acting it out. (Called “Tag Team Tale”)",A-ComedySportz-Games-Manual-v2.2 copy.pdf,,,Not Started,,,
31,BASIC REPLAY,Team Games,Replay Games,45,45,45,basic-replay,"(Start of the game) “The players will play a short setup scene, and I will be back to explain the rest in a moment.”
(After getting the style suggestions) “Now the players will replay the scene in the different styles.”","The referee gets a suggestion for the game, and the players begin with a neutral scene. After the scene is done, the referee will gather a list of styles for the players to replay the scene in. These can be genres of film, television, theatre, literature, or music. They can also get voices, accents, letters for alliteration, emotions, or animals for each of the players. The style of replay is really up to the referee. After getting the three replay styles, the team playing the game chooses the order to do the replays in, mapping the new styles over the original scene.",Replay; Genre Replay,,"●
May be played head-to-head with the teams alternating when replaying the scenes. May do a new setup scene after each team has done a replay. (Called “Mega Replay”)
●
May be played where the genres layer upon each other. (Called “Pileup Replay”)",2,Mega Replay; Pileup Replay,,Auto-extracted - needs human spot check,"<h1>BASIC REPLAY</h1>

<h2>Category</h2>
<p>Replay Games</p>

<h2>Referee Introduction</h2>
<blockquote><p>(Start of the game) “The players will play a short setup scene, and I will be back to explain the rest in a moment.”<br>(After getting the style suggestions) “Now the players will replay the scene in the different styles.”</p></blockquote>

<h2>Description</h2>
<p>The referee gets a suggestion for the game, and the players begin with a neutral scene. After the scene is done, the referee will gather a list of styles for the players to replay the scene in. These can be genres of film, television, theatre, literature, or music. They can also get voices, accents, letters for alliteration, emotions, or animals for each of the players. The style of replay is really up to the referee. After getting the three replay styles, the team playing the game chooses the order to do the replays in, mapping the new styles over the original scene.</p>

<h2>Alternate Names</h2>
<p>Replay; Genre Replay</p>

<h2>Variations</h2>
<ul>
<li>May be played head-to-head with the teams alternating when replaying the scenes. May do a new setup scene after each team has done a replay. (Called “Mega Replay”)</li>
<li>May be played where the genres layer upon each other. (Called “Pileup Replay”)</li>
</ul>","BASIC REPLAY
(Start of the game) “The players will play a short setup scene, and I will be
back to explain the rest in a moment.”
(After getting the style suggestions) “Now the players will replay the scene
in the different styles.”
The referee gets a suggestion for the game, and the players begin with a
neutral scene. After the scene is done, the referee will gather a list of
styles for the players to replay the scene in. These can be genres of film,
television, theatre, literature, or music. They can also get voices, accents,
letters for alliteration, emotions, or animals for each of the players. The
style of replay is really up to the referee.
After getting the three replay styles, the team playing the game chooses
the order to do the replays in, mapping the new styles over the original
scene.
Alternate Names: Replay; Genre Replay
Variations on this Game
●
May be played head-to-head with the teams alternating when
replaying the scenes. May do a new setup scene after each team
has done a replay. (Called “Mega Replay”)
●
May be played where the genres layer upon each other. (Called
“Pileup Replay”)",A-ComedySportz-Games-Manual-v2.2 copy.pdf,,,Not Started,,,
32,BIG FISH,Team Games,Replay Games,46,46,46,big-fish,"(Start of the game) “The players will play a short setup scene, and I will be back to explain the rest in a moment.”
(After getting the style suggestions) “Now the players will replay the scene in a more exaggerated fashion.”","The referee gets a suggestion for the game, and the players begin with a neutral scene. After the scene is done, the referee will challenge them to make the scene more exaggerated. They replay the scene three times, making it more exaggerated each time.",Whale’s Tale,,"●
May be played head-to-head with the teams alternating when replaying the scenes.",1,,,Auto-extracted - needs human spot check,"<h1>BIG FISH</h1>

<h2>Category</h2>
<p>Replay Games</p>

<h2>Referee Introduction</h2>
<blockquote><p>(Start of the game) “The players will play a short setup scene, and I will be back to explain the rest in a moment.”<br>(After getting the style suggestions) “Now the players will replay the scene in a more exaggerated fashion.”</p></blockquote>

<h2>Description</h2>
<p>The referee gets a suggestion for the game, and the players begin with a neutral scene. After the scene is done, the referee will challenge them to make the scene more exaggerated. They replay the scene three times, making it more exaggerated each time.</p>

<h2>Alternate Names</h2>
<p>Whale’s Tale</p>

<h2>Variations</h2>
<ul>
<li>May be played head-to-head with the teams alternating when replaying the scenes.</li>
</ul>","BIG FISH
(Start of the game) “The players will play a short setup scene, and I will be
back to explain the rest in a moment.”
(After getting the style suggestions) “Now the players will replay the scene
in a more exaggerated fashion.”
The referee gets a suggestion for the game, and the players begin with a
neutral scene. After the scene is done, the referee will challenge them to
make the scene more exaggerated. They replay the scene three times,
making it more exaggerated each time.
Alternate Names:  Whale’s Tale
Variations on this Game
●
May be played head-to-head with the teams alternating when
replaying the scenes.",A-ComedySportz-Games-Manual-v2.2 copy.pdf,,,Not Started,,,
33,COUNTDOWN,Team Games,Replay Games,47,47,47,countdown,"(Start of the game) “The players will play a 60-90 second setup scene, and I will be back to explain the rest in a moment.”
(After getting the style suggestions) “Now the players will replay the scene in half of the time the original took.”","The referee gets a suggestion for the game, and the players begin with a neutral scene. After the scene is done, the referee will cut the time in half, forcing the scene to get faster. This happens multiple times, until the final scene is replayed in under five seconds.",Half-Life,,,0,,,Auto-extracted - needs human spot check,"<h1>COUNTDOWN</h1>

<h2>Category</h2>
<p>Replay Games</p>

<h2>Referee Introduction</h2>
<blockquote><p>(Start of the game) “The players will play a 60-90 second setup scene, and I will be back to explain the rest in a moment.”<br>(After getting the style suggestions) “Now the players will replay the scene in half of the time the original took.”</p></blockquote>

<h2>Description</h2>
<p>The referee gets a suggestion for the game, and the players begin with a neutral scene. After the scene is done, the referee will cut the time in half, forcing the scene to get faster. This happens multiple times, until the final scene is replayed in under five seconds.</p>

<h2>Alternate Names</h2>
<p>Half-Life</p>","COUNTDOWN
(Start of the game) “The players will play a 60-90 second setup scene, and I
will be back to explain the rest in a moment.”
(After getting the style suggestions) “Now the players will replay the scene
in half of the time the original took.”
The referee gets a suggestion for the game, and the players begin with a
neutral scene. After the scene is done, the referee will cut the time in
half, forcing the scene to get faster. This happens multiple times, until the
final scene is replayed in under five seconds.
Alternate Names: Half-Life",A-ComedySportz-Games-Manual-v2.2 copy.pdf,,,Not Started,,,
34,GROUNDHOG’S REPLAY,Team Games,Replay Games,48,48,48,groundhogs-replay,"(Start of the game) “The players will play a setup scene, and I will be back to explain the rest in a moment.”
(After getting the style suggestions) “Now the players will replay the scene, but one player’s character knows they have done the scene before.”","The referee gets a suggestion for the game, and the players begin with a neutral scene. After the scene is done, the referee will choose a player to be the Groundhog, who relives the scene. The first replay is the first time they have lived through it, the second time is a number less than 50, and the final time is any number at all. These numbers are provided by the audience.",,,,0,,,Auto-extracted - needs human spot check,"<h1>GROUNDHOG’S REPLAY</h1>

<h2>Category</h2>
<p>Replay Games</p>

<h2>Referee Introduction</h2>
<blockquote><p>(Start of the game) “The players will play a setup scene, and I will be back to explain the rest in a moment.”<br>(After getting the style suggestions) “Now the players will replay the scene, but one player’s character knows they have done the scene before.”</p></blockquote>

<h2>Description</h2>
<p>The referee gets a suggestion for the game, and the players begin with a neutral scene. After the scene is done, the referee will choose a player to be the Groundhog, who relives the scene. The first replay is the first time they have lived through it, the second time is a number less than 50, and the final time is any number at all. These numbers are provided by the audience.</p>","GROUNDHOG’S REPLAY
(Start of the game) “The players will play a setup scene, and I will be back to
explain the rest in a moment.”
(After getting the style suggestions) “Now the players will replay the scene,
but one player’s character knows they have done the scene before.”
The referee gets a suggestion for the game, and the players begin with a
neutral scene. After the scene is done, the referee will choose a player to
be the Groundhog, who relives the scene. The first replay is the first time
they have lived through it, the second time is a number less than 50, and
the final time is any number at all. These numbers are provided by the
audience.",A-ComedySportz-Games-Manual-v2.2 copy.pdf,,,Not Started,,,
35,GROUNDHOG’S REPLAY,Team Games,Replay Games,49,49,49,groundhogs-replay,"(Start of the game) “The players will play a setup scene, and I will be back to explain the rest in a moment.”
(After getting the style suggestions) “Now the players will replay the scene, but one player’s character knows they have done the scene before.”","The referee gets a suggestion for the game, and the players begin with a neutral scene. After the scene is done, the referee will choose a player to be the Groundhog, who relives the scene. The first replay is the first time they have lived through it, the second time is a number less than 50, and the final time is any number at all. These numbers are provided by the audience.",,,,0,,Yes,Auto-extracted - needs human spot check,"<h1>GROUNDHOG’S REPLAY</h1>

<h2>Category</h2>
<p>Replay Games</p>

<h2>Referee Introduction</h2>
<blockquote><p>(Start of the game) “The players will play a setup scene, and I will be back to explain the rest in a moment.”<br>(After getting the style suggestions) “Now the players will replay the scene, but one player’s character knows they have done the scene before.”</p></blockquote>

<h2>Description</h2>
<p>The referee gets a suggestion for the game, and the players begin with a neutral scene. After the scene is done, the referee will choose a player to be the Groundhog, who relives the scene. The first replay is the first time they have lived through it, the second time is a number less than 50, and the final time is any number at all. These numbers are provided by the audience.</p>","GROUNDHOG’S REPLAY
(Start of the game) “The players will play a setup scene, and I will be back to
explain the rest in a moment.”
(After getting the style suggestions) “Now the players will replay the scene,
but one player’s character knows they have done the scene before.”
The referee gets a suggestion for the game, and the players begin with a
neutral scene. After the scene is done, the referee will choose a player to
be the Groundhog, who relives the scene. The first replay is the first time
they have lived through it, the second time is a number less than 50, and
the final time is any number at all. These numbers are provided by the
audience.",A-ComedySportz-Games-Manual-v2.2 copy.pdf,,,Not Started,,,
36,HIGHLANDER,Team Games,Replay Games,50,50,50,highlander,"(Start of the game) “The players will play a setup scene, and I will be back to explain the rest in a moment.”
(After getting the style suggestions) “Now the players will replay the scene, but one of the players is now gone, and the others must fill in for them.”","The referee gets a suggestion for the game, and the players begin with a neutral scene. After the scene is done, the referee will have the audience choose a player at random to sit out. Their character is filled in for by the other players still in the game. This continues until there is only one player left.","Eliminator Replay, Elimination Replay",,,0,,,Auto-extracted - needs human spot check,"<h1>HIGHLANDER</h1>

<h2>Category</h2>
<p>Replay Games</p>

<h2>Referee Introduction</h2>
<blockquote><p>(Start of the game) “The players will play a setup scene, and I will be back to explain the rest in a moment.”<br>(After getting the style suggestions) “Now the players will replay the scene, but one of the players is now gone, and the others must fill in for them.”</p></blockquote>

<h2>Description</h2>
<p>The referee gets a suggestion for the game, and the players begin with a neutral scene. After the scene is done, the referee will have the audience choose a player at random to sit out. Their character is filled in for by the other players still in the game. This continues until there is only one player left.</p>

<h2>Alternate Names</h2>
<p>Eliminator Replay, Elimination Replay</p>","HIGHLANDER
(Start of the game) “The players will play a setup scene, and I will be back to
explain the rest in a moment.”
(After getting the style suggestions) “Now the players will replay the scene,
but one of the players is now gone, and the others must fill in for them.”
The referee gets a suggestion for the game, and the players begin with a
neutral scene. After the scene is done, the referee will have the audience
choose a player at random to sit out. Their character is filled in for by the
other players still in the game. This continues until there is only one
player left.
Alternate Names: Eliminator Replay, Elimination Replay",A-ComedySportz-Games-Manual-v2.2 copy.pdf,,,Not Started,,,
37,MULTIPLICITY,Team Games,Replay Games,51,51,51,multiplicity,"(Start of the game) “One player will do a scene playing multiple characters, and I will be back to explain the rest in a moment.”
(After getting the style suggestions) “Now we will add one player at a time to expand the scene, until all players are involved.”","The referee gets a suggestion for the game, and a single player begins with a simple fast scene with multiple characters, generally at least one for each player on their team. After the scene is done, the referee will have the audience choose a player at random to join in. They help the first player to expand the scene, a little more. This continues until all players are in aa fully fleshed out scene, playing their own characters.",,,,0,,,Auto-extracted - needs human spot check,"<h1>MULTIPLICITY</h1>

<h2>Category</h2>
<p>Replay Games</p>

<h2>Referee Introduction</h2>
<blockquote><p>(Start of the game) “One player will do a scene playing multiple characters, and I will be back to explain the rest in a moment.”<br>(After getting the style suggestions) “Now we will add one player at a time to expand the scene, until all players are involved.”</p></blockquote>

<h2>Description</h2>
<p>The referee gets a suggestion for the game, and a single player begins with a simple fast scene with multiple characters, generally at least one for each player on their team. After the scene is done, the referee will have the audience choose a player at random to join in. They help the first player to expand the scene, a little more. This continues until all players are in aa fully fleshed out scene, playing their own characters.</p>","MULTIPLICITY
(Start of the game) “One player will do a scene playing multiple characters,
and I will be back to explain the rest in a moment.”
(After getting the style suggestions) “Now we will add one player at a time
to expand the scene, until all players are involved.”
The referee gets a suggestion for the game, and a single player begins
with a simple fast scene with multiple characters, generally at least one
for each player on their team. After the scene is done, the referee will
have the audience choose a player at random to join in. They help the
first player to expand the scene, a little more. This continues until all
players are in aa fully fleshed out scene, playing their own characters.",A-ComedySportz-Games-Manual-v2.2 copy.pdf,,,Not Started,,,
38,MULTIVERSE,Team Games,Replay Games,52,52,52,multiverse,"(Start of the game) “The players will play a short setup scene, and I will be back to explain the rest in a moment.”
(After getting the style suggestions) “Now the players will replay the scene, but if different choice were made.”","The referee gets a suggestion for the game, and the players begin with a neutral scene. After the scene is done, the referee will have them replay it, but changing something in the scene, such as the location, an item used, or just a new choice being made based on suggestions from the audience for each replay.",Replay-cement,,"●
May be played with the referee calling “New Choice!” to a player early on in a replay, which will change the whole scene.",1,,,Auto-extracted - needs human spot check,"<h1>MULTIVERSE</h1>

<h2>Category</h2>
<p>Replay Games</p>

<h2>Referee Introduction</h2>
<blockquote><p>(Start of the game) “The players will play a short setup scene, and I will be back to explain the rest in a moment.”<br>(After getting the style suggestions) “Now the players will replay the scene, but if different choice were made.”</p></blockquote>

<h2>Description</h2>
<p>The referee gets a suggestion for the game, and the players begin with a neutral scene. After the scene is done, the referee will have them replay it, but changing something in the scene, such as the location, an item used, or just a new choice being made based on suggestions from the audience for each replay.</p>

<h2>Alternate Names</h2>
<p>Replay-cement</p>

<h2>Variations</h2>
<ul>
<li>May be played with the referee calling “New Choice!” to a player early on in a replay, which will change the whole scene.</li>
</ul>","MULTIVERSE
(Start of the game) “The players will play a short setup scene, and I will be
back to explain the rest in a moment.”
(After getting the style suggestions) “Now the players will replay the scene,
but if different choice were made.”
The referee gets a suggestion for the game, and the players begin with a
neutral scene. After the scene is done, the referee will have them replay
it, but changing something in the scene, such as the location, an item
used, or just a new choice being made based on suggestions from the
audience for each replay.
Alternate Names: Replay-cement
Variations on this Game
●
May be played with the referee calling “New Choice!” to a player
early on in a replay, which will change the whole scene.",A-ComedySportz-Games-Manual-v2.2 copy.pdf,,,Not Started,,,
39,NAIVE REPLAY,Team Games,Replay Games,53,53,53,naive-replay,"(Start of the game) “One player will do a scene leaving breaks for other characters, and I will be back to explain the rest in a moment.”
(After getting the style suggestions) “Now we will add one player at a time to expand the scene, until all players are involved.”","The referee sends all but one player out of the arena. The referee gets a suggestion for the game, and a single player will perform a full scene, leaving gaps for other players to fill in. The referee will then call in one player at a time, who will fill in the gaps in the scene. It is important the players do not change their actions, lines, or emotional response from replay to replay. The final player must fill in the rest of the gaps.",Extreme Naive Replay,,"●
May be played with only one player going out under the same name, and with all but one going out under the name “Extreme Naive Replay.”
●
May be played with a different genre mapped on top of each replay. (Called “Ultra Naive Replay”)
●
May be played head-to-head with one player from each team staying in, and then alternating between players from each team joining in each replay. (Called “Mega Extreme Naive Replay”)
●
May be played head-to-head, alternating between a player from each team joining in each replay. (Called “Mega Naive Replay”)
●
May be played head-to-head, alternating between a player from each team joining in each replay, with a different genre mapped on top of each replay. (Called “Mega Ultra Naive Replay”)",5,Ultra Naive Replay; Mega Extreme Naive Replay; Mega Naive Replay; Mega Ultra Naive Replay,,Auto-extracted - needs human spot check,"<h1>NAIVE REPLAY</h1>

<h2>Category</h2>
<p>Replay Games</p>

<h2>Referee Introduction</h2>
<blockquote><p>(Start of the game) “One player will do a scene leaving breaks for other characters, and I will be back to explain the rest in a moment.”<br>(After getting the style suggestions) “Now we will add one player at a time to expand the scene, until all players are involved.”</p></blockquote>

<h2>Description</h2>
<p>The referee sends all but one player out of the arena. The referee gets a suggestion for the game, and a single player will perform a full scene, leaving gaps for other players to fill in. The referee will then call in one player at a time, who will fill in the gaps in the scene. It is important the players do not change their actions, lines, or emotional response from replay to replay. The final player must fill in the rest of the gaps.</p>

<h2>Alternate Names</h2>
<p>Extreme Naive Replay</p>

<h2>Variations</h2>
<ul>
<li>May be played with only one player going out under the same name, and with all but one going out under the name “Extreme Naive Replay.”</li>
<li>May be played with a different genre mapped on top of each replay. (Called “Ultra Naive Replay”)</li>
<li>May be played head-to-head with one player from each team staying in, and then alternating between players from each team joining in each replay. (Called “Mega Extreme Naive Replay”)</li>
<li>May be played head-to-head, alternating between a player from each team joining in each replay. (Called “Mega Naive Replay”)</li>
<li>May be played head-to-head, alternating between a player from each team joining in each replay, with a different genre mapped on top of each replay. (Called “Mega Ultra Naive Replay”)</li>
</ul>","NAIVE REPLAY
(Start of the game) “One player will do a scene leaving breaks for other
characters, and I will be back to explain the rest in a moment.”
(After getting the style suggestions) “Now we will add one player at a time
to expand the scene, until all players are involved.”
The referee sends all but one player out of the arena. The referee gets a
suggestion for the game, and a single player will perform a full scene,
leaving gaps for other players to fill in. The referee will then call in one
player at a time, who will fill in the gaps in the scene. It is important the
players do not change their actions, lines, or emotional response from
replay to replay. The final player must fill in the rest of the gaps.
Alternate Names: Extreme Naive Replay
Variations on this Game
●
May be played with only one player going out under the same
name, and with all but one going out under the name “Extreme
Naive Replay.”
●
May be played with a different genre mapped on top of each
replay. (Called “Ultra Naive Replay”)
●
May be played head-to-head with one player from each team
staying in, and then alternating between players from each team
joining in each replay. (Called “Mega Extreme Naive Replay”)
●
May be played head-to-head, alternating between a player from
each team joining in each replay. (Called “Mega Naive Replay”)
●
May be played head-to-head, alternating between a player from
each team joining in each replay, with a different genre mapped
on top of each replay. (Called “Mega Ultra Naive Replay”)",A-ComedySportz-Games-Manual-v2.2 copy.pdf,,,Not Started,,,
40,REPLAY AT BERNIE’S,Team Games,Replay Games,54,54,54,replay-at-bernies,"(Start of the game) “The players will play a setup scene, and I will be back to explain the rest in a moment.”
(After getting the style suggestions) “Now the players will replay the scene, but one of the players is now dead, and the others must puppeteer their body.”","The referee gets a suggestion for the game, and the players begin with a neutral scene. After the scene is done, the referee will have the audience choose a player at random to “die.” Their body is then puppeteered by the other players still in the game. This continues until there is only one player left.",,,"●
May be played with the number of dead bodies increasing every replay, but the referee switching who is dead and who is alive. (Called “Replay At Bernie’s: Spinning Wheel of Death”)",1,Replay At Bernie’s: Spinning Wheel of Death,,Auto-extracted - needs human spot check,"<h1>REPLAY AT BERNIE’S</h1>

<h2>Category</h2>
<p>Replay Games</p>

<h2>Referee Introduction</h2>
<blockquote><p>(Start of the game) “The players will play a setup scene, and I will be back to explain the rest in a moment.”<br>(After getting the style suggestions) “Now the players will replay the scene, but one of the players is now dead, and the others must puppeteer their body.”</p></blockquote>

<h2>Description</h2>
<p>The referee gets a suggestion for the game, and the players begin with a neutral scene. After the scene is done, the referee will have the audience choose a player at random to “die.” Their body is then puppeteered by the other players still in the game. This continues until there is only one player left.</p>

<h2>Variations</h2>
<ul>
<li>May be played with the number of dead bodies increasing every replay, but the referee switching who is dead and who is alive. (Called “Replay At Bernie’s: Spinning Wheel of Death”)</li>
</ul>","REPLAY AT BERNIE’S
(Start of the game) “The players will play a setup scene, and I will be back to
explain the rest in a moment.”
(After getting the style suggestions) “Now the players will replay the scene,
but one of the players is now dead, and the others must puppeteer their body.”
The referee gets a suggestion for the game, and the players begin with a
neutral scene. After the scene is done, the referee will have the audience
choose a player at random to “die.” Their body is then puppeteered by
the other players still in the game. This continues until there is only one
player left.
Variations on this Game
●
May be played with the number of dead bodies increasing every
replay, but the referee switching who is dead and who is alive.
(Called “Replay At Bernie’s: Spinning Wheel of Death”)",A-ComedySportz-Games-Manual-v2.2 copy.pdf,,,Not Started,,,
41,SKEWED,Team Games,Replay Games,55,55,55,skewed,"(Start of the game) “The players will play a short setup scene, and I will be back to explain the rest in a moment.”
(After getting the style suggestions) “Now the players will replay the scene, but from each of the players point of view.”","The referee gets a suggestion for the game, and the players begin with a neutral scene. After the scene is done, the referee will have them replay it from the viewpoint of each of the characters in the scene, or from other things points of view such as the announcer, an animal in the scene, etc.",Rashomon,,,0,,,Auto-extracted - needs human spot check,"<h1>SKEWED</h1>

<h2>Category</h2>
<p>Replay Games</p>

<h2>Referee Introduction</h2>
<blockquote><p>(Start of the game) “The players will play a short setup scene, and I will be back to explain the rest in a moment.”<br>(After getting the style suggestions) “Now the players will replay the scene, but from each of the players point of view.”</p></blockquote>

<h2>Description</h2>
<p>The referee gets a suggestion for the game, and the players begin with a neutral scene. After the scene is done, the referee will have them replay it from the viewpoint of each of the characters in the scene, or from other things points of view such as the announcer, an animal in the scene, etc.</p>

<h2>Alternate Names</h2>
<p>Rashomon</p>","SKEWED
(Start of the game) “The players will play a short setup scene, and I will be
back to explain the rest in a moment.”
(After getting the style suggestions) “Now the players will replay the scene,
but from each of the players point of view.”
The referee gets a suggestion for the game, and the players begin with a
neutral scene. After the scene is done, the referee will have them replay
it from the viewpoint of each of the characters in the scene, or from
other things points of view such as the announcer, an animal in the
scene, etc.
Alternate Names: Rashomon",A-ComedySportz-Games-Manual-v2.2 copy.pdf,,,Not Started,,,
42,TEMPORAL REPLAY,Team Games,Replay Games,56,56,56,temporal-replay,"(Start of the game) “The players will play a short setup scene, and I will be back to explain the rest in a moment.”
(After getting the style suggestions) “Now the players will replay the scene in the different times.”","The referee gets a suggestion for the game, and the players begin with a neutral scene. After the scene is done, the referee will gather a list of three different time periods for the players to replay the scene in. They then replay in those time periods, changing the scene to match accordingly.",,,,0,,,Auto-extracted - needs human spot check,"<h1>TEMPORAL REPLAY</h1>

<h2>Category</h2>
<p>Replay Games</p>

<h2>Referee Introduction</h2>
<blockquote><p>(Start of the game) “The players will play a short setup scene, and I will be back to explain the rest in a moment.”<br>(After getting the style suggestions) “Now the players will replay the scene in the different times.”</p></blockquote>

<h2>Description</h2>
<p>The referee gets a suggestion for the game, and the players begin with a neutral scene. After the scene is done, the referee will gather a list of three different time periods for the players to replay the scene in. They then replay in those time periods, changing the scene to match accordingly.</p>","TEMPORAL REPLAY
(Start of the game) “The players will play a short setup scene, and I will be
back to explain the rest in a moment.”
(After getting the style suggestions) “Now the players will replay the scene
in the different times.”
The referee gets a suggestion for the game, and the players begin with a
neutral scene. After the scene is done, the referee will gather a list of
three different time periods for the players to replay the scene in. They
then replay in those time periods, changing the scene to match
accordingly.",A-ComedySportz-Games-Manual-v2.2 copy.pdf,,,Not Started,,,
43,ACROMANIA,Team Games,Justification Games,59,59,59,acromania,"“The players will play a scene where every so often an acronym will be said, and the players will explain its meaning.”","The referee gets a suggestion for the game, and the players begin playing a scene. Every so often, a player will use a multi-letter acronym in lieu of a word. Their teammate’s next line will explain what that acronym stands for. As the game progress the acronyms become longer.",,,,0,,,Auto-extracted - needs human spot check,"<h1>ACROMANIA</h1>

<h2>Category</h2>
<p>Justification Games</p>

<h2>Referee Introduction</h2>
<blockquote><p>“The players will play a scene where every so often an acronym will be said, and the players will explain its meaning.”</p></blockquote>

<h2>Description</h2>
<p>The referee gets a suggestion for the game, and the players begin playing a scene. Every so often, a player will use a multi-letter acronym in lieu of a word. Their teammate’s next line will explain what that acronym stands for. As the game progress the acronyms become longer.</p>","ACROMANIA
“The players will play a scene where every so often an acronym will be said,
and the players will explain its meaning.”
The referee gets a suggestion for the game, and the players begin playing
a scene. Every so often, a player will use a multi-letter acronym in lieu of
a word. Their teammate’s next line will explain what that acronym stands
for. As the game progress the acronyms become longer.",A-ComedySportz-Games-Manual-v2.2 copy.pdf,,,Not Started,,,
44,BLIND LINE,Team Games,Justification Games,60,60,60,blind-line,"“The players will play a scene where every so often they will pick up a line of dialogue and read it, then justify it into the scene.”","The referee will send the players out of the room and get lines of dialogue from the audience, which the other team will write on slips of paper and place on the field. The referee calls the players back in, gets a suggestion for the game, and the players begin playing a scene. Every so often, a player will pick up a line of dialogue and immediately say it. This line of dialogue must be then justified into the scene.",Pick Up Line; Lines from the Audience,,"●
May be played where the lines picked up become the first line of a song. (Called “Blind Line Musical”)
●
May be played where the referee gets stage directions as well as lines of dialogue. (Called “Stage Directions”)
●
May be played with fortune cookies on the field in lieu of lines from the audience. (Called “Fortune Cookies”)",3,Blind Line Musical; Stage Directions; Fortune Cookies,,Auto-extracted - needs human spot check,"<h1>BLIND LINE</h1>

<h2>Category</h2>
<p>Justification Games</p>

<h2>Referee Introduction</h2>
<blockquote><p>“The players will play a scene where every so often they will pick up a line of dialogue and read it, then justify it into the scene.”</p></blockquote>

<h2>Description</h2>
<p>The referee will send the players out of the room and get lines of dialogue from the audience, which the other team will write on slips of paper and place on the field. The referee calls the players back in, gets a suggestion for the game, and the players begin playing a scene. Every so often, a player will pick up a line of dialogue and immediately say it. This line of dialogue must be then justified into the scene.</p>

<h2>Alternate Names</h2>
<p>Pick Up Line; Lines from the Audience</p>

<h2>Variations</h2>
<ul>
<li>May be played where the lines picked up become the first line of a song. (Called “Blind Line Musical”)</li>
<li>May be played where the referee gets stage directions as well as lines of dialogue. (Called “Stage Directions”)</li>
<li>May be played with fortune cookies on the field in lieu of lines from the audience. (Called “Fortune Cookies”)</li>
</ul>","BLIND LINE
“The players will play a scene where every so often they will pick up a line of
dialogue and read it, then justify it into the scene.”
The referee will send the players out of the room and get lines of
dialogue from the audience, which the other team will write on slips of
paper and place on the field. The referee calls the players back in, gets a
suggestion for the game, and the players begin playing a scene. Every so
often, a player will pick up a line of dialogue and immediately say it. This
line of dialogue must be then justified into the scene.
Alternate Names: Pick Up Line; Lines from the Audience
Variations on this Game
●
May be played where the lines picked up become the first line of
a song. (Called “Blind Line Musical”)
●
May be played where the referee gets stage directions as well as
lines of dialogue. (Called “Stage Directions”)
●
May be played with fortune cookies on the field in lieu of lines
from the audience. (Called “Fortune Cookies”)",A-ComedySportz-Games-Manual-v2.2 copy.pdf,,,Not Started,,,
45,DIME STORE NOVEL,Team Games,Justification Games,61,61,61,dime-store-novel,"“One of the players will be writing a novel, while the other players will be acting it out.”","The referee gets a suggestion for the title of a novel that has never been written, and one player begins to write the novel aloud. While writing the novel, the author has overall control of the scene, while the other players will begin to fill out the rest of the novel, including the dialogue and actions. The focus of the scene back and forth regularly between author and players.",,,"●
May be played with a genre layered on top of the novel.",1,,,Auto-extracted - needs human spot check,"<h1>DIME STORE NOVEL</h1>

<h2>Category</h2>
<p>Justification Games</p>

<h2>Referee Introduction</h2>
<blockquote><p>“One of the players will be writing a novel, while the other players will be acting it out.”</p></blockquote>

<h2>Description</h2>
<p>The referee gets a suggestion for the title of a novel that has never been written, and one player begins to write the novel aloud. While writing the novel, the author has overall control of the scene, while the other players will begin to fill out the rest of the novel, including the dialogue and actions. The focus of the scene back and forth regularly between author and players.</p>

<h2>Variations</h2>
<ul>
<li>May be played with a genre layered on top of the novel.</li>
</ul>","DIME STORE NOVEL
“One of the players will be writing a novel, while the other players will be
acting it out.”
The referee gets a suggestion for the title of a novel that has never been
written, and one player begins to write the novel aloud. While writing
the novel, the author has overall control of the scene, while the other
players will begin to fill out the rest of the novel, including the dialogue
and actions. The focus of the scene back and forth regularly between
author and players.
Variations on this Game
●
May be played with a genre layered on top of the novel.",A-ComedySportz-Games-Manual-v2.2 copy.pdf,,,Not Started,,,
46,ENTRANCES AND EXITS,Team Games,Justification Games,62,62,62,entrances-and-exits,“The players will play a scene where if their given word is said they will either enter or exit the scene.”,"The referee assigns each player a word that might come up in casual conversation, gets a suggestion, and the players begin a neutral scene. Whenever another player in the scene speaks a player’s word, that player must enter or exit. If the player’s word is spoken and they are off the field, they must immediately come on field and justify their entrance. If their word is spoken while on field they must immediately exit and justify their exit.",Revolving Door; X-Word,,,0,,,Auto-extracted - needs human spot check,"<h1>ENTRANCES AND EXITS</h1>

<h2>Category</h2>
<p>Justification Games</p>

<h2>Referee Introduction</h2>
<blockquote><p>“The players will play a scene where if their given word is said they will either enter or exit the scene.”</p></blockquote>

<h2>Description</h2>
<p>The referee assigns each player a word that might come up in casual conversation, gets a suggestion, and the players begin a neutral scene. Whenever another player in the scene speaks a player’s word, that player must enter or exit. If the player’s word is spoken and they are off the field, they must immediately come on field and justify their entrance. If their word is spoken while on field they must immediately exit and justify their exit.</p>

<h2>Alternate Names</h2>
<p>Revolving Door; X-Word</p>","ENTRANCES AND EXITS
“The players will play a scene where if their given word is said they will either
enter or exit the scene.”
The referee assigns each player a word that might come up in casual
conversation, gets a suggestion, and the players begin a neutral scene.
Whenever another player in the scene speaks a player’s word, that
player must enter or exit. If the player’s word is spoken and they are off
the field, they must immediately come on field and justify their entrance.
If their word is spoken while on field they must immediately exit and
justify their exit.
Alternate Names: Revolving Door; X-Word",A-ComedySportz-Games-Manual-v2.2 copy.pdf,,,Not Started,,,
47,INTERPRETER,Team Games,Justification Games,63,63,63,interpreter,"“The players will be on a talk show, with a foreign expert and their interpreter here to translate for them.”","The referee will get a suggestion of a fictional country and turn it over to the team. One player will serve as the host of the talk show, another will use gibberish to translate the question to the foreign expert, and the third and/or fourth players are foreign experts. The host will field questions from the audience, the interpreter will relay the question to the foreign expert(s) who will respond using physicality and gibberish, and then translate their answers into English.",,,"●
May be played with the host serving as the interpreter.
●
May be played with one player as the host, one player as the gibberish expert, and one player translating it through pantomime. (Called “Closed Caption”)",2,Closed Caption,,Auto-extracted - needs human spot check,"<h1>INTERPRETER</h1>

<h2>Category</h2>
<p>Justification Games</p>

<h2>Referee Introduction</h2>
<blockquote><p>“The players will be on a talk show, with a foreign expert and their interpreter here to translate for them.”</p></blockquote>

<h2>Description</h2>
<p>The referee will get a suggestion of a fictional country and turn it over to the team. One player will serve as the host of the talk show, another will use gibberish to translate the question to the foreign expert, and the third and/or fourth players are foreign experts. The host will field questions from the audience, the interpreter will relay the question to the foreign expert(s) who will respond using physicality and gibberish, and then translate their answers into English.</p>

<h2>Variations</h2>
<ul>
<li>May be played with the host serving as the interpreter.</li>
<li>May be played with one player as the host, one player as the gibberish expert, and one player translating it through pantomime. (Called “Closed Caption”)</li>
</ul>","INTERPRETER
“The players will be on a talk show, with a foreign expert and their interpreter
here to translate for them.”
The referee will get a suggestion of a fictional country and turn it over to
the team. One player will serve as the host of the talk show, another will
use gibberish to translate the question to the foreign expert, and the
third and/or fourth players are foreign experts. The host will field
questions from the audience, the interpreter will relay the question to
the foreign expert(s) who will respond using physicality and gibberish,
and then translate their answers into English.
Variations on this Game
●
May be played with the host serving as the interpreter.
●
May be played with one player as the host, one player as the
gibberish expert, and one player translating it through
pantomime. (Called “Closed Caption”)",A-ComedySportz-Games-Manual-v2.2 copy.pdf,,,Not Started,,,
48,INSTANT SOAP OPERA,Team Games,Justification Games,64,64,64,instant-soap-opera,"“The players will do a soap opera inspired scene, where at any given time one player must be looking into the distance, one looking at another player, and the third splayed, without any player matching positions with another.”","The referee gets a suggestion for the game, and the players begin playing a soap opera inspired scene. The players must play the scene with the limitations of physical movements being one player must be looking out into the distance, one looking at another player, and the third splayed against the back wall or just in general. No two players may be in the same position at any given time, and the players must justify their movements between the positions.",,,"●
May be played with a fourth player, adding the position of biting their knuckle.
●
May be played with the audience instructed to say “Oooohh” if two players are in the same position.",2,,,Auto-extracted - needs human spot check,"<h1>INSTANT SOAP OPERA</h1>

<h2>Category</h2>
<p>Justification Games</p>

<h2>Referee Introduction</h2>
<blockquote><p>“The players will do a soap opera inspired scene, where at any given time one player must be looking into the distance, one looking at another player, and the third splayed, without any player matching positions with another.”</p></blockquote>

<h2>Description</h2>
<p>The referee gets a suggestion for the game, and the players begin playing a soap opera inspired scene. The players must play the scene with the limitations of physical movements being one player must be looking out into the distance, one looking at another player, and the third splayed against the back wall or just in general. No two players may be in the same position at any given time, and the players must justify their movements between the positions.</p>

<h2>Variations</h2>
<ul>
<li>May be played with a fourth player, adding the position of biting their knuckle.</li>
<li>May be played with the audience instructed to say “Oooohh” if two players are in the same position.</li>
</ul>","INSTANT SOAP OPERA
“The players will do a soap opera inspired scene, where at any given time one
player must be looking into the distance, one looking at another player, and
the third splayed, without any player matching positions with another.”
The referee gets a suggestion for the game, and the players begin playing
a soap opera inspired scene. The players must play the scene with the
limitations of physical movements being one player must be looking out
into the distance, one looking at another player, and the third splayed
against the back wall or just in general. No two players may be in the
same position at any given time, and the players must justify their
movements between the positions.
Variations on this Game
●
May be played with a fourth player, adding the position of biting
their knuckle.
●
May be played with the audience instructed to say “Oooohh” if
two players are in the same position.",A-ComedySportz-Games-Manual-v2.2 copy.pdf,,,Not Started,,,
49,LIMIT LINE,Team Games,Justification Games,65,65,65,limit-line,"“The players will do a scene where two players only have two lines of dialogue they are capable of saying, and the other may speak normally.”","The referee gets four lines of dialogue from the audience and assigns them to two of the players, gets a suggestion for the scene, and the players begin. One player is the neutral party, able to say whatever they wish in the scene, and it is this player’s job to justify the other two players, who each can only say the two lines of dialogue given to them. Players with the limited lines may change the tone and emotionality with the delivery, but they must speak the lines only as given.",Two Lines,,,0,,,Auto-extracted - needs human spot check,"<h1>LIMIT LINE</h1>

<h2>Category</h2>
<p>Justification Games</p>

<h2>Referee Introduction</h2>
<blockquote><p>“The players will do a scene where two players only have two lines of dialogue they are capable of saying, and the other may speak normally.”</p></blockquote>

<h2>Description</h2>
<p>The referee gets four lines of dialogue from the audience and assigns them to two of the players, gets a suggestion for the scene, and the players begin. One player is the neutral party, able to say whatever they wish in the scene, and it is this player’s job to justify the other two players, who each can only say the two lines of dialogue given to them. Players with the limited lines may change the tone and emotionality with the delivery, but they must speak the lines only as given.</p>

<h2>Alternate Names</h2>
<p>Two Lines</p>","LIMIT LINE
“The players will do a scene where two players only have two lines of dialogue
they are capable of saying, and the other may speak normally.”
The referee gets four lines of dialogue from the audience and assigns
them to two of the players, gets a suggestion for the scene, and the
players begin. One player is the neutral party, able to say whatever they
wish in the scene, and it is this player’s job to justify the other two
players, who each can only say the two lines of dialogue given to them.
Players with the limited lines may change the tone and emotionality with
the delivery, but they must speak the lines only as given.
Alternate Names: Two Lines",A-ComedySportz-Games-Manual-v2.2 copy.pdf,,,Not Started,,,
50,MEMENTO,Team Games,Justification Games,66,66,66,memento,"“The players will begin a scene at the very end, and whenever the lights go out and come back on we will see the scene immediately prior.”","The referee gets a suggestion, and the players begin a scene, which serves as the very end of a story. Whenever the lights turn off, and then back on, the players will do the scene which immediately preceded that one. The scenes will vary in length, and the process continues until the game is called to an end.",,,,0,,,Auto-extracted - needs human spot check,"<h1>MEMENTO</h1>

<h2>Category</h2>
<p>Justification Games</p>

<h2>Referee Introduction</h2>
<blockquote><p>“The players will begin a scene at the very end, and whenever the lights go out and come back on we will see the scene immediately prior.”</p></blockquote>

<h2>Description</h2>
<p>The referee gets a suggestion, and the players begin a scene, which serves as the very end of a story. Whenever the lights turn off, and then back on, the players will do the scene which immediately preceded that one. The scenes will vary in length, and the process continues until the game is called to an end.</p>","MEMENTO
“The players will begin a scene at the very end, and whenever the lights go out
and come back on we will see the scene immediately prior.”
The referee gets a suggestion, and the players begin a scene, which
serves as the very end of a story. Whenever the lights turn off, and then
back on, the players will do the scene which immediately preceded that
one. The scenes will vary in length, and the process continues until the
game is called to an end.",A-ComedySportz-Games-Manual-v2.2 copy.pdf,,,Not Started,,,
51,OFFSTAGE DIRECTIONS,Team Games,Justification Games,67,67,67,offstage-directions,"“The players will begin a scene, and whenever the other team chooses, they may read a stage direction from a play, which will happen in the scene.”","The referee gets a suggestion, and the players begin a neutral scene. Whenever the other team chooses, they will read a stage direction from a random play, which the other team will immediately do and justify the action into the scene.",,,,0,,,Auto-extracted - needs human spot check,"<h1>OFFSTAGE DIRECTIONS</h1>

<h2>Category</h2>
<p>Justification Games</p>

<h2>Referee Introduction</h2>
<blockquote><p>“The players will begin a scene, and whenever the other team chooses, they may read a stage direction from a play, which will happen in the scene.”</p></blockquote>

<h2>Description</h2>
<p>The referee gets a suggestion, and the players begin a neutral scene. Whenever the other team chooses, they will read a stage direction from a random play, which the other team will immediately do and justify the action into the scene.</p>","OFFSTAGE DIRECTIONS
“The players will begin a scene, and whenever the other team chooses, they
may read a stage direction from a play, which will happen in the scene.”
The referee gets a suggestion, and the players begin a neutral scene.
Whenever the other team chooses, they will read a stage direction from
a random play, which the other team will immediately do and justify the
action into the scene.",A-ComedySportz-Games-Manual-v2.2 copy.pdf,,,Not Started,,,
52,OXYGEN DEPRIVATION (18+),Team Games,Justification Games,68,68,68,oxygen-deprivation-18,"“At any given time, a player will have their head submerged in a bucket of water, while their teammates perform a scene. When the player needs air, they will be tapped out by another player entering the water, and must justify being wet.”","A bucket of water is placed on the field and one player is chosen to go first. The referee gets a suggestion, the chosen player will submerge their head in the bucket, and the players begin a neutral scene. Whenever the player in the bucket needs air, they will raise and wave their hand. At this point one of their teammates will justify exiting the scene, tap out the player in need of air, and submerge their own head in the bucket. The wet player must justify their entrance, and their being wet.",,,"●
May be played with any fluid in the bucket.",1,,,Auto-extracted - needs human spot check,"<h1>OXYGEN DEPRIVATION (18+)</h1>

<h2>Category</h2>
<p>Justification Games</p>

<h2>Referee Introduction</h2>
<blockquote><p>“At any given time, a player will have their head submerged in a bucket of water, while their teammates perform a scene. When the player needs air, they will be tapped out by another player entering the water, and must justify being wet.”</p></blockquote>

<h2>Description</h2>
<p>A bucket of water is placed on the field and one player is chosen to go first. The referee gets a suggestion, the chosen player will submerge their head in the bucket, and the players begin a neutral scene. Whenever the player in the bucket needs air, they will raise and wave their hand. At this point one of their teammates will justify exiting the scene, tap out the player in need of air, and submerge their own head in the bucket. The wet player must justify their entrance, and their being wet.</p>

<h2>Variations</h2>
<ul>
<li>May be played with any fluid in the bucket.</li>
</ul>","OXYGEN DEPRIVATION (18+)
“At any given time, a player will have their head submerged in a bucket of
water, while their teammates perform a scene. When the player needs air,
they will be tapped out by another player entering the water, and must justify
being wet.”
A bucket of water is placed on the field and one player is chosen to go
first. The referee gets a suggestion, the chosen player will submerge
their head in the bucket, and the players begin a neutral scene.
Whenever the player in the bucket needs air, they will raise and wave
their hand. At this point one of their teammates will justify exiting the
scene, tap out the player in need of air, and submerge their own head in
the bucket. The wet player must justify their entrance, and their being
wet.
Variations on this Game
●
May be played with any fluid in the bucket.",A-ComedySportz-Games-Manual-v2.2 copy.pdf,,,Not Started,,,
53,PAVLOVIAN RESPONSE,Team Games,Justification Games,69,69,69,pavlovian-response,"“The players will begin a scene, and whenever their trigger happens, they must do their given reaction.”","The referee will instruct all of the players to turn their backs and cover their ears and hum. One by one the referee will bring a player forward to get a trigger how they will respond to said trigger. For example: “Whenever Player A takes three steps, the player must do what?” After all players are assigned a trigger and response, the referee will get a suggestion for the game, and the players will begin a neutral scene, only to respond when their trigger is done. They must justify this momentary response in the scene, and continue the scene. Actions taken in responses may trigger other players responses. As the game moves forward players try to figure out triggers and use them.","Monkey See, Monkey Do; Chain Reaction; Rube Goldberg",,"●
May be played without the justification aspect of the game.
●
May be played where actions done in responses do not trigger the other players response.",2,,,Auto-extracted - needs human spot check,"<h1>PAVLOVIAN RESPONSE</h1>

<h2>Category</h2>
<p>Justification Games</p>

<h2>Referee Introduction</h2>
<blockquote><p>“The players will begin a scene, and whenever their trigger happens, they must do their given reaction.”</p></blockquote>

<h2>Description</h2>
<p>The referee will instruct all of the players to turn their backs and cover their ears and hum. One by one the referee will bring a player forward to get a trigger how they will respond to said trigger. For example: “Whenever Player A takes three steps, the player must do what?” After all players are assigned a trigger and response, the referee will get a suggestion for the game, and the players will begin a neutral scene, only to respond when their trigger is done. They must justify this momentary response in the scene, and continue the scene. Actions taken in responses may trigger other players responses. As the game moves forward players try to figure out triggers and use them.</p>

<h2>Alternate Names</h2>
<p>Monkey See, Monkey Do; Chain Reaction; Rube Goldberg</p>

<h2>Variations</h2>
<ul>
<li>May be played without the justification aspect of the game.</li>
<li>May be played where actions done in responses do not trigger the other players response.</li>
</ul>","PAVLOVIAN RESPONSE
“The players will begin a scene, and whenever their trigger happens, they must
do their given reaction.”
The referee will instruct all of the players to turn their backs and cover
their ears and hum. One by one the referee will bring a player forward to
get a trigger how they will respond to said trigger. For example:
“Whenever Player A takes three steps, the player must do what?” After
all players are assigned a trigger and response, the referee will get a
suggestion for the game, and the players will begin a neutral scene, only
to respond when their trigger is done. They must justify this momentary
response in the scene, and continue the scene. Actions taken in
responses may trigger other players responses. As the game moves
forward players try to figure out triggers and use them.
Alternate Names: Monkey See, Monkey Do; Chain Reaction; Rube
Goldberg
Variations on this Game
●
May be played without the justification aspect of the game.
●
May be played where actions done in responses do not trigger
the other players response.",A-ComedySportz-Games-Manual-v2.2 copy.pdf,,,Not Started,,,
54,PICK A PLAY,Team Games,Justification Games,70,70,70,pick-a-play,"“The players will begin a scene, however all but one player may only read lines from a play, while the other can speak normally.”","The referee will give all but one player scripts that they must use as their only lines of dialogue in the scene. The referee gets a suggestion, and the players begin a scene. The players with the script must only use the lines of dialogue from a chosen character in the play, shortening long monologues as needed, while the neutral player justifies their lines into the scene.",Actor’s Nightmare; Scene on Book,,"●
May be played with a volunteer player as one of the players on book.
●
May be played with only one player or volunteer player on book.",2,,,Auto-extracted - needs human spot check,"<h1>PICK A PLAY</h1>

<h2>Category</h2>
<p>Justification Games</p>

<h2>Referee Introduction</h2>
<blockquote><p>“The players will begin a scene, however all but one player may only read lines from a play, while the other can speak normally.”</p></blockquote>

<h2>Description</h2>
<p>The referee will give all but one player scripts that they must use as their only lines of dialogue in the scene. The referee gets a suggestion, and the players begin a scene. The players with the script must only use the lines of dialogue from a chosen character in the play, shortening long monologues as needed, while the neutral player justifies their lines into the scene.</p>

<h2>Alternate Names</h2>
<p>Actor’s Nightmare; Scene on Book</p>

<h2>Variations</h2>
<ul>
<li>May be played with a volunteer player as one of the players on book.</li>
<li>May be played with only one player or volunteer player on book.</li>
</ul>","PICK A PLAY
“The players will begin a scene, however all but one player may only read lines
from a play, while the other can speak normally.”
The referee will give all but one player scripts that they must use as their
only lines of dialogue in the scene. The referee gets a suggestion, and the
players begin a scene. The players with the script must only use the lines
of dialogue from a chosen character in the play, shortening long
monologues as needed, while the neutral player justifies their lines into
the scene.
Alternate Names: Actor’s Nightmare; Scene on Book
Variations on this Game
●
May be played with a volunteer player as one of the players on
book.
●
May be played with only one player or volunteer player on book.",A-ComedySportz-Games-Manual-v2.2 copy.pdf,,,Not Started,,,
55,SIT STAND LIE,Team Games,Justification Games,71,71,71,sit-stand-lie,"“The players will do a scene, where at any given time one player must be sitting, one must be standing, and the third player lying down, without any player matching positions another player.”","The referee gets a suggestion for the game, and the players begin playing a scene. The players must play the scene with the limitations of physical movements being one player must be sitting, one standing, and the third lying down. No two players may be in the same position at any given time, and the players must justify their movements between the positions.",,,"●
May be played with a fourth player, adding the position of kneeling.
●
May be played with the audience instructed to say “Oooohh” if two players are in the same position.",2,,,Auto-extracted - needs human spot check,"<h1>SIT STAND LIE</h1>

<h2>Category</h2>
<p>Justification Games</p>

<h2>Referee Introduction</h2>
<blockquote><p>“The players will do a scene, where at any given time one player must be sitting, one must be standing, and the third player lying down, without any player matching positions another player.”</p></blockquote>

<h2>Description</h2>
<p>The referee gets a suggestion for the game, and the players begin playing a scene. The players must play the scene with the limitations of physical movements being one player must be sitting, one standing, and the third lying down. No two players may be in the same position at any given time, and the players must justify their movements between the positions.</p>

<h2>Variations</h2>
<ul>
<li>May be played with a fourth player, adding the position of kneeling.</li>
<li>May be played with the audience instructed to say “Oooohh” if two players are in the same position.</li>
</ul>","SIT STAND LIE
“The players will do a scene, where at any given time one player must be
sitting, one must be standing, and the third player lying down, without any
player matching positions another player.”
The referee gets a suggestion for the game, and the players begin playing
a scene. The players must play the scene with the limitations of physical
movements being one player must be sitting, one standing, and the third
lying down. No two players may be in the same position at any given
time, and the players must justify their movements between the
positions.
Variations on this Game
●
May be played with a fourth player, adding the position of
kneeling.
●
May be played with the audience instructed to say “Oooohh” if
two players are in the same position.",A-ComedySportz-Games-Manual-v2.2 copy.pdf,,,Not Started,,,
56,STAND BY SCENE,Team Games,Justification Games,72,72,72,stand-by-scene,"“The players will play a scene, narrated by a voiceover of one player’s future self.”","The referee gets a suggestion for the game, and the players begin playing a scene. Every so often a chosen player will provide a narration for one player, adding new information into the scene, as the narrator is that character’s future self, à la Stand by Me or The Wonder Years.",,,"●
May be played with a volunteer player, with a player providing narration in the form of the volunteer player’s future self.
●
May be played with the announcer providing the single character’s future selves narration.",2,,,Auto-extracted - needs human spot check,"<h1>STAND BY SCENE</h1>

<h2>Category</h2>
<p>Justification Games</p>

<h2>Referee Introduction</h2>
<blockquote><p>“The players will play a scene, narrated by a voiceover of one player’s future self.”</p></blockquote>

<h2>Description</h2>
<p>The referee gets a suggestion for the game, and the players begin playing a scene. Every so often a chosen player will provide a narration for one player, adding new information into the scene, as the narrator is that character’s future self, à la Stand by Me or The Wonder Years.</p>

<h2>Variations</h2>
<ul>
<li>May be played with a volunteer player, with a player providing narration in the form of the volunteer player’s future self.</li>
<li>May be played with the announcer providing the single character’s future selves narration.</li>
</ul>","STAND BY SCENE
“The players will play a scene, narrated by a voiceover of one player’s future
self.”
The referee gets a suggestion for the game, and the players begin playing
a scene. Every so often a chosen player will provide a narration for one
player, adding new information into the scene, as the narrator is that
character’s future self, à la Stand by Me or The Wonder Years.
Variations on this Game
●
May be played with a volunteer player, with a player providing
narration in the form of the volunteer player’s future self.
●
May be played with the announcer providing the single
character’s future selves narration.",A-ComedySportz-Games-Manual-v2.2 copy.pdf,,,Not Started,,,
57,SUBTEXT,Team Games,Justification Games,73,73,73,subtext,"“The players will begin a scene, however all but one player may only read texts from a volunteer player’s phone, while the other can speak normally.”","The referee will get two random volunteer players unlocked cell phones, and give them to two players, they must use as their only lines of dialogue in the scene. The referee gets a suggestion, and the players begin a scene. The players with the cell phones must only use the lines of dialogue from side of the conversation in the texts, shortening longer ones as needed, while the neutral player justifies these lines into the scene.",Texts From Last Night,,"●
May be played with volunteer players texting the players’ phones lines of dialogue they must use during the game, and played similar to “Blind Line” (Called “Texts From Tonight”)",1,Texts From Tonight,,Auto-extracted - needs human spot check,"<h1>SUBTEXT</h1>

<h2>Category</h2>
<p>Justification Games</p>

<h2>Referee Introduction</h2>
<blockquote><p>“The players will begin a scene, however all but one player may only read texts from a volunteer player’s phone, while the other can speak normally.”</p></blockquote>

<h2>Description</h2>
<p>The referee will get two random volunteer players unlocked cell phones, and give them to two players, they must use as their only lines of dialogue in the scene. The referee gets a suggestion, and the players begin a scene. The players with the cell phones must only use the lines of dialogue from side of the conversation in the texts, shortening longer ones as needed, while the neutral player justifies these lines into the scene.</p>

<h2>Alternate Names</h2>
<p>Texts From Last Night</p>

<h2>Variations</h2>
<ul>
<li>May be played with volunteer players texting the players’ phones lines of dialogue they must use during the game, and played similar to “Blind Line” (Called “Texts From Tonight”)</li>
</ul>","SUBTEXT
“The players will begin a scene, however all but one player may only read texts
from a volunteer player’s phone, while the other can speak normally.”
The referee will get two random volunteer players unlocked cell phones,
and give them to two players, they must use as their only lines of
dialogue in the scene. The referee gets a suggestion, and the players
begin a scene. The players with the cell phones must only use the lines of
dialogue from side of the conversation in the texts, shortening longer
ones as needed, while the neutral player justifies these lines into the
scene.
Alternate Names: Texts From Last Night
Variations on this Game
●
May be played with volunteer players texting the players’ phones
lines of dialogue they must use during the game, and played
similar to “Blind Line” (Called “Texts From Tonight”)",A-ComedySportz-Games-Manual-v2.2 copy.pdf,,,Not Started,,,
58,UNCLE GIBBERISH,Team Games,Justification Games,74,74,74,uncle-gibberish,"“The players will play a scene; however, one player may only speak in gibberish, which the other players somehow are able to understand.”","The referee gets a suggestion for the game, and the players begin playing a scene. One player is chosen to only speak in gibberish, while the others will justify their gibberish when responding in English.",Aunt Gibberish; Uncle Vanya,,"●
May be played with a volunteer player as the gibberer.
●
May be played with the referee switching between the players who is the one speaking gibberish (Called “Uncle Gibberish Switch”)
●
May be played with “I am Groot,” “Hodor,” or some other form of single word speaking pop culture figure. (Called whatever the pop culture character’s name is.)
●
May be played with the player being muted as opposed to gibbering. Meaning the player will still react and move their mouths as if talking, only they don’t actually talk. (Called “Mute Button”)",4,Uncle Gibberish Switch; Mute Button,,Auto-extracted - needs human spot check,"<h1>UNCLE GIBBERISH</h1>

<h2>Category</h2>
<p>Justification Games</p>

<h2>Referee Introduction</h2>
<blockquote><p>“The players will play a scene; however, one player may only speak in gibberish, which the other players somehow are able to understand.”</p></blockquote>

<h2>Description</h2>
<p>The referee gets a suggestion for the game, and the players begin playing a scene. One player is chosen to only speak in gibberish, while the others will justify their gibberish when responding in English.</p>

<h2>Alternate Names</h2>
<p>Aunt Gibberish; Uncle Vanya</p>

<h2>Variations</h2>
<ul>
<li>May be played with a volunteer player as the gibberer.</li>
<li>May be played with the referee switching between the players who is the one speaking gibberish (Called “Uncle Gibberish Switch”)</li>
<li>May be played with “I am Groot,” “Hodor,” or some other form of single word speaking pop culture figure. (Called whatever the pop culture character’s name is.)</li>
<li>May be played with the player being muted as opposed to gibbering. Meaning the player will still react and move their mouths as if talking, only they don’t actually talk. (Called “Mute Button”)</li>
</ul>","UNCLE GIBBERISH
“The players will play a scene; however, one player may only speak in
gibberish, which the other players somehow are able to understand.”
The referee gets a suggestion for the game, and the players begin playing
a scene. One player is chosen to only speak in gibberish, while the others
will justify their gibberish when responding in English.
Alternate Names: Aunt Gibberish; Uncle Vanya
Variations on this Game
●
May be played with a volunteer player as the gibberer.
●
May be played with the referee switching between the players
who is the one speaking gibberish (Called “Uncle Gibberish
Switch”)
●
May be played with “I am Groot,” “Hodor,” or some other form of
single word speaking pop culture figure. (Called whatever the
pop culture character’s name is.)
●
May be played with the player being muted as opposed to
gibbering. Meaning the player will still react and move their
mouths as if talking, only they don’t actually talk. (Called “Mute
Button”)",A-ComedySportz-Games-Manual-v2.2 copy.pdf,,,Not Started,,,
59,ARMS EXPERT,Team Games,Volunteer Player Games,77,77,77,arms-expert,"“We will get to interview an audience expert, but one player will be providing their arms.”","The referee asks for a volunteer player from the audience who is an expert in something, then the players begin a talk show style scene, where the expert’s arms are those of a player standing behind them sticking their’s through the armholes of the expert, and another doing it for the interviewer.",Arms; Helping Hands,,"●
May be played without a volunteer player.
●
May be played as normal scene, without the talk show genre.",2,,,Auto-extracted - needs human spot check,"<h1>ARMS EXPERT</h1>

<h2>Category</h2>
<p>Volunteer Player Games</p>

<h2>Referee Introduction</h2>
<blockquote><p>“We will get to interview an audience expert, but one player will be providing their arms.”</p></blockquote>

<h2>Description</h2>
<p>The referee asks for a volunteer player from the audience who is an expert in something, then the players begin a talk show style scene, where the expert’s arms are those of a player standing behind them sticking their’s through the armholes of the expert, and another doing it for the interviewer.</p>

<h2>Alternate Names</h2>
<p>Arms; Helping Hands</p>

<h2>Variations</h2>
<ul>
<li>May be played without a volunteer player.</li>
<li>May be played as normal scene, without the talk show genre.</li>
</ul>","ARMS EXPERT
“We will get to interview an audience expert, but one player will be providing
their arms.”
The referee asks for a volunteer player from the audience who is an
expert in something, then the players begin a talk show style scene,
where the expert’s arms are those of a player standing behind them
sticking their’s through the armholes of the expert, and another doing it
for the interviewer.
Alternate Names: Arms; Helping Hands
Variations on this Game
●
May be played without a volunteer player.
●
May be played as normal scene, without the talk show genre.",A-ComedySportz-Games-Manual-v2.2 copy.pdf,,,Not Started,,,
60,AUDIENCE SOUND EFFECTS,Team Games,Volunteer Player Games,78,78,78,audience-sound-effects,"“While the players play a scene, a volunteer player will provide all of the sound effects needed.”","The referee asks for a volunteer player from the audience, gets a suggestion for the game, and then the players begin a neutral scene. Whenever the players hear a sound effect they must justify it into the scene, and they may also prompt for specific sounds as well.",,,"●
May be played without a volunteer player.
●
May be played with the volunteer player or sound person with their back turned, or in another room, so as they cannot see what is happening in the scene. (Called “Blind Sound Effects”)",2,Blind Sound Effects,,Auto-extracted - needs human spot check,"<h1>AUDIENCE SOUND EFFECTS</h1>

<h2>Category</h2>
<p>Volunteer Player Games</p>

<h2>Referee Introduction</h2>
<blockquote><p>“While the players play a scene, a volunteer player will provide all of the sound effects needed.”</p></blockquote>

<h2>Description</h2>
<p>The referee asks for a volunteer player from the audience, gets a suggestion for the game, and then the players begin a neutral scene. Whenever the players hear a sound effect they must justify it into the scene, and they may also prompt for specific sounds as well.</p>

<h2>Variations</h2>
<ul>
<li>May be played without a volunteer player.</li>
<li>May be played with the volunteer player or sound person with their back turned, or in another room, so as they cannot see what is happening in the scene. (Called “Blind Sound Effects”)</li>
</ul>","AUDIENCE SOUND EFFECTS
“While the players play a scene, a volunteer player will provide all of the
sound effects needed.”
The referee asks for a volunteer player from the audience, gets a
suggestion for the game, and then the players begin a neutral scene.
Whenever the players hear a sound effect they must justify it into the
scene, and they may also prompt for specific sounds as well.
Variations on this Game
●
May be played without a volunteer player.
●
May be played with the volunteer player or sound person with
their back turned, or in another room, so as they cannot see what
is happening in the scene. (Called “Blind Sound Effects”)",A-ComedySportz-Games-Manual-v2.2 copy.pdf,,,Not Started,,,
61,BEDTIME STORY,Team Games,Volunteer Player Games,79,79,79,bedtime-story,"“One player will be reading a volunteer player a bedtime story, but every so often the reader will ask for them to fill in a word.”","The referee asks for a volunteer player from the audience, gets a made- up title of a bedtime story. One player, the reader, begins to read the story to the volunteer player. Every so often, they will have the volunteer player fill in a word or part of the story. After some of the story has been told they will give focus to the offstage players, who will jump on the field and continue where the reader and volunteer player had left off. After the story has progressed a bit through the actions of the players, the reader will again take focus. This interchange repeats throughout.",,,"●
May be played with multiple volunteer players. (Called “Campfire Story”)
●
The referee may get a genre for the story as well, and the name reflects that. (e.g. “Spooky Bedtime Story”)",2,Campfire Story,,Auto-extracted - needs human spot check,"<h1>BEDTIME STORY</h1>

<h2>Category</h2>
<p>Volunteer Player Games</p>

<h2>Referee Introduction</h2>
<blockquote><p>“One player will be reading a volunteer player a bedtime story, but every so often the reader will ask for them to fill in a word.”</p></blockquote>

<h2>Description</h2>
<p>The referee asks for a volunteer player from the audience, gets a made- up title of a bedtime story. One player, the reader, begins to read the story to the volunteer player. Every so often, they will have the volunteer player fill in a word or part of the story. After some of the story has been told they will give focus to the offstage players, who will jump on the field and continue where the reader and volunteer player had left off. After the story has progressed a bit through the actions of the players, the reader will again take focus. This interchange repeats throughout.</p>

<h2>Variations</h2>
<ul>
<li>May be played with multiple volunteer players. (Called “Campfire Story”)</li>
<li>The referee may get a genre for the story as well, and the name reflects that. (e.g. “Spooky Bedtime Story”)</li>
</ul>","BEDTIME STORY
“One player will be reading a volunteer player a bedtime story, but every so
often the reader will ask for them to fill in a word.”
The referee asks for a volunteer player from the audience, gets a made-
up title of a bedtime story. One player, the reader, begins to read the
story to the volunteer player. Every so often, they will have the volunteer
player fill in a word or part of the story. After some of the story has been
told they will give focus to the offstage players, who will jump on the
field and continue where the reader and volunteer player had left off.
After the story has progressed a bit through the actions of the players,
the reader will again take focus. This interchange repeats throughout.
Variations on this Game
●
May be played with multiple volunteer players. (Called “Campfire
Story”)
●
The referee may get a genre for the story as well, and the name
reflects that. (e.g. “Spooky Bedtime Story”)",A-ComedySportz-Games-Manual-v2.2 copy.pdf,,,Not Started,,,
62,COFFEE BREAK,Team Games,Volunteer Player Games,80,80,80,coffee-break,"“Our players will be working hard in the next scene, and whenever they need a break they will have a volunteer player take over their character until they come back.”","The referee asks for a volunteer player from the audience, gets a suggestion for the game, and the players begin a neutral scene. Whenever a player wishes, they may say “Coffee Break!” and the volunteer player will take over the player’s character until the player returns.",,,,0,,,Auto-extracted - needs human spot check,"<h1>COFFEE BREAK</h1>

<h2>Category</h2>
<p>Volunteer Player Games</p>

<h2>Referee Introduction</h2>
<blockquote><p>“Our players will be working hard in the next scene, and whenever they need a break they will have a volunteer player take over their character until they come back.”</p></blockquote>

<h2>Description</h2>
<p>The referee asks for a volunteer player from the audience, gets a suggestion for the game, and the players begin a neutral scene. Whenever a player wishes, they may say “Coffee Break!” and the volunteer player will take over the player’s character until the player returns.</p>","COFFEE BREAK
“Our players will be working hard in the next scene, and whenever they need a
break they will have a volunteer player take over their character until they
come back.”
The referee asks for a volunteer player from the audience, gets a
suggestion for the game, and the players begin a neutral scene.
Whenever a player wishes, they may say “Coffee Break!” and the
volunteer player will take over the player’s character until the player
returns.",A-ComedySportz-Games-Manual-v2.2 copy.pdf,,,Not Started,,,
63,COLUMNS,Team Games,Volunteer Player Games,81,81,81,columns,"“The players will do a scene, however every so often they will be at a loss for words and the volunteer players will fill it in for them.”","The referee asks for two volunteer players from the audience, gets a suggestion for the game, and the players begin a neutral scene. The volunteer players are positioned on the corners of the field closest to the audience, and throughout the game the players will either tap their shoulder or look at them to fill in a word for them. The players will justify it, no matter what is said, as if they themselves said it.",Pillars,,"●
May be played with the volunteer players instead mouthing the words and the players attempting to read their lips. (Called “Teleprompter”)
●
May be played with the whole audience, as opposed to just two volunteer players. (Called “Hesitation”)",2,Teleprompter; Hesitation,,Auto-extracted - needs human spot check,"<h1>COLUMNS</h1>

<h2>Category</h2>
<p>Volunteer Player Games</p>

<h2>Referee Introduction</h2>
<blockquote><p>“The players will do a scene, however every so often they will be at a loss for words and the volunteer players will fill it in for them.”</p></blockquote>

<h2>Description</h2>
<p>The referee asks for two volunteer players from the audience, gets a suggestion for the game, and the players begin a neutral scene. The volunteer players are positioned on the corners of the field closest to the audience, and throughout the game the players will either tap their shoulder or look at them to fill in a word for them. The players will justify it, no matter what is said, as if they themselves said it.</p>

<h2>Alternate Names</h2>
<p>Pillars</p>

<h2>Variations</h2>
<ul>
<li>May be played with the volunteer players instead mouthing the words and the players attempting to read their lips. (Called “Teleprompter”)</li>
<li>May be played with the whole audience, as opposed to just two volunteer players. (Called “Hesitation”)</li>
</ul>","COLUMNS
“The players will do a scene, however every so often they will be at a loss for
words and the volunteer players will fill it in for them.”
The referee asks for two volunteer players from the audience, gets a
suggestion for the game, and the players begin a neutral scene. The
volunteer players are positioned on the corners of the field closest to the
audience, and throughout the game the players will either tap their
shoulder or look at them to fill in a word for them. The players will justify
it, no matter what is said, as if they themselves said it.
Alternate Names: Pillars
Variations on this Game
●
May be played with the volunteer players instead mouthing the
words and the players attempting to read their lips. (Called
“Teleprompter”)
●
May be played with the whole audience, as opposed to just two
volunteer players. (Called “Hesitation”)",A-ComedySportz-Games-Manual-v2.2 copy.pdf,,,Not Started,,,
64,DAY IN THE LIFE,Team Games,Volunteer Player Games,82,82,82,day-in-the-life,"“Our players will recreate a day in the life of one of our volunteer players, exactly how they perceived it to happen.”","The referee asks for a volunteer player who has had an interesting or special day recently, and interview them about it. The referee should get details such as names and descriptions of people involved, what they did in order throughout the day, etc. After the interview is done, if the players have any other questions, they may ask them before playing out the scene. The scene should encompass the volunteer player’s day, with one player portraying the volunteer player and the rest of the team portraying everyone else.",,,"●
May be played head-to-head.
●
May be played by interviewing a group of people.
●
May layer a genre on top of the game, with the name being changed to reflect that. (e.g. “Day in the Life: Shakespeare”)",3,,,Auto-extracted - needs human spot check,"<h1>DAY IN THE LIFE</h1>

<h2>Category</h2>
<p>Volunteer Player Games</p>

<h2>Referee Introduction</h2>
<blockquote><p>“Our players will recreate a day in the life of one of our volunteer players, exactly how they perceived it to happen.”</p></blockquote>

<h2>Description</h2>
<p>The referee asks for a volunteer player who has had an interesting or special day recently, and interview them about it. The referee should get details such as names and descriptions of people involved, what they did in order throughout the day, etc. After the interview is done, if the players have any other questions, they may ask them before playing out the scene. The scene should encompass the volunteer player’s day, with one player portraying the volunteer player and the rest of the team portraying everyone else.</p>

<h2>Variations</h2>
<ul>
<li>May be played head-to-head.</li>
<li>May be played by interviewing a group of people.</li>
<li>May layer a genre on top of the game, with the name being changed to reflect that. (e.g. “Day in the Life: Shakespeare”)</li>
</ul>","DAY IN THE LIFE
“Our players will recreate a day in the life of one of our volunteer players,
exactly how they perceived it to happen.”
The referee asks for a volunteer player who has had an interesting or
special day recently, and interview them about it. The referee should get
details such as names and descriptions of people involved, what they did
in order throughout the day, etc. After the interview is done, if the
players have any other questions, they may ask them before playing out
the scene. The scene should encompass the volunteer player’s day, with
one player portraying the volunteer player and the rest of the team
portraying everyone else.
Variations on this Game
●
May be played head-to-head.
●
May be played by interviewing a group of people.
●
May layer a genre on top of the game, with the name being
changed to reflect that. (e.g. “Day in the Life: Shakespeare”)",A-ComedySportz-Games-Manual-v2.2 copy.pdf,,,Not Started,,,
65,DINNER AT JOE’S,Team Games,Volunteer Player Games,83,83,83,dinner-at-joes,"“The players will recreate an event where the volunteer player would be with friends and family, throughout which they will determine if the players actions is something they would actually do.”","The referee asks for a volunteer player and interview them about a family or friend gathering they have had recently, getting information about a few of the people that attended. After they describe each person, they will cast a player in that role, including casting themself. The team will begin to play a scene at the gathering, giving time for the volunteer player to “Ding” if they are acting correctly or “Buzz” if they are acting incorrectly after each offer. The bell and buzzer may be actual or players from the other team.",Family Dinner; Let’s Get Together,,"●
May be played head-to-head for a larger group.
●
May get a suggestion of where the volunteer’s friends and family would gather.",2,,,Auto-extracted - needs human spot check,"<h1>DINNER AT JOE’S</h1>

<h2>Category</h2>
<p>Volunteer Player Games</p>

<h2>Referee Introduction</h2>
<blockquote><p>“The players will recreate an event where the volunteer player would be with friends and family, throughout which they will determine if the players actions is something they would actually do.”</p></blockquote>

<h2>Description</h2>
<p>The referee asks for a volunteer player and interview them about a family or friend gathering they have had recently, getting information about a few of the people that attended. After they describe each person, they will cast a player in that role, including casting themself. The team will begin to play a scene at the gathering, giving time for the volunteer player to “Ding” if they are acting correctly or “Buzz” if they are acting incorrectly after each offer. The bell and buzzer may be actual or players from the other team.</p>

<h2>Alternate Names</h2>
<p>Family Dinner; Let’s Get Together</p>

<h2>Variations</h2>
<ul>
<li>May be played head-to-head for a larger group.</li>
<li>May get a suggestion of where the volunteer’s friends and family would gather.</li>
</ul>","DINNER AT JOE’S
“The players will recreate an event where the volunteer player would be with
friends and family, throughout which they will determine if the players actions
is something they would actually do.”
The referee asks for a volunteer player and interview them about a
family or friend gathering they have had recently, getting information
about a few of the people that attended. After they describe each
person, they will cast a player in that role, including casting themself. The
team will begin to play a scene at the gathering, giving time for the
volunteer player to “Ding” if they are acting correctly or “Buzz” if they
are acting incorrectly after each offer. The bell and buzzer may be actual
or players from the other team.
Alternate Names: Family Dinner; Let’s Get Together
Variations on this Game
●
May be played head-to-head for a larger group.
●
May get a suggestion of where the volunteer’s friends and family
would gather.",A-ComedySportz-Games-Manual-v2.2 copy.pdf,,,Not Started,,,
66,DOUBLE SPEAK,Team Games,Volunteer Player Games,84,84,84,double-speak,“The volunteer players will be joined at the hip with a player to form a single person and by speaking one word at a time.”,"The referee asks for two volunteer players from the audience, gets a suggestion for the game, and then the players begin a neutral scene. The volunteer players are paired with players who will stand side by side to form a single character in the scene, speaking one word at a time. A third player is neutral in the scene.","Siamese Scene (this name is not culturally appropriate, use at your own discretion)",,,0,,,Auto-extracted - needs human spot check,"<h1>DOUBLE SPEAK</h1>

<h2>Category</h2>
<p>Volunteer Player Games</p>

<h2>Referee Introduction</h2>
<blockquote><p>“The volunteer players will be joined at the hip with a player to form a single person and by speaking one word at a time.”</p></blockquote>

<h2>Description</h2>
<p>The referee asks for two volunteer players from the audience, gets a suggestion for the game, and then the players begin a neutral scene. The volunteer players are paired with players who will stand side by side to form a single character in the scene, speaking one word at a time. A third player is neutral in the scene.</p>

<h2>Alternate Names</h2>
<p>Siamese Scene (this name is not culturally appropriate, use at your own discretion)</p>","DOUBLE SPEAK
“The volunteer players will be joined at the hip with a player to form a single
person and by speaking one word at a time.”
The referee asks for two volunteer players from the audience, gets a
suggestion for the game, and then the players begin a neutral scene. The
volunteer players are paired with players who will stand side by side to
form a single character in the scene, speaking one word at a time. A third
player is neutral in the scene.
Alternate Names: Siamese Scene (this name is not culturally
appropriate, use at your own discretion)",A-ComedySportz-Games-Manual-v2.2 copy.pdf,,,Not Started,,,
67,FOREIGN MOVIE,Team Games,Volunteer Player Games,85,85,85,foreign-movie,"“Tonight, we will get to see a new foreign film with a volunteer player and one player acting it out, and the others providing the subtitles.”","The referee asks for a volunteer player from the audience, gets a suggestion of the title of a foreign film never before seen. The volunteer player and a player act out the film in gibberish, while the other two players will translate their gibberish into English. While playing it should be one of the performers in the film gibbers, one player translates, the second performer in the film gibbers, and the second player translates. This continues.",Subtitles,,"●
When played with more than a team of three players, there will still only be two translators, with one of the translators translating two performers in the film.
●
May be played without a volunteer player.
●
May be played blind, with the translators’ backs turned to the field as to not see the performers of the film.",3,,,Auto-extracted - needs human spot check,"<h1>FOREIGN MOVIE</h1>

<h2>Category</h2>
<p>Volunteer Player Games</p>

<h2>Referee Introduction</h2>
<blockquote><p>“Tonight, we will get to see a new foreign film with a volunteer player and one player acting it out, and the others providing the subtitles.”</p></blockquote>

<h2>Description</h2>
<p>The referee asks for a volunteer player from the audience, gets a suggestion of the title of a foreign film never before seen. The volunteer player and a player act out the film in gibberish, while the other two players will translate their gibberish into English. While playing it should be one of the performers in the film gibbers, one player translates, the second performer in the film gibbers, and the second player translates. This continues.</p>

<h2>Alternate Names</h2>
<p>Subtitles</p>

<h2>Variations</h2>
<ul>
<li>When played with more than a team of three players, there will still only be two translators, with one of the translators translating two performers in the film.</li>
<li>May be played without a volunteer player.</li>
<li>May be played blind, with the translators’ backs turned to the field as to not see the performers of the film.</li>
</ul>","FOREIGN MOVIE
“Tonight, we will get to see a new foreign film with a volunteer player and one
player acting it out, and the others providing the subtitles.”
The referee asks for a volunteer player from the audience, gets a
suggestion of the title of a foreign film never before seen. The volunteer
player and a player act out the film in gibberish, while the other two
players will translate their gibberish into English. While playing it should
be one of the performers in the film gibbers, one player translates, the
second performer in the film gibbers, and the second player translates.
This continues.
Alternate Names: Subtitles
Variations on this Game
●
When played with more than a team of three players, there will
still only be two translators, with one of the translators
translating two performers in the film.
●
May be played without a volunteer player.
●
May be played blind, with the translators’ backs turned to the
field as to not see the performers of the film.",A-ComedySportz-Games-Manual-v2.2 copy.pdf,,,Not Started,,,
68,LAUGHTERHOUSE 5,Team Games,Volunteer Player Games,86,86,86,laughterhouse-5,“The players will show what happens when one performer becomes unstuck in time and jumps around a volunteer player’s most important life events.”,"The referee interviews a volunteer player from the audience, and get information about three major life events in their life then chooses one as the starting point for the game, and the players begin playing out that life event. Whenever the referee wishes, they may interrupt the game and call out one of the other life events, and the players must justify their positions in that new event. The referee may also go to events previously visited and the scenes that had been established there must continue from the new positions.",,,,0,,,Auto-extracted - needs human spot check,"<h1>LAUGHTERHOUSE 5</h1>

<h2>Category</h2>
<p>Volunteer Player Games</p>

<h2>Referee Introduction</h2>
<blockquote><p>“The players will show what happens when one performer becomes unstuck in time and jumps around a volunteer player’s most important life events.”</p></blockquote>

<h2>Description</h2>
<p>The referee interviews a volunteer player from the audience, and get information about three major life events in their life then chooses one as the starting point for the game, and the players begin playing out that life event. Whenever the referee wishes, they may interrupt the game and call out one of the other life events, and the players must justify their positions in that new event. The referee may also go to events previously visited and the scenes that had been established there must continue from the new positions.</p>","LAUGHTERHOUSE 5
“The players will show what happens when one performer becomes unstuck in
time and jumps around a volunteer player’s most important life events.”
The referee interviews a volunteer player from the audience, and get
information about three major life events in their life then chooses one
as the starting point for the game, and the players begin playing out that
life event. Whenever the referee wishes, they may interrupt the game
and call out one of the other life events, and the players must justify
their positions in that new event. The referee may also go to events
previously visited and the scenes that had been established there must
continue from the new positions.",A-ComedySportz-Games-Manual-v2.2 copy.pdf,,,Not Started,,,
69,MOVING BODIES,Team Games,Volunteer Player Games,87,87,87,moving-bodies,"“The players will do a scene; however, they are only able to talk, and our volunteer players will have to move them around the field.”","The referee asks for a given number of volunteer players from the audience, gets a suggestion for the game, and the players begin a neutral scene. The volunteer players must move the players bodies throughout the space to do the scene, as the players are unable to do it themselves. This is accomplished by moving their arms, head, bend them over, etc. Walking is accomplished by tapping the back of the leg they want to move forward. Whenever the players are moved they must justify it into the scene, and they may also prompt for specific movements as well.",Human Puppets; Action Figures; Human Statues,,"●
May be played different ways to have players walk, be it simply touch the back, pushing forward, or even lifting their legs up.
●
May be played without volunteer players, and the other team providing the moving of the bodies.",2,,,Auto-extracted - needs human spot check,"<h1>MOVING BODIES</h1>

<h2>Category</h2>
<p>Volunteer Player Games</p>

<h2>Referee Introduction</h2>
<blockquote><p>“The players will do a scene; however, they are only able to talk, and our volunteer players will have to move them around the field.”</p></blockquote>

<h2>Description</h2>
<p>The referee asks for a given number of volunteer players from the audience, gets a suggestion for the game, and the players begin a neutral scene. The volunteer players must move the players bodies throughout the space to do the scene, as the players are unable to do it themselves. This is accomplished by moving their arms, head, bend them over, etc. Walking is accomplished by tapping the back of the leg they want to move forward. Whenever the players are moved they must justify it into the scene, and they may also prompt for specific movements as well.</p>

<h2>Alternate Names</h2>
<p>Human Puppets; Action Figures; Human Statues</p>

<h2>Variations</h2>
<ul>
<li>May be played different ways to have players walk, be it simply touch the back, pushing forward, or even lifting their legs up.</li>
<li>May be played without volunteer players, and the other team providing the moving of the bodies.</li>
</ul>","MOVING BODIES
“The players will do a scene; however, they are only able to talk, and our
volunteer players will have to move them around the field.”
The referee asks for a given number of volunteer players from the
audience, gets a suggestion for the game, and the players begin a neutral
scene. The volunteer players must move the players bodies throughout
the space to do the scene, as the players are unable to do it themselves.
This is accomplished by moving their arms, head, bend them over, etc.
Walking is accomplished by tapping the back of the leg they want to
move forward. Whenever the players are moved they must justify it into
the scene, and they may also prompt for specific movements as well.
Alternate Names: Human Puppets; Action Figures; Human Statues
Variations on this Game
●
May be played different ways to have players walk, be it simply
touch the back, pushing forward, or even lifting their legs up.
●
May be played without volunteer players, and the other team
providing the moving of the bodies.",A-ComedySportz-Games-Manual-v2.2 copy.pdf,,,Not Started,,,
70,NEWSCASTER,Team Games,Volunteer Player Games,88,88,88,newscaster,“Our players will show how a day in the life of one of our volunteer player’s day affects the whole world via a newscast.”,"The referee asks for a volunteer player who has had an interesting or special day recently, and interview them about it. After the interview, the players begin to host a news show. One player takes the lead anchor position and will throw it to the other players to report on specific segments. These sections could be sports, economy, weather, etc., and they will map how they are affected by the special day.",,,"●
May be played head-to-head.",1,,,Auto-extracted - needs human spot check,"<h1>NEWSCASTER</h1>

<h2>Category</h2>
<p>Volunteer Player Games</p>

<h2>Referee Introduction</h2>
<blockquote><p>“Our players will show how a day in the life of one of our volunteer player’s day affects the whole world via a newscast.”</p></blockquote>

<h2>Description</h2>
<p>The referee asks for a volunteer player who has had an interesting or special day recently, and interview them about it. After the interview, the players begin to host a news show. One player takes the lead anchor position and will throw it to the other players to report on specific segments. These sections could be sports, economy, weather, etc., and they will map how they are affected by the special day.</p>

<h2>Variations</h2>
<ul>
<li>May be played head-to-head.</li>
</ul>","NEWSCASTER
“Our players will show how a day in the life of one of our volunteer player’s
day affects the whole world via a newscast.”
The referee asks for a volunteer player who has had an interesting or
special day recently, and interview them about it. After the interview,
the players begin to host a news show. One player takes the lead anchor
position and will throw it to the other players to report on specific
segments. These sections could be sports, economy, weather, etc., and
they will map how they are affected by the special day.
Variations on this Game
●
May be played head-to-head.",A-ComedySportz-Games-Manual-v2.2 copy.pdf,,,Not Started,,,
71,SLIDE SHOW,Team Games,Volunteer Player Games,89,89,89,slide-show,"“The players and volunteer player are about to show us some slides from a recent trip, while another player tells us all about them.”","The referee asks for a given number of volunteer players from the audience, get a suggestion for a location, and the lights will go out on the field. While the lights are out, one of the players will begin to host a slide show of their recent trip to the suggested location, while the players and volunteer players pose for photos in the dark, freezing when the lights come on. The host will explain the photos to tell the story of the trip.",,,"●
May be played head-to-head.
●
May have multiple hosts, if team size permits.",2,,,Auto-extracted - needs human spot check,"<h1>SLIDE SHOW</h1>

<h2>Category</h2>
<p>Volunteer Player Games</p>

<h2>Referee Introduction</h2>
<blockquote><p>“The players and volunteer player are about to show us some slides from a recent trip, while another player tells us all about them.”</p></blockquote>

<h2>Description</h2>
<p>The referee asks for a given number of volunteer players from the audience, get a suggestion for a location, and the lights will go out on the field. While the lights are out, one of the players will begin to host a slide show of their recent trip to the suggested location, while the players and volunteer players pose for photos in the dark, freezing when the lights come on. The host will explain the photos to tell the story of the trip.</p>

<h2>Variations</h2>
<ul>
<li>May be played head-to-head.</li>
<li>May have multiple hosts, if team size permits.</li>
</ul>","SLIDE SHOW
“The players and volunteer player are about to show us some slides from a
recent trip, while another player tells us all about them.”
The referee asks for a given number of volunteer players from the
audience, get a suggestion for a location, and the lights will go out on the
field. While the lights are out, one of the players will begin to host a slide
show of their recent trip to the suggested location, while the players and
volunteer players pose for photos in the dark, freezing when the lights
come on. The host will explain the photos to tell the story of the trip.
Variations on this Game
●
May be played head-to-head.
●
May have multiple hosts, if team size permits.",A-ComedySportz-Games-Manual-v2.2 copy.pdf,,,Not Started,,,
72,SLO-MO,Team Games,Volunteer Player Games,90,90,90,slo-mo,“We are about to see the newest Olympic event. Our volunteer player and players will compete and provide the commentary.”,"The referee asks for a volunteer player from the audience, get a suggestion of a mundane activity. The volunteer player and a player will begin to warm for the activity in regular speed, while they are introduced by the other two players acting as commentators. Once the announcer fires a starting pistol the two competitors switch to slow motion, while the commentators describe the action as if it were a high stakes sporting event.",Mundane Olympics; Everyday Olympics,,"●
May be played with more than one player and one volunteer player as competitors.",1,,,Auto-extracted - needs human spot check,"<h1>SLO-MO</h1>

<h2>Category</h2>
<p>Volunteer Player Games</p>

<h2>Referee Introduction</h2>
<blockquote><p>“We are about to see the newest Olympic event. Our volunteer player and players will compete and provide the commentary.”</p></blockquote>

<h2>Description</h2>
<p>The referee asks for a volunteer player from the audience, get a suggestion of a mundane activity. The volunteer player and a player will begin to warm for the activity in regular speed, while they are introduced by the other two players acting as commentators. Once the announcer fires a starting pistol the two competitors switch to slow motion, while the commentators describe the action as if it were a high stakes sporting event.</p>

<h2>Alternate Names</h2>
<p>Mundane Olympics; Everyday Olympics</p>

<h2>Variations</h2>
<ul>
<li>May be played with more than one player and one volunteer player as competitors.</li>
</ul>","SLO-MO
“We are about to see the newest Olympic event. Our volunteer player and
players will compete and provide the commentary.”
The referee asks for a volunteer player from the audience, get a
suggestion of a mundane activity. The volunteer player and a player will
begin to warm for the activity in regular speed, while they are
introduced by the other two players acting as commentators. Once the
announcer fires a starting pistol the two competitors switch to slow
motion, while the commentators describe the action as if it were a high
stakes sporting event.
Alternate Names: Mundane Olympics; Everyday Olympics
Variations on this Game
●
May be played with more than one player and one volunteer
player as competitors.",A-ComedySportz-Games-Manual-v2.2 copy.pdf,,,Not Started,,,
73,TALK RADIO,Team Games,Volunteer Player Games,91,91,91,talk-radio,"“One player will host a radio talk show interviewing a volunteer player, while the other players call in to the show with questions.”","The referee asks for a volunteer player from the audience who is an expert in something, then one player will introduce the radio show themed around the area of expertise. The host will get to know the volunteer player and their area of expertise for a bit before opening the phone lines for questions. The other players will be callers calling into the show, taking on characters with problems related to the area of expertise, and ask questions of the expert. The host helps to guide the volunteer player through the answers.",NPR; Talk of the Town,,"●
May be played head-to-head.",1,,,Auto-extracted - needs human spot check,"<h1>TALK RADIO</h1>

<h2>Category</h2>
<p>Volunteer Player Games</p>

<h2>Referee Introduction</h2>
<blockquote><p>“One player will host a radio talk show interviewing a volunteer player, while the other players call in to the show with questions.”</p></blockquote>

<h2>Description</h2>
<p>The referee asks for a volunteer player from the audience who is an expert in something, then one player will introduce the radio show themed around the area of expertise. The host will get to know the volunteer player and their area of expertise for a bit before opening the phone lines for questions. The other players will be callers calling into the show, taking on characters with problems related to the area of expertise, and ask questions of the expert. The host helps to guide the volunteer player through the answers.</p>

<h2>Alternate Names</h2>
<p>NPR; Talk of the Town</p>

<h2>Variations</h2>
<ul>
<li>May be played head-to-head.</li>
</ul>","TALK RADIO
“One player will host a radio talk show interviewing a volunteer player, while
the other players call in to the show with questions.”
The referee asks for a volunteer player from the audience who is an
expert in something, then one player will introduce the radio show
themed around the area of expertise. The host will get to know the
volunteer player and their area of expertise for a bit before opening the
phone lines for questions. The other players will be callers calling into
the show, taking on characters with problems related to the area of
expertise, and ask questions of the expert. The host helps to guide the
volunteer player through the answers.
Alternate Names: NPR; Talk of the Town
Variations on this Game
●
May be played head-to-head.",A-ComedySportz-Games-Manual-v2.2 copy.pdf,,,Not Started,,,
74,THE EVENT,Team Games,Volunteer Player Games,92,92,92,the-event,"“The players will show an event in the life of a volunteer player, as well as how history led up to and was changed by it.”","The referee asks for a volunteer player who has had an interesting or special event in their life recently, and interview them about it. After the interview, the players recreate the event in a short scene. One player will then interrupt the scene and give an amount of time before or after the event, phrased as “10 years before The Event!” or “20 minutes after The Event!” The players clear the field and we see that scene. One player plays the volunteer player throughout, if they are needed in any scenes.",,,"●
May be played head-to-head with the teams alternating between making the time jumps.",1,,,Auto-extracted - needs human spot check,"<h1>THE EVENT</h1>

<h2>Category</h2>
<p>Volunteer Player Games</p>

<h2>Referee Introduction</h2>
<blockquote><p>“The players will show an event in the life of a volunteer player, as well as how history led up to and was changed by it.”</p></blockquote>

<h2>Description</h2>
<p>The referee asks for a volunteer player who has had an interesting or special event in their life recently, and interview them about it. After the interview, the players recreate the event in a short scene. One player will then interrupt the scene and give an amount of time before or after the event, phrased as “10 years before The Event!” or “20 minutes after The Event!” The players clear the field and we see that scene. One player plays the volunteer player throughout, if they are needed in any scenes.</p>

<h2>Variations</h2>
<ul>
<li>May be played head-to-head with the teams alternating between making the time jumps.</li>
</ul>","THE EVENT
“The players will show an event in the life of a volunteer player, as well as how
history led up to and was changed by it.”
The referee asks for a volunteer player who has had an interesting or
special event in their life recently, and interview them about it. After the
interview, the players recreate the event in a short scene. One player will
then interrupt the scene and give an amount of time before or after the
event, phrased as “10 years before The Event!” or “20 minutes after The
Event!” The players clear the field and we see that scene. One player
plays the volunteer player throughout, if they are needed in any scenes.
Variations on this Game
●
May be played head-to-head with the teams alternating between
making the time jumps.",A-ComedySportz-Games-Manual-v2.2 copy.pdf,,,Not Started,,,
75,WHAT IF?,Team Games,Volunteer Player Games,93,93,93,what-if,"“The players will show what would have happened if a volunteer player chose differently on a major decision, and how things would have changed.”","The referee asks for a volunteer player who has made a major life decision recently and interview them about it, then the players begin a scene where they play out what would have happened if the volunteer player chose differently. One player should play the volunteer player throughout. The team should good-naturedly show how bad things would have been, had the volunteer player chose the other path.",,,,0,,,Auto-extracted - needs human spot check,"<h1>WHAT IF?</h1>

<h2>Category</h2>
<p>Volunteer Player Games</p>

<h2>Referee Introduction</h2>
<blockquote><p>“The players will show what would have happened if a volunteer player chose differently on a major decision, and how things would have changed.”</p></blockquote>

<h2>Description</h2>
<p>The referee asks for a volunteer player who has made a major life decision recently and interview them about it, then the players begin a scene where they play out what would have happened if the volunteer player chose differently. One player should play the volunteer player throughout. The team should good-naturedly show how bad things would have been, had the volunteer player chose the other path.</p>","WHAT IF?
“The players will show what would have happened if a volunteer player chose
differently on a major decision, and how things would have changed.”
The referee asks for a volunteer player who has made a major life
decision recently and interview them about it, then the players begin a
scene where they play out what would have happened if the volunteer
player chose differently. One player should play the volunteer player
throughout. The team should good-naturedly show how bad things
would have been, had the volunteer player chose the other path.",A-ComedySportz-Games-Manual-v2.2 copy.pdf,,,Not Started,,,
76,WORD FROM OUR SPONSOR,Team Games,Volunteer Player Games,94,94,94,word-from-our-sponsor,"“One player will host a talk show interviewing a volunteer player, while the other players provide the commercials.”","The referee will ask for a volunteer player willing to be interviewed, and one player begins an interview style talk show with them. Throughout the interview, the host will use the responses as segues into commercial breaks using the line “Speaking of ____, here’s a word from our sponsors.” The other players will then do a commercial about whatever the host said.",,,"●
May be played with the referee getting three products, as opposed to using the segues from the interview.
●
May be played with jingles instead of commercials.
●
May be played with rapping about the suggestions instead of commercials. (Called “Word Up From Our Sponsor”)",3,Word Up From Our Sponsor,,Auto-extracted - needs human spot check,"<h1>WORD FROM OUR SPONSOR</h1>

<h2>Category</h2>
<p>Volunteer Player Games</p>

<h2>Referee Introduction</h2>
<blockquote><p>“One player will host a talk show interviewing a volunteer player, while the other players provide the commercials.”</p></blockquote>

<h2>Description</h2>
<p>The referee will ask for a volunteer player willing to be interviewed, and one player begins an interview style talk show with them. Throughout the interview, the host will use the responses as segues into commercial breaks using the line “Speaking of ____, here’s a word from our sponsors.” The other players will then do a commercial about whatever the host said.</p>

<h2>Variations</h2>
<ul>
<li>May be played with the referee getting three products, as opposed to using the segues from the interview.</li>
<li>May be played with jingles instead of commercials.</li>
<li>May be played with rapping about the suggestions instead of commercials. (Called “Word Up From Our Sponsor”)</li>
</ul>","WORD FROM OUR SPONSOR
“One player will host a talk show interviewing a volunteer player, while the
other players provide the commercials.”
The referee will ask for a volunteer player willing to be interviewed, and
one player begins an interview style talk show with them. Throughout
the interview, the host will use the responses as segues into commercial
breaks using the line “Speaking of ____, here’s a word from our sponsors.”
The other players will then do a commercial about whatever the host
said.
Variations on this Game
●
May be played with the referee getting three products, as
opposed to using the segues from the interview.
●
May be played with jingles instead of commercials.
●
May be played with rapping about the suggestions instead of
commercials. (Called “Word Up From Our Sponsor”)",A-ComedySportz-Games-Manual-v2.2 copy.pdf,,,Not Started,,,
77,AUDIENCE & HAMMERSTEIN,Team Games,Musical Games,97,97,97,audience-hammerstein,"“Based on your suggestions of three unrelated song titles, the players will perform a new, never before seen musical.”","The referee gets the suggestions of three unrelated made up song titles, and the name of a never before produced musical, the players then begin a scene in the style of musical comedy. As they play they will attempt to seamlessly work the three songs into the scene.",,,"●
May be played with the title of the song being the chorus, so that the audience may sing along. (Called “Audience Sing Along”)",1,Audience Sing Along,,Auto-extracted - needs human spot check,"<h1>AUDIENCE & HAMMERSTEIN</h1>

<h2>Category</h2>
<p>Musical Games</p>

<h2>Referee Introduction</h2>
<blockquote><p>“Based on your suggestions of three unrelated song titles, the players will perform a new, never before seen musical.”</p></blockquote>

<h2>Description</h2>
<p>The referee gets the suggestions of three unrelated made up song titles, and the name of a never before produced musical, the players then begin a scene in the style of musical comedy. As they play they will attempt to seamlessly work the three songs into the scene.</p>

<h2>Variations</h2>
<ul>
<li>May be played with the title of the song being the chorus, so that the audience may sing along. (Called “Audience Sing Along”)</li>
</ul>","AUDIENCE & HAMMERSTEIN
“Based on your suggestions of three unrelated song titles, the players will
perform a new, never before seen musical.”
The referee gets the suggestions of three unrelated made up song titles,
and the name of a never before produced musical, the players then begin
a scene in the style of musical comedy. As they play they will attempt to
seamlessly work the three songs into the scene.
Variations on this Game
●
May be played with the title of the song being the chorus, so that
the audience may sing along. (Called “Audience Sing Along”)",A-ComedySportz-Games-Manual-v2.2 copy.pdf,,,Not Started,,,
78,BLANK! THE MUSICAL,Team Games,Musical Games,98,98,98,blank-the-musical,"“Every movie is getting turned into a musical these days, and tonight our players will turn another film into one.”","The referee gets the suggestion of a film which has not been turned into a musical, asking for more information about the movie if it is obscure. The players will then perform a scene turning that movie into a musical.",,,"●
May be played with a fairy tale, historic event, or other existing property.",1,,,Auto-extracted - needs human spot check,"<h1>BLANK! THE MUSICAL</h1>

<h2>Category</h2>
<p>Musical Games</p>

<h2>Referee Introduction</h2>
<blockquote><p>“Every movie is getting turned into a musical these days, and tonight our players will turn another film into one.”</p></blockquote>

<h2>Description</h2>
<p>The referee gets the suggestion of a film which has not been turned into a musical, asking for more information about the movie if it is obscure. The players will then perform a scene turning that movie into a musical.</p>

<h2>Variations</h2>
<ul>
<li>May be played with a fairy tale, historic event, or other existing property.</li>
</ul>","BLANK! THE MUSICAL
“Every movie is getting turned into a musical these days, and tonight our
players will turn another film into one.”
The referee gets the suggestion of a film which has not been turned into
a musical, asking for more information about the movie if it is obscure.
The players will then perform a scene turning that movie into a musical.
Variations on this Game
●
May be played with a fairy tale, historic event, or other existing
property.",A-ComedySportz-Games-Manual-v2.2 copy.pdf,,,Not Started,,,
79,GIBBERISH OPERA,Team Games,Musical Games,99,99,99,gibberish-opera,"“The team will perform for you a new never before seen opera in gibberish, but don’t worry a helpful narrator will help explain what’s happening.”","The referee gets the title of a made-up opera, and one player steps forward to serve as the narrator. The narrator will introduce the title of the opera, and pimp the players with a bit of exposition for the first act. The players perform the first act in gibberish, then the narrator comes back again to explain what happened, and pimp the players for a second act. Repeat for act three, when all of the performers are married or dead.",,,"●
May be played with a volunteer player.",1,,,Auto-extracted - needs human spot check,"<h1>GIBBERISH OPERA</h1>

<h2>Category</h2>
<p>Musical Games</p>

<h2>Referee Introduction</h2>
<blockquote><p>“The team will perform for you a new never before seen opera in gibberish, but don’t worry a helpful narrator will help explain what’s happening.”</p></blockquote>

<h2>Description</h2>
<p>The referee gets the title of a made-up opera, and one player steps forward to serve as the narrator. The narrator will introduce the title of the opera, and pimp the players with a bit of exposition for the first act. The players perform the first act in gibberish, then the narrator comes back again to explain what happened, and pimp the players for a second act. Repeat for act three, when all of the performers are married or dead.</p>

<h2>Variations</h2>
<ul>
<li>May be played with a volunteer player.</li>
</ul>","GIBBERISH OPERA
“The team will perform for you a new never before seen opera in gibberish, but
don’t worry a helpful narrator will help explain what’s happening.”
The referee gets the title of a made-up opera, and one player steps
forward to serve as the narrator. The narrator will introduce the title of
the opera, and pimp the players with a bit of exposition for the first act.
The players perform the first act in gibberish, then the narrator comes
back again to explain what happened, and pimp the players for a second
act. Repeat for act three, when all of the performers are married or dead.
Variations on this Game
●
May be played with a volunteer player.",A-ComedySportz-Games-Manual-v2.2 copy.pdf,,,Not Started,,,
80,IPSO FACTO OPERA,Team Games,Musical Games,100,100,100,ipso-facto-opera,"(Start of the game) “The players will perform an opera for you in gibberish, then I will back to explain the rest in a moment.”
(After the gibberish opera) “And now they will replay that opera for you in English, but with a totally new suggestion.”","The referee gets a suggestion, and the players begin to perform an opera in gibberish about it. Once they have finished the opera, the referee will get a new suggestion and have them replay the opera, but this time in English and about the new suggestion. Players should try to match the actions and emotions as the gibberish one, justifying them into the new opera.",,,"●
May be played head-to-head, with one team performing the gibberish opera, and the other performing the English version. They then switch.",1,,,Auto-extracted - needs human spot check,"<h1>IPSO FACTO OPERA</h1>

<h2>Category</h2>
<p>Musical Games</p>

<h2>Referee Introduction</h2>
<blockquote><p>(Start of the game) “The players will perform an opera for you in gibberish, then I will back to explain the rest in a moment.”<br>(After the gibberish opera) “And now they will replay that opera for you in English, but with a totally new suggestion.”</p></blockquote>

<h2>Description</h2>
<p>The referee gets a suggestion, and the players begin to perform an opera in gibberish about it. Once they have finished the opera, the referee will get a new suggestion and have them replay the opera, but this time in English and about the new suggestion. Players should try to match the actions and emotions as the gibberish one, justifying them into the new opera.</p>

<h2>Variations</h2>
<ul>
<li>May be played head-to-head, with one team performing the gibberish opera, and the other performing the English version. They then switch.</li>
</ul>","IPSO FACTO OPERA
(Start of the game) “The players will perform an opera for you in gibberish,
then I will back to explain the rest in a moment.”
(After the gibberish opera) “And now they will replay that opera for you in
English, but with a totally new suggestion.”
The referee gets a suggestion, and the players begin to perform an opera
in gibberish about it. Once they have finished the opera, the referee will
get a new suggestion and have them replay the opera, but this time in
English and about the new suggestion. Players should try to match the
actions and emotions as the gibberish one, justifying them into the new
opera.
Variations on this Game
●
May be played head-to-head, with one team performing the
gibberish opera, and the other performing the English version.
They then switch.",A-ComedySportz-Games-Manual-v2.2 copy.pdf,,,Not Started,,,
81,LOUNGE LIZARD,Team Games,Musical Games,101,101,101,lounge-lizard,“The host of our night club will lead a variety of performers to serenade our volunteer player.”,"The referee asks for a volunteer player from the audience, and a player then begins to interview the volunteer player as if they are a guest at a fancy old fashioned night club. Throughout the interview the host will find segues into letting the volunteer player know they have a performer here to sing a song about their responses. The host introduces the performer, and the performer sings the song to the volunteer. This repeats until all players have sung.",,,"●
May be played with the host singing a closing number, bringing together all the performers once more.",1,,,Auto-extracted - needs human spot check,"<h1>LOUNGE LIZARD</h1>

<h2>Category</h2>
<p>Musical Games</p>

<h2>Referee Introduction</h2>
<blockquote><p>“The host of our night club will lead a variety of performers to serenade our volunteer player.”</p></blockquote>

<h2>Description</h2>
<p>The referee asks for a volunteer player from the audience, and a player then begins to interview the volunteer player as if they are a guest at a fancy old fashioned night club. Throughout the interview the host will find segues into letting the volunteer player know they have a performer here to sing a song about their responses. The host introduces the performer, and the performer sings the song to the volunteer. This repeats until all players have sung.</p>

<h2>Variations</h2>
<ul>
<li>May be played with the host singing a closing number, bringing together all the performers once more.</li>
</ul>","LOUNGE LIZARD
“The host of our night club will lead a variety of performers to serenade our
volunteer player.”
The referee asks for a volunteer player from the audience, and a player
then begins to interview the volunteer player as if they are a guest at a
fancy old fashioned night club. Throughout the interview the host will
find segues into letting the volunteer player know they have a performer
here to sing a song about their responses. The host introduces the
performer, and the performer sings the song to the volunteer. This
repeats until all players have sung.
Variations on this Game
●
May be played with the host singing a closing number, bringing
together all the performers once more.",A-ComedySportz-Games-Manual-v2.2 copy.pdf,,,Not Started,,,
82,MADRIGAL,Team Games,Musical Games,102,102,102,madrigal,"“The players will perform a newly discovered 16th century madrigal, which I will conduct.”","The referee has the players line up, getting a multi-word suggestion for each of them. These suggestions are generally tabloid headlines, pieces of advice, advertising slogans, etc. After the players each have their suggestion, the referee will begin to conduct them, each singing their suggestion two or four times by themselves. After a player has sang their line, the will sing it quietly underlining the rest of the players. Once all players have sung once, they will begin to change their suggestion by mixing in words from the other singers, subtly at first, and more so as the game progress. During the third time through the referee will designate one of the player’s mixed up line as the ending chorus, and all players join in singing that new line in unison.",,,"●
May be played with players singing all of their lines loudly, at the same time, in between each time through.
●
May be played in the style of rapping, going once through with the lines as suggested, mixed up the second time through, and free flow rapping about the subjects mentioned on the third. (Called “Rap Madrigal” or “Sir Mix-A-Line”)",2,,,Auto-extracted - needs human spot check,"<h1>MADRIGAL</h1>

<h2>Category</h2>
<p>Musical Games</p>

<h2>Referee Introduction</h2>
<blockquote><p>“The players will perform a newly discovered 16th century madrigal, which I will conduct.”</p></blockquote>

<h2>Description</h2>
<p>The referee has the players line up, getting a multi-word suggestion for each of them. These suggestions are generally tabloid headlines, pieces of advice, advertising slogans, etc. After the players each have their suggestion, the referee will begin to conduct them, each singing their suggestion two or four times by themselves. After a player has sang their line, the will sing it quietly underlining the rest of the players. Once all players have sung once, they will begin to change their suggestion by mixing in words from the other singers, subtly at first, and more so as the game progress. During the third time through the referee will designate one of the player’s mixed up line as the ending chorus, and all players join in singing that new line in unison.</p>

<h2>Variations</h2>
<ul>
<li>May be played with players singing all of their lines loudly, at the same time, in between each time through.</li>
<li>May be played in the style of rapping, going once through with the lines as suggested, mixed up the second time through, and free flow rapping about the subjects mentioned on the third. (Called “Rap Madrigal” or “Sir Mix-A-Line”)</li>
</ul>","MADRIGAL
“The players will perform a newly discovered 16th century madrigal, which I
will conduct.”
The referee has the players line up, getting a multi-word suggestion for
each of them. These suggestions are generally tabloid headlines, pieces
of advice, advertising slogans, etc. After the players each have their
suggestion, the referee will begin to conduct them, each singing their
suggestion two or four times by themselves. After a player has sang their
line, the will sing it quietly underlining the rest of the players. Once all
players have sung once, they will begin to change their suggestion by
mixing in words from the other singers, subtly at first, and more so as the
game progress. During the third time through the referee will designate
one of the player’s mixed up line as the ending chorus, and all players join
in singing that new line in unison.
Variations on this Game
●
May be played with players singing all of their lines loudly, at the
same time, in between each time through.
●
May be played in the style of rapping, going once through with
the lines as suggested, mixed up the second time through, and
free flow rapping about the subjects mentioned on the third.
(Called “Rap Madrigal” or “Sir Mix-A-Line”)",A-ComedySportz-Games-Manual-v2.2 copy.pdf,,,Not Started,,,
83,MUSICAL GENRE,Team Games,Musical Games,103,103,103,musical-genre,“The players will perform a scene in the style of (genre)”,"The referee gets a suggestion, and the players begin performing a scene in whatever style they have chosen. This game is not called Musical Genre. It is called whatever genre the team had selected to do the scene in (Musical Comedy, Opera, Rock Opera, Blues Jam, A Capella Jam, etc.).","Many, again it is dependent upon the genre of musical the team is performing in.",,"●
May be played head-to-head",1,,,Auto-extracted - needs human spot check,"<h1>MUSICAL GENRE</h1>

<h2>Category</h2>
<p>Musical Games</p>

<h2>Referee Introduction</h2>
<blockquote><p>“The players will perform a scene in the style of (genre)”</p></blockquote>

<h2>Description</h2>
<p>The referee gets a suggestion, and the players begin performing a scene in whatever style they have chosen. This game is not called Musical Genre. It is called whatever genre the team had selected to do the scene in (Musical Comedy, Opera, Rock Opera, Blues Jam, A Capella Jam, etc.).</p>

<h2>Alternate Names</h2>
<p>Many, again it is dependent upon the genre of musical the team is performing in.</p>

<h2>Variations</h2>
<ul>
<li>May be played head-to-head</li>
</ul>","MUSICAL GENRE
“The players will perform a scene in the style of (genre)”
The referee gets a suggestion, and the players begin performing a scene
in whatever style they have chosen. This game is not called Musical
Genre. It is called whatever genre the team had selected to do the scene
in (Musical Comedy, Opera, Rock Opera, Blues Jam, A Capella Jam, etc.).
Alternate Names: Many, again it is dependent upon the genre of musical
the team is performing in.
Variations on this Game
●
May be played head-to-head",A-ComedySportz-Games-Manual-v2.2 copy.pdf,,,Not Started,,,
84,PIANO TORTURE,Team Games,Musical Games,104,104,104,piano-torture,"“The players will be doing a scene, but whenever the accompanist wishes they can begin playing, and the players must begin singing, and stop whenever the music stops.”","The referee gets a suggestion for the game, and the players begin with a neutral scene.  Whenever the accompanist wishes, they will play music and the players must immediately switch from speaking talking to singing, and back to talking when the music stopped, never addressing the change.",,,,0,,,Auto-extracted - needs human spot check,"<h1>PIANO TORTURE</h1>

<h2>Category</h2>
<p>Musical Games</p>

<h2>Referee Introduction</h2>
<blockquote><p>“The players will be doing a scene, but whenever the accompanist wishes they can begin playing, and the players must begin singing, and stop whenever the music stops.”</p></blockquote>

<h2>Description</h2>
<p>The referee gets a suggestion for the game, and the players begin with a neutral scene.  Whenever the accompanist wishes, they will play music and the players must immediately switch from speaking talking to singing, and back to talking when the music stopped, never addressing the change.</p>","PIANO TORTURE
“The players will be doing a scene, but whenever the accompanist wishes they
can begin playing, and the players must begin singing, and stop whenever the
music stops.”
The referee gets a suggestion for the game, and the players begin with a
neutral scene.  Whenever the accompanist wishes, they will play music
and the players must immediately switch from speaking talking to
singing, and back to talking when the music stopped, never addressing
the change.",A-ComedySportz-Games-Manual-v2.2 copy.pdf,,,Not Started,,,
85,SCHOOLHOUSE MOCK,Team Games,Musical Games,105,105,105,schoolhouse-mock,“The players will solve a problem with the help of a mysterious stranger in the style of Schoolhouse Rock.”,"The referee gets the suggestion of a common problem or concept, and two players begin a scene where they are children not understanding the suggestion. The third player enters as a character themed around the suggestion and teaches the kids about it through song, a la Schoolhouse Rock. The kids join in, but bring up something else tied to the suggestion, which the third player also teaches them about. The game ends with all the players singing about what they have learned.",,,"• May be played with four players, with the fourth coming in as a second character to teach about the second concept.",1,,,Auto-extracted - needs human spot check,"<h1>SCHOOLHOUSE MOCK</h1>

<h2>Category</h2>
<p>Musical Games</p>

<h2>Referee Introduction</h2>
<blockquote><p>“The players will solve a problem with the help of a mysterious stranger in the style of Schoolhouse Rock.”</p></blockquote>

<h2>Description</h2>
<p>The referee gets the suggestion of a common problem or concept, and two players begin a scene where they are children not understanding the suggestion. The third player enters as a character themed around the suggestion and teaches the kids about it through song, a la Schoolhouse Rock. The kids join in, but bring up something else tied to the suggestion, which the third player also teaches them about. The game ends with all the players singing about what they have learned.</p>

<h2>Variations</h2>
<ul>
<li>• May be played with four players, with the fourth coming in as a second character to teach about the second concept.</li>
</ul>","SCHOOLHOUSE MOCK
“The players will solve a problem with the help of a mysterious stranger in the
style of Schoolhouse Rock.”
The referee gets the suggestion of a common problem or concept, and
two players begin a scene where they are children not understanding
the suggestion. The third player enters as a character themed around
the suggestion and teaches the kids about it through song, a la
Schoolhouse Rock. The kids join in, but bring up something else tied to
the suggestion, which the third player also teaches them about. The
game ends with all the players singing about what they have learned.
Variations on this Game
•
May be played with four players, with the fourth coming in as a
second character to teach about the second concept.",A-ComedySportz-Games-Manual-v2.2 copy.pdf,,,Not Started,,,
86,SHAM-ELTON,Team Games,Musical Games,106,106,106,sham-elton,"“To capitalize on the success of Hamilton, our players will create a new hit rap musical about another historical figure.”","The referee gets a suggestion of a historical figure, and asks the audience for a little information about the historical figure if it is an obscure one, then the players perform a musical about the historical figure, entirely through rap.",,,,0,,,Auto-extracted - needs human spot check,"<h1>SHAM-ELTON</h1>

<h2>Category</h2>
<p>Musical Games</p>

<h2>Referee Introduction</h2>
<blockquote><p>“To capitalize on the success of Hamilton, our players will create a new hit rap musical about another historical figure.”</p></blockquote>

<h2>Description</h2>
<p>The referee gets a suggestion of a historical figure, and asks the audience for a little information about the historical figure if it is an obscure one, then the players perform a musical about the historical figure, entirely through rap.</p>","SHAM-ELTON
“To capitalize on the success of Hamilton, our players will create a new hit rap
musical about another historical figure.”
The referee gets a suggestion of a historical figure, and asks the
audience for a little information about the historical figure if it is an
obscure one, then the players perform a musical about the historical
figure, entirely through rap.",A-ComedySportz-Games-Manual-v2.2 copy.pdf,,,Not Started,,,
87,SING IT,Team Games,Musical Games,107,107,107,sing-it,"“The players will begin a scene, and throughout it I can blow my whistle and call for a specific player to ‘Sing It!’ and they will sing a song based on their last line of dialogue.”","The referee gets a suggestion for the game, and the players begin with a neutral scene. Whenever the referee wishes, they may interrupt the game and call out a player, and line of dialogue, then encourage the audience to join them in declaring “Sing it!”. That player will begin to sing a song based on that line, generally with the line becoming the chorus. During their song, the other players may join in for back up, or to move the song forward. The player, referee, or musician can end the song.",,,"●
May be played with rapping instead of singing, with the referee declaring “Kick it!” (Called “Kick It”)
●
May be played with the songs being super short, and straight to the point, about two lines. (Called “No Time For Musicals”)",2,Kick It; No Time For Musicals,,Auto-extracted - needs human spot check,"<h1>SING IT</h1>

<h2>Category</h2>
<p>Musical Games</p>

<h2>Referee Introduction</h2>
<blockquote><p>“The players will begin a scene, and throughout it I can blow my whistle and call for a specific player to ‘Sing It!’ and they will sing a song based on their last line of dialogue.”</p></blockquote>

<h2>Description</h2>
<p>The referee gets a suggestion for the game, and the players begin with a neutral scene. Whenever the referee wishes, they may interrupt the game and call out a player, and line of dialogue, then encourage the audience to join them in declaring “Sing it!”. That player will begin to sing a song based on that line, generally with the line becoming the chorus. During their song, the other players may join in for back up, or to move the song forward. The player, referee, or musician can end the song.</p>

<h2>Variations</h2>
<ul>
<li>May be played with rapping instead of singing, with the referee declaring “Kick it!” (Called “Kick It”)</li>
<li>May be played with the songs being super short, and straight to the point, about two lines. (Called “No Time For Musicals”)</li>
</ul>","SING IT
“The players will begin a scene, and throughout it I can blow my whistle and
call for a specific player to ‘Sing It!’ and they will sing a song based on their
last line of dialogue.”
The referee gets a suggestion for the game, and the players begin with a
neutral scene. Whenever the referee wishes, they may interrupt the
game and call out a player, and line of dialogue, then encourage the
audience to join them in declaring “Sing it!”. That player will begin to sing
a song based on that line, generally with the line becoming the chorus.
During their song, the other players may join in for back up, or to move
the song forward. The player, referee, or musician can end the song.
Variations on this Game
●
May be played with rapping instead of singing, with the referee
declaring “Kick it!” (Called “Kick It”)
●
May be played with the songs being super short, and straight to
the point, about two lines. (Called “No Time For Musicals”)",A-ComedySportz-Games-Manual-v2.2 copy.pdf,,,Not Started,,,
88,THAT SOUNDS LIKE A SONG,Team Games,Musical Games,108,108,108,that-sounds-like-a-song,"“The players will begin a scene, and throughout it, if a player hears something they like they can let the other player know that ‘That sounds like a song.’ Their teammate will then break into a musical number.”","The referee gets a suggestion for the game, and the players begin with a neutral scene. Whenever a player hears a line of dialogue from their teammate that they like, they may say to them that their offer “Sounds like a song.” After this is said the player who spoke will sing a song based on their last line of dialogue generally with the line becoming the chorus. During their song, the other players may join in for back up, or to move the song forward. The player, referee, or musician can end the song.",,,"●
May be played with rapping instead of singing, with the player declaring “That gets a bad rap!” (Called “That Gets a Bad Rap”)",1,That Gets a Bad Rap,,Auto-extracted - needs human spot check,"<h1>THAT SOUNDS LIKE A SONG</h1>

<h2>Category</h2>
<p>Musical Games</p>

<h2>Referee Introduction</h2>
<blockquote><p>“The players will begin a scene, and throughout it, if a player hears something they like they can let the other player know that ‘That sounds like a song.’ Their teammate will then break into a musical number.”</p></blockquote>

<h2>Description</h2>
<p>The referee gets a suggestion for the game, and the players begin with a neutral scene. Whenever a player hears a line of dialogue from their teammate that they like, they may say to them that their offer “Sounds like a song.” After this is said the player who spoke will sing a song based on their last line of dialogue generally with the line becoming the chorus. During their song, the other players may join in for back up, or to move the song forward. The player, referee, or musician can end the song.</p>

<h2>Variations</h2>
<ul>
<li>May be played with rapping instead of singing, with the player declaring “That gets a bad rap!” (Called “That Gets a Bad Rap”)</li>
</ul>","THAT SOUNDS LIKE A SONG
“The players will begin a scene, and throughout it, if a player hears something
they like they can let the other player know that ‘That sounds like a song.’
Their teammate will then break into a musical number.”
The referee gets a suggestion for the game, and the players begin with a
neutral scene. Whenever a player hears a line of dialogue from their
teammate that they like, they may say to them that their offer “Sounds
like a song.” After this is said the player who spoke will sing a song based
on their last line of dialogue generally with the line becoming the chorus.
During their song, the other players may join in for back up, or to move
the song forward. The player, referee, or musician can end the song.
Variations on this Game
●
May be played with rapping instead of singing, with the player
declaring “That gets a bad rap!” (Called “That Gets a Bad Rap”)",A-ComedySportz-Games-Manual-v2.2 copy.pdf,,,Not Started,,,
89,THREE-HEADED BROADWAY STAR,Team Games,Musical Games,109,109,109,three-headed-broadway-star,"“The players will serenade you all, by singing a song one word at a time.”","The referee gets a suggestion for a song, and the players line up side by side. They begin singing the song one word at a time.",,,"●
May be played with a volunteer player, whom the referee has interviewed. The players sing the song to them.",1,,,Auto-extracted - needs human spot check,"<h1>THREE-HEADED BROADWAY STAR</h1>

<h2>Category</h2>
<p>Musical Games</p>

<h2>Referee Introduction</h2>
<blockquote><p>“The players will serenade you all, by singing a song one word at a time.”</p></blockquote>

<h2>Description</h2>
<p>The referee gets a suggestion for a song, and the players line up side by side. They begin singing the song one word at a time.</p>

<h2>Variations</h2>
<ul>
<li>May be played with a volunteer player, whom the referee has interviewed. The players sing the song to them.</li>
</ul>","THREE-HEADED BROADWAY STAR
“The players will serenade you all, by singing a song one word at a time.”
The referee gets a suggestion for a song, and the players line up side by
side. They begin singing the song one word at a time.
Variations on this Game
●
May be played with a volunteer player, whom the referee has
interviewed. The players sing the song to them.",A-ComedySportz-Games-Manual-v2.2 copy.pdf,,,Not Started,,,
90,TIN PAN ALLEY,Team Games,Musical Games,110,110,110,tin-pan-alley,"“One of the players will treat us as investors, setting the scene for songs from their new musical.”","The referee gets a suggestion for the name of a musical that has never been produced, and one player will step onto the field as if entering a pitch room. They begin to tell everyone about the musical, setting up the scenes and songs. When the pitchperson is done, the remaining players will perform the aforementioned scene and song.",,,• May be played head-to-head with one player from each team working together to pitch the show.,1,,,Auto-extracted - needs human spot check,"<h1>TIN PAN ALLEY</h1>

<h2>Category</h2>
<p>Musical Games</p>

<h2>Referee Introduction</h2>
<blockquote><p>“One of the players will treat us as investors, setting the scene for songs from their new musical.”</p></blockquote>

<h2>Description</h2>
<p>The referee gets a suggestion for the name of a musical that has never been produced, and one player will step onto the field as if entering a pitch room. They begin to tell everyone about the musical, setting up the scenes and songs. When the pitchperson is done, the remaining players will perform the aforementioned scene and song.</p>

<h2>Variations</h2>
<ul>
<li>• May be played head-to-head with one player from each team working together to pitch the show.</li>
</ul>","TIN PAN ALLEY
“One of the players will treat us as investors, setting the scene for songs from
their new musical.”
The referee gets a suggestion for the name of a musical that has never
been produced, and one player will step onto the field as if entering a
pitch room. They begin to tell everyone about the musical, setting up the
scenes and songs. When the pitchperson is done, the remaining players
will perform the aforementioned scene and song.
Variations on this Game
•
May be played head-to-head with one player from each team
working together to pitch the show.",A-ComedySportz-Games-Manual-v2.2 copy.pdf,,,Not Started,,,
91,AB SCENE,Team Games,Catch-All Games,113,113,113,ab-scene,“The players will play a scene where every line of dialogue must begin with the next letter of the alphabet.”,"The referee gets a suggestion for the game, and the players begin playing a scene. Each line of dialogue must begin with the next letter of the English alphabet.",ABC Scene,,"●
May be played where the referee gets a random letter of the alphabet to begin on.
●
May be played with the lines of dialogue starting with the preceding letter of the alphabet, making the alphabet backwards.",2,,,Auto-extracted - needs human spot check,"<h1>AB SCENE</h1>

<h2>Category</h2>
<p>Catch-All Games</p>

<h2>Referee Introduction</h2>
<blockquote><p>“The players will play a scene where every line of dialogue must begin with the next letter of the alphabet.”</p></blockquote>

<h2>Description</h2>
<p>The referee gets a suggestion for the game, and the players begin playing a scene. Each line of dialogue must begin with the next letter of the English alphabet.</p>

<h2>Alternate Names</h2>
<p>ABC Scene</p>

<h2>Variations</h2>
<ul>
<li>May be played where the referee gets a random letter of the alphabet to begin on.</li>
<li>May be played with the lines of dialogue starting with the preceding letter of the alphabet, making the alphabet backwards.</li>
</ul>","AB SCENE
“The players will play a scene where every line of dialogue must begin with the
next letter of the alphabet.”
The referee gets a suggestion for the game, and the players begin playing
a scene. Each line of dialogue must begin with the next letter of the
English alphabet.
Alternate Names: ABC Scene
Variations on this Game
●
May be played where the referee gets a random letter of the
alphabet to begin on.
●
May be played with the lines of dialogue starting with the
preceding letter of the alphabet, making the alphabet backwards.",A-ComedySportz-Games-Manual-v2.2 copy.pdf,,,Not Started,,,
92,ACRONYM PANEL,Team Games,Catch-All Games,114,114,114,acronym-panel,“We have gathered together a panel of experts to share what different acronyms mean in their field.”,"The players stand in a line, and step forward one by one introducing themselves in character. The referee gets a suggestion of an acronym from the audience, and one by one, each player explains what that acronym means to them. The process repeats until the referee ends the game.",,,"●
May be played with the referee suggestions for the players’ characters on the panel.",1,,,Auto-extracted - needs human spot check,"<h1>ACRONYM PANEL</h1>

<h2>Category</h2>
<p>Catch-All Games</p>

<h2>Referee Introduction</h2>
<blockquote><p>“We have gathered together a panel of experts to share what different acronyms mean in their field.”</p></blockquote>

<h2>Description</h2>
<p>The players stand in a line, and step forward one by one introducing themselves in character. The referee gets a suggestion of an acronym from the audience, and one by one, each player explains what that acronym means to them. The process repeats until the referee ends the game.</p>

<h2>Variations</h2>
<ul>
<li>May be played with the referee suggestions for the players’ characters on the panel.</li>
</ul>","ACRONYM PANEL
“We have gathered together a panel of experts to share what different
acronyms mean in their field.”
The players stand in a line, and step forward one by one introducing
themselves in character. The referee gets a suggestion of an acronym
from the audience, and one by one, each player explains what that
acronym means to them. The process repeats until the referee ends the
game.
Variations on this Game
●
May be played with the referee suggestions for the players’
characters on the panel.",A-ComedySportz-Games-Manual-v2.2 copy.pdf,,,Not Started,,,
93,ADVICE PANEL,Team Games,Catch-All Games,115,115,115,advice-panel,“We have gathered together a panel of experts to share their advice for your questions.”,"The players stand in a line, and step forward one by one introducing themselves in character. The referee asks if anyone in the audience needs advice about something, and has an audience member ask their question. One by one, each player offers advice to them. The process repeats until the referee ends the game.",,,"●
May be played with the referee suggestions for the players’ characters on the panel.
●
May be played where one player always give good advice, one always gives bad, and one gives the worst or another endowment (Called “Good, Bad, Worse Advice” or “Good, Bad, ____ Advice” depending on the endowment.)
●
May be played where the referee gets questions about anything, and the panel answers the questions. (Called “Expert Panel”)
●
May be played where the referee can get any question, advice or otherwise, and the characters answer it as stupidly as possible. The stupidest answer gets that player a point, first player to three wins. (Called “Dumbbell Races”)",4,Expert Panel; Dumbbell Races,,Auto-extracted - needs human spot check,"<h1>ADVICE PANEL</h1>

<h2>Category</h2>
<p>Catch-All Games</p>

<h2>Referee Introduction</h2>
<blockquote><p>“We have gathered together a panel of experts to share their advice for your questions.”</p></blockquote>

<h2>Description</h2>
<p>The players stand in a line, and step forward one by one introducing themselves in character. The referee asks if anyone in the audience needs advice about something, and has an audience member ask their question. One by one, each player offers advice to them. The process repeats until the referee ends the game.</p>

<h2>Variations</h2>
<ul>
<li>May be played with the referee suggestions for the players’ characters on the panel.</li>
<li>May be played where one player always give good advice, one always gives bad, and one gives the worst or another endowment (Called “Good, Bad, Worse Advice” or “Good, Bad, ____ Advice” depending on the endowment.)</li>
<li>May be played where the referee gets questions about anything, and the panel answers the questions. (Called “Expert Panel”)</li>
<li>May be played where the referee can get any question, advice or otherwise, and the characters answer it as stupidly as possible. The stupidest answer gets that player a point, first player to three wins. (Called “Dumbbell Races”)</li>
</ul>","ADVICE PANEL
“We have gathered together a panel of experts to share their advice for your
questions.”
The players stand in a line, and step forward one by one introducing
themselves in character. The referee asks if anyone in the audience
needs advice about something, and has an audience member ask their
question. One by one, each player offers advice to them. The process
repeats until the referee ends the game.
Variations on this Game
●
May be played with the referee suggestions for the players’
characters on the panel.
●
May be played where one player always give good advice, one
always gives bad, and one gives the worst or another endowment
(Called “Good, Bad, Worse Advice” or “Good, Bad, ____ Advice”
depending on the endowment.)
●
May be played where the referee gets questions about anything,
and the panel answers the questions. (Called “Expert Panel”)
●
May be played where the referee can get any question, advice or
otherwise, and the characters answer it as stupidly as possible.
The stupidest answer gets that player a point, first player to
three wins. (Called “Dumbbell Races”)",A-ComedySportz-Games-Manual-v2.2 copy.pdf,,,Not Started,,,
94,ALPHABET GENRE,Team Games,Catch-All Games,116,116,116,alphabet-genre,“The players will do a scene in a brand-new genre.”,"The referee gets a letter from the audience, and each player gives a suggestion of a new made up genre that starts with that letter. The audience votes for which genre the want to see, and the players do a scene in that genre.",,,"●
May be played head-to-head.
●
Some cities get multiple letters that make for a multi-word genre.
●
Some cities make a whole list of genres starting with the letter and play it similar to “Changing Styles.”",3,,,Auto-extracted - needs human spot check,"<h1>ALPHABET GENRE</h1>

<h2>Category</h2>
<p>Catch-All Games</p>

<h2>Referee Introduction</h2>
<blockquote><p>“The players will do a scene in a brand-new genre.”</p></blockquote>

<h2>Description</h2>
<p>The referee gets a letter from the audience, and each player gives a suggestion of a new made up genre that starts with that letter. The audience votes for which genre the want to see, and the players do a scene in that genre.</p>

<h2>Variations</h2>
<ul>
<li>May be played head-to-head.</li>
<li>Some cities get multiple letters that make for a multi-word genre.</li>
<li>Some cities make a whole list of genres starting with the letter and play it similar to “Changing Styles.”</li>
</ul>","ALPHABET GENRE
“The players will do a scene in a brand-new genre.”
The referee gets a letter from the audience, and each player gives a
suggestion of a new made up genre that starts with that letter. The
audience votes for which genre the want to see, and the players do a
scene in that genre.
Variations on this Game
●
May be played head-to-head.
●
Some cities get multiple letters that make for a multi-word genre.
●
Some cities make a whole list of genres starting with the letter
and play it similar to “Changing Styles.”",A-ComedySportz-Games-Manual-v2.2 copy.pdf,,,Not Started,,,
95,BUZZFEED,Team Games,Catch-All Games,117,117,117,buzzfeed,"“Just like on Buzzfeed does with everything else, our players will share the top ten scenes about your suggestion. ","The referee gets a suggestion, and the players begin a quick neutral scene. The players then do nine more based on the same suggestion. ",,,● May be played head-to-head. ● May be played with however many scenes the referee wishes to assign the team.,2,,,Auto-extracted - needs human spot check,"<h1>BUZZFEED</h1>

<h2>Category</h2>
<p>Catch-All Games</p>

<h2>Referee Introduction</h2>
<blockquote><p>“Just like on Buzzfeed does with everything else, our players will share the top ten scenes about your suggestion. The referee gets a suggestion, and the players begin a quick neutral scene. The players then do nine more based on the same suggestion. Variations on this Game ● May be played head-to-head. ● May be played with however many scenes the referee wishes to assign the team.</p></blockquote>","BUZZFEED
“Just like on Buzzfeed does with everything else, our players will share the top
ten scenes about your suggestion.
The referee gets a suggestion, and the players begin a quick neutral
scene. The players then do nine more based on the same suggestion.
Variations on this Game
●
May be played head-to-head.
●
May be played with however many scenes the referee wishes to
assign the team.",A-ComedySportz-Games-Manual-v2.2 copy.pdf,,,Not Started,,,
96,CRITIC,Team Games,Catch-All Games,118,118,118,critic,“The players will review and show us a few clips from upcoming films.”,"The referee will get the suggestions of two made up movie titles, and two genres. One or two players take on the role of a movie critic, and introduce the film and its genre, and a little bit about the plot, then the rest of the team acts out a quick scene from that movie. The critics will then talk about another scene, pimping the players with a plot point, cameo, etc., and the rest of the team acts out a second scene. This repeats for the second movie title and genre.",Movie Review,,"●
May be played head-to-head with one review from each team, and the other players working together.
●
May be played with other mediums, such as television, video games, theater, etc. (Called “____ Review” dependent on the medium chosen.”",2,,,Auto-extracted - needs human spot check,"<h1>CRITIC</h1>

<h2>Category</h2>
<p>Catch-All Games</p>

<h2>Referee Introduction</h2>
<blockquote><p>“The players will review and show us a few clips from upcoming films.”</p></blockquote>

<h2>Description</h2>
<p>The referee will get the suggestions of two made up movie titles, and two genres. One or two players take on the role of a movie critic, and introduce the film and its genre, and a little bit about the plot, then the rest of the team acts out a quick scene from that movie. The critics will then talk about another scene, pimping the players with a plot point, cameo, etc., and the rest of the team acts out a second scene. This repeats for the second movie title and genre.</p>

<h2>Alternate Names</h2>
<p>Movie Review</p>

<h2>Variations</h2>
<ul>
<li>May be played head-to-head with one review from each team, and the other players working together.</li>
<li>May be played with other mediums, such as television, video games, theater, etc. (Called “____ Review” dependent on the medium chosen.”</li>
</ul>","CRITIC
“The players will review and show us a few clips from upcoming films.”
The referee will get the suggestions of two made up movie titles, and
two genres. One or two players take on the role of a movie critic, and
introduce the film and its genre, and a little bit about the plot, then the
rest of the team acts out a quick scene from that movie. The critics will
then talk about another scene, pimping the players with a plot point,
cameo, etc., and the rest of the team acts out a second scene. This
repeats for the second movie title and genre.
Alternate Names:  Movie Review
Variations on this Game
●
May be played head-to-head with one review from each team,
and the other players working together.
●
May be played with other mediums, such as television, video
games, theater, etc. (Called “____ Review” dependent on the
medium chosen.”",A-ComedySportz-Games-Manual-v2.2 copy.pdf,,,Not Started,,,
97,DR. KNOW-IT-ALL,Team Games,Catch-All Games,119,119,119,dr-know-it-all,"“The world-famous Dr. Know-It-All is here to answer all of your questions, albeit one word at a time.”","The players stand shoulder-to-shoulder, or with their arms around each other, and introduce themself as Dr. Know-It-All, speaking one word at a time. The referee asks if anyone in the audience a question about anything, and has an audience member ask their question. The players answer one word at a time, in the first person. The process repeats until the referee ends the game.",,,"●
May be played with a volunteer player.
●
May be played with the players lined up like a totem pole, ending each answer with a spooky “Oooohhh,” or with the phrase “The Oracle Has Spoken. Oooohhh.” Waving their arms spookily. This variation may also be played with an audience member. (Called “Oracle”)
●
May be played with all the players attempting to speak in unison as opposed to one word at a time. (Called “Dr. Share-A-Tongue”)
●
May be played head-to-head with each team being either Dr. Know-It-All or Dr. Share-A-Tongue, and debating a topic from the audience. (Called “Dr. Debate”)",4,Oracle; Dr. Share-A-Tongue; Dr. Debate,,Auto-extracted - needs human spot check,"<h1>DR. KNOW-IT-ALL</h1>

<h2>Category</h2>
<p>Catch-All Games</p>

<h2>Referee Introduction</h2>
<blockquote><p>“The world-famous Dr. Know-It-All is here to answer all of your questions, albeit one word at a time.”</p></blockquote>

<h2>Description</h2>
<p>The players stand shoulder-to-shoulder, or with their arms around each other, and introduce themself as Dr. Know-It-All, speaking one word at a time. The referee asks if anyone in the audience a question about anything, and has an audience member ask their question. The players answer one word at a time, in the first person. The process repeats until the referee ends the game.</p>

<h2>Variations</h2>
<ul>
<li>May be played with a volunteer player.</li>
<li>May be played with the players lined up like a totem pole, ending each answer with a spooky “Oooohhh,” or with the phrase “The Oracle Has Spoken. Oooohhh.” Waving their arms spookily. This variation may also be played with an audience member. (Called “Oracle”)</li>
<li>May be played with all the players attempting to speak in unison as opposed to one word at a time. (Called “Dr. Share-A-Tongue”)</li>
<li>May be played head-to-head with each team being either Dr. Know-It-All or Dr. Share-A-Tongue, and debating a topic from the audience. (Called “Dr. Debate”)</li>
</ul>","DR. KNOW-IT-ALL
“The world-famous Dr. Know-It-All is here to answer all of your questions,
albeit one word at a time.”
The players stand shoulder-to-shoulder, or with their arms around each
other, and introduce themself as Dr. Know-It-All, speaking one word at a
time. The referee asks if anyone in the audience a question about
anything, and has an audience member ask their question. The players
answer one word at a time, in the first person. The process repeats until
the referee ends the game.
Variations on this Game
●
May be played with a volunteer player.
●
May be played with the players lined up like a totem pole, ending
each answer with a spooky “Oooohhh,” or with the phrase “The
Oracle Has Spoken. Oooohhh.” Waving their arms spookily. This
variation may also be played with an audience member. (Called
“Oracle”)
●
May be played with all the players attempting to speak in unison
as opposed to one word at a time. (Called “Dr. Share-A-Tongue”)
●
May be played head-to-head with each team being either Dr.
Know-It-All or Dr. Share-A-Tongue, and debating a topic from the
audience. (Called “Dr. Debate”)",A-ComedySportz-Games-Manual-v2.2 copy.pdf,,,Not Started,,,
98,DUBBING,Team Games,Catch-All Games,120,120,120,dubbing,"“The players will be playing a scene, but other players will be providing their voices, instead of them providing their own.”","The referee gets a suggestion and two players begin a scene, with players off-field dubbing the players on the field, who move their mouths and play out the scene.",,,"●
May be played with a volunteer player.
●
May be played with the dubbers in another room, or with their backs turned to the field. (Called “Blind Dubbing”)
●
May be played with all players playing the scene with Player A dubbing Player B, Player B dubbing Player C, and Player C dubbing Player A. (Called “Three-Way Dubbing”)",3,Blind Dubbing; Three-Way Dubbing,,Auto-extracted - needs human spot check,"<h1>DUBBING</h1>

<h2>Category</h2>
<p>Catch-All Games</p>

<h2>Referee Introduction</h2>
<blockquote><p>“The players will be playing a scene, but other players will be providing their voices, instead of them providing their own.”</p></blockquote>

<h2>Description</h2>
<p>The referee gets a suggestion and two players begin a scene, with players off-field dubbing the players on the field, who move their mouths and play out the scene.</p>

<h2>Variations</h2>
<ul>
<li>May be played with a volunteer player.</li>
<li>May be played with the dubbers in another room, or with their backs turned to the field. (Called “Blind Dubbing”)</li>
<li>May be played with all players playing the scene with Player A dubbing Player B, Player B dubbing Player C, and Player C dubbing Player A. (Called “Three-Way Dubbing”)</li>
</ul>","DUBBING
“The players will be playing a scene, but other players will be providing their
voices, instead of them providing their own.”
The referee gets a suggestion and two players begin a scene, with
players off-field dubbing the players on the field, who move their mouths
and play out the scene.
Variations on this Game
●
May be played with a volunteer player.
●
May be played with the dubbers in another room, or with their
backs turned to the field. (Called “Blind Dubbing”)
●
May be played with all players playing the scene with Player A
dubbing Player B, Player B dubbing Player C, and Player C
dubbing Player A. (Called “Three-Way Dubbing”)",A-ComedySportz-Games-Manual-v2.2 copy.pdf,,,Not Started,,,
99,EMOTIONAL ROLLERCOASTER,Team Games,Catch-All Games,121,121,121,emotional-rollercoaster,"“Each player will have a strong emotion, that whenever they enter the scene overtakes everyone.”","The referee will get suggestions of emotions and assign one to each of the players. One player begins a one-person scene, and as the players enter one by one, every player takes on the emotional state of the newly entered player. Players leave in reverse order, taking their emotion with them, until the original player is by themself.",Emotional Party,,"●
May be played with genres, voices, or any other type of endowment the referee wishes to assign. (Called “Chameleon”)",1,Chameleon,,Auto-extracted - needs human spot check,"<h1>EMOTIONAL ROLLERCOASTER</h1>

<h2>Category</h2>
<p>Catch-All Games</p>

<h2>Referee Introduction</h2>
<blockquote><p>“Each player will have a strong emotion, that whenever they enter the scene overtakes everyone.”</p></blockquote>

<h2>Description</h2>
<p>The referee will get suggestions of emotions and assign one to each of the players. One player begins a one-person scene, and as the players enter one by one, every player takes on the emotional state of the newly entered player. Players leave in reverse order, taking their emotion with them, until the original player is by themself.</p>

<h2>Alternate Names</h2>
<p>Emotional Party</p>

<h2>Variations</h2>
<ul>
<li>May be played with genres, voices, or any other type of endowment the referee wishes to assign. (Called “Chameleon”)</li>
</ul>","EMOTIONAL ROLLERCOASTER
“Each player will have a strong emotion, that whenever they enter the scene
overtakes everyone.”
The referee will get suggestions of emotions and assign one to each of
the players. One player begins a one-person scene, and as the players
enter one by one, every player takes on the emotional state of the newly
entered player. Players leave in reverse order, taking their emotion with
them, until the original player is by themself.
Alternate Names: Emotional Party
Variations on this Game
●
May be played with genres, voices, or any other type of
endowment the referee wishes to assign. (Called “Chameleon”)",A-ComedySportz-Games-Manual-v2.2 copy.pdf,,,Not Started,,,
100,EMOTIONAL SYMPHONY,Team Games,Catch-All Games,122,122,122,emotional-symphony,“I will be conducting the players through a symphony where emotions are the instruments.”,"The referee gets a suggestion of an emotion for each of the players, who then line up shoulder to shoulder. The referee will then conduct them through a symphony, where when they point at a player the make noises associated with the emotion giving to them.",,,"●
May be played with animal noises instead of emotions. (Called “Barnyard Symphony”)
●
May be played using other endowments other than emotions, such as facial expressions in IDs, ages, celebrities, etc. (Called “____ Symphony” dependent upon the endowments used)",2,Barnyard Symphony,,Auto-extracted - needs human spot check,"<h1>EMOTIONAL SYMPHONY</h1>

<h2>Category</h2>
<p>Catch-All Games</p>

<h2>Referee Introduction</h2>
<blockquote><p>“I will be conducting the players through a symphony where emotions are the instruments.”</p></blockquote>

<h2>Description</h2>
<p>The referee gets a suggestion of an emotion for each of the players, who then line up shoulder to shoulder. The referee will then conduct them through a symphony, where when they point at a player the make noises associated with the emotion giving to them.</p>

<h2>Variations</h2>
<ul>
<li>May be played with animal noises instead of emotions. (Called “Barnyard Symphony”)</li>
<li>May be played using other endowments other than emotions, such as facial expressions in IDs, ages, celebrities, etc. (Called “____ Symphony” dependent upon the endowments used)</li>
</ul>","EMOTIONAL SYMPHONY
“I will be conducting the players through a symphony where emotions are the
instruments.”
The referee gets a suggestion of an emotion for each of the players, who
then line up shoulder to shoulder. The referee will then conduct them
through a symphony, where when they point at a player the make noises
associated with the emotion giving to them.
Variations on this Game
●
May be played with animal noises instead of emotions. (Called
“Barnyard Symphony”)
●
May be played using other endowments other than emotions,
such as facial expressions in IDs, ages, celebrities, etc. (Called
“____ Symphony” dependent upon the endowments used)",A-ComedySportz-Games-Manual-v2.2 copy.pdf,,,Not Started,,,
101,FINISHING SCHOOL,Team Games,Catch-All Games,123,123,123,finishing-school,"“The players will do a scene with perfect posture, and if their posture fails, they must start again from the beginning.”","The referee gets a suggestion for the game and the players begin to perform a scene while balancing books on their heads. If at any point the books fall off, the players must start the scene again from the beginning.",,,,0,,,Auto-extracted - needs human spot check,"<h1>FINISHING SCHOOL</h1>

<h2>Category</h2>
<p>Catch-All Games</p>

<h2>Referee Introduction</h2>
<blockquote><p>“The players will do a scene with perfect posture, and if their posture fails, they must start again from the beginning.”</p></blockquote>

<h2>Description</h2>
<p>The referee gets a suggestion for the game and the players begin to perform a scene while balancing books on their heads. If at any point the books fall off, the players must start the scene again from the beginning.</p>","FINISHING SCHOOL
“The players will do a scene with perfect posture, and if their posture fails,
they must start again from the beginning.”
The referee gets a suggestion for the game and the players begin to
perform a scene while balancing books on their heads. If at any point the
books fall off, the players must start the scene again from the beginning.",A-ComedySportz-Games-Manual-v2.2 copy.pdf,,,Not Started,,,
102,FLASH PHRASE,Team Games,Catch-All Games,124,124,124,flash-phrase,"“The players will morph common phrases, and then do a series of scenes based on the new phrases.”","The players line up on the field, and the referee gets a suggestion of a common phrase or idiom. One by one the players will subtly change the wording of the phrase until the referee hears one they like. This becomes the suggestion for a scene. During the scene, the referee may interrupt the scene, repeat the last line of dialogue and the players will subtly change it, like they had done at the beginning of the game, until the referee again hears one they like. This process repeats.",,,"●
May be played with the referee getting a new phrase or idiom each time they want to see a new scene.",1,,,Auto-extracted - needs human spot check,"<h1>FLASH PHRASE</h1>

<h2>Category</h2>
<p>Catch-All Games</p>

<h2>Referee Introduction</h2>
<blockquote><p>“The players will morph common phrases, and then do a series of scenes based on the new phrases.”</p></blockquote>

<h2>Description</h2>
<p>The players line up on the field, and the referee gets a suggestion of a common phrase or idiom. One by one the players will subtly change the wording of the phrase until the referee hears one they like. This becomes the suggestion for a scene. During the scene, the referee may interrupt the scene, repeat the last line of dialogue and the players will subtly change it, like they had done at the beginning of the game, until the referee again hears one they like. This process repeats.</p>

<h2>Variations</h2>
<ul>
<li>May be played with the referee getting a new phrase or idiom each time they want to see a new scene.</li>
</ul>","FLASH PHRASE
“The players will morph common phrases, and then do a series of scenes based
on the new phrases.”
The players line up on the field, and the referee gets a suggestion of a
common phrase or idiom. One by one the players will subtly change the
wording of the phrase until the referee hears one they like. This becomes
the suggestion for a scene. During the scene, the referee may interrupt
the scene, repeat the last line of dialogue and the players will subtly
change it, like they had done at the beginning of the game, until the
referee again hears one they like. This process repeats.
Variations on this Game
●
May be played with the referee getting a new phrase or idiom
each time they want to see a new scene.",A-ComedySportz-Games-Manual-v2.2 copy.pdf,,,Not Started,,,
103,GAME-O-MATIC,Team Games,Catch-All Games,125,125,125,game-o-matic,“The players will each pitch a new game and we will vote on which one we want to see played.”,"The referee gets a suggestion of any two words, this becomes the name of a new game. The players will then pitch their idea on how the game is played, and the audience will vote on which they want to see. If the referee needs any clarification, they will ask for it from the player. The referee gets a suggestion for the game, and the players play it.",,"The game that is created can be a completely new game, a
twist on an existing one, or just “Forward Reverse.”","●
May be played with the referee getting initials and the names of the game are created similarly to Alphabet Genre.
●
May be played head-to-head with each team inventing a new game for the other to play.",2,,,Auto-extracted - needs human spot check,"<h1>GAME-O-MATIC</h1>

<h2>Category</h2>
<p>Catch-All Games</p>

<h2>Referee Introduction</h2>
<blockquote><p>“The players will each pitch a new game and we will vote on which one we want to see played.”</p></blockquote>

<h2>Description</h2>
<p>The referee gets a suggestion of any two words, this becomes the name of a new game. The players will then pitch their idea on how the game is played, and the audience will vote on which they want to see. If the referee needs any clarification, they will ask for it from the player. The referee gets a suggestion for the game, and the players play it.</p>

<h2>Special Note</h2>
<p>The game that is created can be a completely new game, a
twist on an existing one, or just “Forward Reverse.”</p>

<h2>Variations</h2>
<ul>
<li>May be played with the referee getting initials and the names of the game are created similarly to Alphabet Genre.</li>
<li>May be played head-to-head with each team inventing a new game for the other to play.</li>
</ul>","GAME-O-MATIC
“The players will each pitch a new game and we will vote on which one we
want to see played.”
The referee gets a suggestion of any two words, this becomes the name
of a new game. The players will then pitch their idea on how the game is
played, and the audience will vote on which they want to see. If the
referee needs any clarification, they will ask for it from the player. The
referee gets a suggestion for the game, and the players play it.
Special Note: The game that is created can be a completely new game, a
twist on an existing one, or just “Forward Reverse.”
Variations on this Game
●
May be played with the referee getting initials and the names of
the game are created similarly to Alphabet Genre.
●
May be played head-to-head with each team inventing a new
game for the other to play.",A-ComedySportz-Games-Manual-v2.2 copy.pdf,,,Not Started,,,
104,GENRE PIECE,Team Games,Catch-All Games,126,126,126,genre-piece,“The players will perform a scene in the style of (genre)”,"The referee gets a suggestion, and the players begin performing a scene in whatever style they have chosen. This game is not called Genre Piece. It is called whatever genre the team had selected to do the scene in (Shakespeare, Afterschool Special, Noir, Teen Drama, etc.).","Many, again it is dependent upon the genre the team is performing in.",,"●
May be played head-to-head.",1,,,Auto-extracted - needs human spot check,"<h1>GENRE PIECE</h1>

<h2>Category</h2>
<p>Catch-All Games</p>

<h2>Referee Introduction</h2>
<blockquote><p>“The players will perform a scene in the style of (genre)”</p></blockquote>

<h2>Description</h2>
<p>The referee gets a suggestion, and the players begin performing a scene in whatever style they have chosen. This game is not called Genre Piece. It is called whatever genre the team had selected to do the scene in (Shakespeare, Afterschool Special, Noir, Teen Drama, etc.).</p>

<h2>Alternate Names</h2>
<p>Many, again it is dependent upon the genre the team is performing in.</p>

<h2>Variations</h2>
<ul>
<li>May be played head-to-head.</li>
</ul>","GENRE PIECE
“The players will perform a scene in the style of (genre)”
The referee gets a suggestion, and the players begin performing a scene
in whatever style they have chosen. This game is not called Genre Piece.
It is called whatever genre the team had selected to do the scene in
(Shakespeare, Afterschool Special, Noir, Teen Drama, etc.).
Alternate Names: Many, again it is dependent upon the genre the team
is performing in.
Variations on this Game
●
May be played head-to-head.",A-ComedySportz-Games-Manual-v2.2 copy.pdf,,,Not Started,,,
105,IF BLANKS RULED THE WORLD,Team Games,Catch-All Games,127,127,127,if-blanks-ruled-the-world,“The players will show us some alternate worlds where different people are in charge of different things.”,"The referee will get a list of three people or groups, and a list of three occasions, jobs, or locations. The players will then perform three scenes, showing what it would be like if that group or person ran the location, job, or occasion.",It Could Happen,,"●
May be played head-to-head, with four suggestions of each, and each team performing two scenes.
●
May be played with only celebrities and occupations. (Called “Career Fair”)",2,Career Fair,,Auto-extracted - needs human spot check,"<h1>IF BLANKS RULED THE WORLD</h1>

<h2>Category</h2>
<p>Catch-All Games</p>

<h2>Referee Introduction</h2>
<blockquote><p>“The players will show us some alternate worlds where different people are in charge of different things.”</p></blockquote>

<h2>Description</h2>
<p>The referee will get a list of three people or groups, and a list of three occasions, jobs, or locations. The players will then perform three scenes, showing what it would be like if that group or person ran the location, job, or occasion.</p>

<h2>Alternate Names</h2>
<p>It Could Happen</p>

<h2>Variations</h2>
<ul>
<li>May be played head-to-head, with four suggestions of each, and each team performing two scenes.</li>
<li>May be played with only celebrities and occupations. (Called “Career Fair”)</li>
</ul>","IF BLANKS RULED THE WORLD
“The players will show us some alternate worlds where different people are in
charge of different things.”
The referee will get a list of three people or groups, and a list of three
occasions, jobs, or locations. The players will then perform three scenes,
showing what it would be like if that group or person ran the location,
job, or occasion.
Alternate Names: It Could Happen
Variations on this Game
●
May be played head-to-head, with four suggestions of each, and
each team performing two scenes.
●
May be played with only celebrities and occupations. (Called
“Career Fair”)",A-ComedySportz-Games-Manual-v2.2 copy.pdf,,,Not Started,,,
106,MARSHMALLOW (18+),Team Games,Catch-All Games,128,128,128,marshmallow-18,"“The players will perform a dramatic scene, and if whenever they make you laugh they will have to put a marshmallow in their mouth for the remainder of the scene.”","The referee gets a suggestion for the game, and the players begin a neutral scene. If at any point the audience truly laughs, the ref will call on that player to put a marshmallow in their mouth. The players cannot chew or swallow it until the game is over.",Chubby Bunny,,"●
May be played with any food, such as bananas, hot mustard, Peeps, etc. (Called “_____” dependent upon the food used.)
●
May be layered on to any game. (Called “Marshmallow _____” dependent upon the game it is layered upon.)",2,,,Auto-extracted - needs human spot check,"<h1>MARSHMALLOW (18+)</h1>

<h2>Category</h2>
<p>Catch-All Games</p>

<h2>Referee Introduction</h2>
<blockquote><p>“The players will perform a dramatic scene, and if whenever they make you laugh they will have to put a marshmallow in their mouth for the remainder of the scene.”</p></blockquote>

<h2>Description</h2>
<p>The referee gets a suggestion for the game, and the players begin a neutral scene. If at any point the audience truly laughs, the ref will call on that player to put a marshmallow in their mouth. The players cannot chew or swallow it until the game is over.</p>

<h2>Alternate Names</h2>
<p>Chubby Bunny</p>

<h2>Variations</h2>
<ul>
<li>May be played with any food, such as bananas, hot mustard, Peeps, etc. (Called “_____” dependent upon the food used.)</li>
<li>May be layered on to any game. (Called “Marshmallow _____” dependent upon the game it is layered upon.)</li>
</ul>","MARSHMALLOW (18+)
“The players will perform a dramatic scene, and if whenever they make you
laugh they will have to put a marshmallow in their mouth for the remainder of
the scene.”
The referee gets a suggestion for the game, and the players begin a
neutral scene. If at any point the audience truly laughs, the ref will call on
that player to put a marshmallow in their mouth. The players cannot
chew or swallow it until the game is over.
Alternate Names: Chubby Bunny
Variations on this Game
●
May be played with any food, such as bananas, hot mustard,
Peeps, etc. (Called “_____” dependent upon the food used.)
●
May be layered on to any game. (Called “Marshmallow _____”
dependent upon the game it is layered upon.)",A-ComedySportz-Games-Manual-v2.2 copy.pdf,,,Not Started,,,
107,MOUSETRAP (18+),Team Games,Catch-All Games,129,129,129,mousetrap-18,"“The players will perform a scene; however, they are barefoot, blindfolded, and there are mousetraps on the field.”","The referee will get a suggestion for the game, and the players begin a neutral scene. The players are also all barefoot, blindfolded, and the field is covered in readied mousetraps.",,,,0,,,Auto-extracted - needs human spot check,"<h1>MOUSETRAP (18+)</h1>

<h2>Category</h2>
<p>Catch-All Games</p>

<h2>Referee Introduction</h2>
<blockquote><p>“The players will perform a scene; however, they are barefoot, blindfolded, and there are mousetraps on the field.”</p></blockquote>

<h2>Description</h2>
<p>The referee will get a suggestion for the game, and the players begin a neutral scene. The players are also all barefoot, blindfolded, and the field is covered in readied mousetraps.</p>","MOUSETRAP (18+)
“The players will perform a scene; however, they are barefoot, blindfolded, and
there are mousetraps on the field.”
The referee will get a suggestion for the game, and the players begin a
neutral scene. The players are also all barefoot, blindfolded, and the field
is covered in readied mousetraps.",A-ComedySportz-Games-Manual-v2.2 copy.pdf,,,Not Started,,,
108,MUNDANE ZOMBIE ATTACK,Team Games,Catch-All Games,130,130,130,mundane-zombie-attack,"“The players will play a scene, but throughout it they will dispatch zombies that invade their scene.”","The referee will get a suggestion for the game, and the players begin a neutral scene. Throughout the scene, the players from the other team will invade the scene as zombies. The team playing will use items found in their scene’s location to inadvertently dispose of the zombies, ignoring their presence.",,,"●
May be played with the acknowledging the zombies, but treating them only as a nuisance.",1,,,Auto-extracted - needs human spot check,"<h1>MUNDANE ZOMBIE ATTACK</h1>

<h2>Category</h2>
<p>Catch-All Games</p>

<h2>Referee Introduction</h2>
<blockquote><p>“The players will play a scene, but throughout it they will dispatch zombies that invade their scene.”</p></blockquote>

<h2>Description</h2>
<p>The referee will get a suggestion for the game, and the players begin a neutral scene. Throughout the scene, the players from the other team will invade the scene as zombies. The team playing will use items found in their scene’s location to inadvertently dispose of the zombies, ignoring their presence.</p>

<h2>Variations</h2>
<ul>
<li>May be played with the acknowledging the zombies, but treating them only as a nuisance.</li>
</ul>","MUNDANE ZOMBIE ATTACK
“The players will play a scene, but throughout it they will dispatch zombies
that invade their scene.”
The referee will get a suggestion for the game, and the players begin a
neutral scene. Throughout the scene, the players from the other team
will invade the scene as zombies. The team playing will use items found
in their scene’s location to inadvertently dispose of the zombies, ignoring
their presence.
Variations on this Game
●
May be played with the acknowledging the zombies, but treating
them only as a nuisance.",A-ComedySportz-Games-Manual-v2.2 copy.pdf,,,Not Started,,,
109,MY MOVIE,Team Games,Catch-All Games,131,131,131,my-movie,"“The players will pitch some new movie titles, and if I like the title, they will tell us more about it. If I like what I hear, we will see a scene from it.”","The referee gets a suggestion for the game, and the players line up shoulder to shoulder on the field. In unison, the players will say “My Movie! My Movie! My Movie!” Whenever the referee points at a player they will pitch a title themed around the suggestion, and if the referee wants to hear more they will let the player know. The player then gives the genre of the film, followed by a one sentence premise, and if the referee likes it they will get the audience to all say, “Let’s see it!” The players then perform a quick scene from the film. This process repeats when the referee gets a new suggestion.",,,"●
May be played with the referee getting a letter in lieu of a suggestion, and all titles start with that letter.
●
May be played with television series instead of films. (Called “New Fall Line Up”)
●
May be played with songs instead of films. (Called “My Songy” or “Top Charts”)
●
May be played with the referee getting a suggestion of a topic, which when pointed at the players will say a fact about. If the referee likes a fact the players perform a scene about that fact. (Called “Factfinder”)
●
May be played head-to-head.",5,New Fall Line Up; Factfinder,,Auto-extracted - needs human spot check,"<h1>MY MOVIE</h1>

<h2>Category</h2>
<p>Catch-All Games</p>

<h2>Referee Introduction</h2>
<blockquote><p>“The players will pitch some new movie titles, and if I like the title, they will tell us more about it. If I like what I hear, we will see a scene from it.”</p></blockquote>

<h2>Description</h2>
<p>The referee gets a suggestion for the game, and the players line up shoulder to shoulder on the field. In unison, the players will say “My Movie! My Movie! My Movie!” Whenever the referee points at a player they will pitch a title themed around the suggestion, and if the referee wants to hear more they will let the player know. The player then gives the genre of the film, followed by a one sentence premise, and if the referee likes it they will get the audience to all say, “Let’s see it!” The players then perform a quick scene from the film. This process repeats when the referee gets a new suggestion.</p>

<h2>Variations</h2>
<ul>
<li>May be played with the referee getting a letter in lieu of a suggestion, and all titles start with that letter.</li>
<li>May be played with television series instead of films. (Called “New Fall Line Up”)</li>
<li>May be played with songs instead of films. (Called “My Songy” or “Top Charts”)</li>
<li>May be played with the referee getting a suggestion of a topic, which when pointed at the players will say a fact about. If the referee likes a fact the players perform a scene about that fact. (Called “Factfinder”)</li>
<li>May be played head-to-head.</li>
</ul>","MY MOVIE
“The players will pitch some new movie titles, and if I like the title, they will tell
us more about it. If I like what I hear, we will see a scene from it.”
The referee gets a suggestion for the game, and the players line up
shoulder to shoulder on the field. In unison, the players will say “My
Movie! My Movie! My Movie!” Whenever the referee points at a player
they will pitch a title themed around the suggestion, and if the referee
wants to hear more they will let the player know. The player then gives
the genre of the film, followed by a one sentence premise, and if the
referee likes it they will get the audience to all say, “Let’s see it!” The
players then perform a quick scene from the film. This process repeats
when the referee gets a new suggestion.
Variations on this Game
●
May be played with the referee getting a letter in lieu of a
suggestion, and all titles start with that letter.
●
May be played with television series instead of films. (Called
“New Fall Line Up”)
●
May be played with songs instead of films. (Called “My Songy” or
“Top Charts”)
●
May be played with the referee getting a suggestion of a topic,
which when pointed at the players will say a fact about. If the
referee likes a fact the players perform a scene about that fact.
(Called “Factfinder”)
●
May be played head-to-head.",A-ComedySportz-Games-Manual-v2.2 copy.pdf,,,Not Started,,,
110,REMAKE,Team Games,Catch-All Games,132,132,132,remake,"“With every movie getting remade these days, we will remake another one for you tonight.”","The referee gets the suggestion of a film, asking for more information if the film is obscure and a genre, and the players will begin to do a scene remaking the film, but in the new genre.",Reboot,,"●
May be played with other mediums such as literature, television, theater, etc.
●
May be played where instead of doing a remake of the source material, the players do the sequel. (Called “Electric Boogaloo”)",2,Electric Boogaloo,,Auto-extracted - needs human spot check,"<h1>REMAKE</h1>

<h2>Category</h2>
<p>Catch-All Games</p>

<h2>Referee Introduction</h2>
<blockquote><p>“With every movie getting remade these days, we will remake another one for you tonight.”</p></blockquote>

<h2>Description</h2>
<p>The referee gets the suggestion of a film, asking for more information if the film is obscure and a genre, and the players will begin to do a scene remaking the film, but in the new genre.</p>

<h2>Alternate Names</h2>
<p>Reboot</p>

<h2>Variations</h2>
<ul>
<li>May be played with other mediums such as literature, television, theater, etc.</li>
<li>May be played where instead of doing a remake of the source material, the players do the sequel. (Called “Electric Boogaloo”)</li>
</ul>","REMAKE
“With every movie getting remade these days, we will remake another one for
you tonight.”
The referee gets the suggestion of a film, asking for more information if
the film is obscure and a genre, and the players will begin to do a scene
remaking the film, but in the new genre.
Alternate Names: Reboot
Variations on this Game
●
May be played with other mediums such as literature, television,
theater, etc.
●
May be played where instead of doing a remake of the source
material, the players do the sequel. (Called “Electric Boogaloo”)",A-ComedySportz-Games-Manual-v2.2 copy.pdf,,,Not Started,,,
111,SEARS FAMILY PORTRAIT,Team Games,Catch-All Games,133,133,133,sears-family-portrait,"“The players will be posing for a family photo, but not all families are as happy as the photos might make it seem.”","The referee will get a suggestion of an event, while the players assemble in a pose for a family portrait. The players cannot move, but discuss the event, raising the emotional stakes while attempting to stay in a pose for the camera.",,,"●
May be played with the name of a club from high school instead of a family picture. (Called “Yearbook”)
●
May be played head-to-head.",2,Yearbook,,Auto-extracted - needs human spot check,"<h1>SEARS FAMILY PORTRAIT</h1>

<h2>Category</h2>
<p>Catch-All Games</p>

<h2>Referee Introduction</h2>
<blockquote><p>“The players will be posing for a family photo, but not all families are as happy as the photos might make it seem.”</p></blockquote>

<h2>Description</h2>
<p>The referee will get a suggestion of an event, while the players assemble in a pose for a family portrait. The players cannot move, but discuss the event, raising the emotional stakes while attempting to stay in a pose for the camera.</p>

<h2>Variations</h2>
<ul>
<li>May be played with the name of a club from high school instead of a family picture. (Called “Yearbook”)</li>
<li>May be played head-to-head.</li>
</ul>","SEARS FAMILY PORTRAIT
“The players will be posing for a family photo, but not all families are as happy
as the photos might make it seem.”
The referee will get a suggestion of an event, while the players assemble
in a pose for a family portrait. The players cannot move, but discuss the
event, raising the emotional stakes while attempting to stay in a pose for
the camera.
Variations on this Game
●
May be played with the name of a club from high school instead
of a family picture. (Called “Yearbook”)
●
May be played head-to-head.",A-ComedySportz-Games-Manual-v2.2 copy.pdf,,,Not Started,,,
112,SPELLING BEE,Team Games,Catch-All Games,134,134,134,spelling-bee,"“The players just came in second place at the national spelling bee, and will now show off spelling words for you, one letter at a time.”","The players line up on the field shoulder to shoulder, and the referee will get the suggestion of a simple word. The players will say the word in unison, spell one letter at a time as fast as they can, then repeat the word. After the word is spelled, the referee will have them use it in a sentence, the players will again repeat the word, speak the sentence one word at a time, and once more, repeat the word. This continues and repeats with the referee getting increasingly difficult words. Rather than having the players use the word in a sentence each time, the referee may ask them to define it, give country of origin, synonyms of the word, or anything else they choose. If a word is spelled incorrectly, the players will not acknowledge it and keep going.",,,"●
May be played with a volunteer player.",1,,,Auto-extracted - needs human spot check,"<h1>SPELLING BEE</h1>

<h2>Category</h2>
<p>Catch-All Games</p>

<h2>Referee Introduction</h2>
<blockquote><p>“The players just came in second place at the national spelling bee, and will now show off spelling words for you, one letter at a time.”</p></blockquote>

<h2>Description</h2>
<p>The players line up on the field shoulder to shoulder, and the referee will get the suggestion of a simple word. The players will say the word in unison, spell one letter at a time as fast as they can, then repeat the word. After the word is spelled, the referee will have them use it in a sentence, the players will again repeat the word, speak the sentence one word at a time, and once more, repeat the word. This continues and repeats with the referee getting increasingly difficult words. Rather than having the players use the word in a sentence each time, the referee may ask them to define it, give country of origin, synonyms of the word, or anything else they choose. If a word is spelled incorrectly, the players will not acknowledge it and keep going.</p>

<h2>Variations</h2>
<ul>
<li>May be played with a volunteer player.</li>
</ul>","SPELLING BEE
“The players just came in second place at the national spelling bee, and will
now show off spelling words for you, one letter at a time.”
The players line up on the field shoulder to shoulder, and the referee will
get the suggestion of a simple word. The players will say the word in
unison, spell one letter at a time as fast as they can, then repeat the
word. After the word is spelled, the referee will have them use it in a
sentence, the players will again repeat the word, speak the sentence one
word at a time, and once more, repeat the word. This continues and
repeats with the referee getting increasingly difficult words. Rather than
having the players use the word in a sentence each time, the referee may
ask them to define it, give country of origin, synonyms of the word, or
anything else they choose. If a word is spelled incorrectly, the players will
not acknowledge it and keep going.
Variations on this Game
●
May be played with a volunteer player.",A-ComedySportz-Games-Manual-v2.2 copy.pdf,,,Not Started,,,
113,SPORK RIVER,Team Games,Catch-All Games,135,135,135,spork-river,“The players will share stories of the characters and the relationships in a small town.”,"The referee will get the name of a made-up town. One by one the players will step on the field introduce themselves, and give a little information about the town and its residents, the freeze in pose. After all players have gone, one at a time the players will unfreeze, telling more of the story of the town’s residents, then freezing again. No players may be unfrozen or talking at the same time.",Spoon River; Our Town,,"●
May be played head-to-head.
●
May be played with the suggestion of an event instead of a location.
●
May be played with this being the story of how players all died, once they die in the story the players lie down dead for the rest of the game.",3,,,Auto-extracted - needs human spot check,"<h1>SPORK RIVER</h1>

<h2>Category</h2>
<p>Catch-All Games</p>

<h2>Referee Introduction</h2>
<blockquote><p>“The players will share stories of the characters and the relationships in a small town.”</p></blockquote>

<h2>Description</h2>
<p>The referee will get the name of a made-up town. One by one the players will step on the field introduce themselves, and give a little information about the town and its residents, the freeze in pose. After all players have gone, one at a time the players will unfreeze, telling more of the story of the town’s residents, then freezing again. No players may be unfrozen or talking at the same time.</p>

<h2>Alternate Names</h2>
<p>Spoon River; Our Town</p>

<h2>Variations</h2>
<ul>
<li>May be played head-to-head.</li>
<li>May be played with the suggestion of an event instead of a location.</li>
<li>May be played with this being the story of how players all died, once they die in the story the players lie down dead for the rest of the game.</li>
</ul>","SPORK RIVER
“The players will share stories of the characters and the relationships in a
small town.”
The referee will get the name of a made-up town. One by one the players
will step on the field introduce themselves, and give a little information
about the town and its residents, the freeze in pose. After all players
have gone, one at a time the players will unfreeze, telling more of the
story of the town’s residents, then freezing again. No players may be
unfrozen or talking at the same time.
Alternate Names: Spoon River; Our Town
Variations on this Game
●
May be played head-to-head.
●
May be played with the suggestion of an event instead of a
location.
●
May be played with this being the story of how players all died,
once they die in the story the players lie down dead for the rest
of the game.",A-ComedySportz-Games-Manual-v2.2 copy.pdf,,,Not Started,,,
114,STUDIO AUDIENCE,Team Games,Catch-All Games,136,136,136,studio-audience,“The players will perform a scene before a live studio audience.”,"The referee sections off the audience into three sections, each will have a specific job when they are pointed at. One section will laugh when pointed at, another will applaud and cheer, and the third will say “Aaawww”. The referee then gets a suggestion for the game and the players begin a neutral scene. Whenever the players want to, the will point to a section of the audience, and they will respond appropriately.",,,"●
May be played with the referee or a volunteer player conducting the audience’s response.",1,,,Auto-extracted - needs human spot check,"<h1>STUDIO AUDIENCE</h1>

<h2>Category</h2>
<p>Catch-All Games</p>

<h2>Referee Introduction</h2>
<blockquote><p>“The players will perform a scene before a live studio audience.”</p></blockquote>

<h2>Description</h2>
<p>The referee sections off the audience into three sections, each will have a specific job when they are pointed at. One section will laugh when pointed at, another will applaud and cheer, and the third will say “Aaawww”. The referee then gets a suggestion for the game and the players begin a neutral scene. Whenever the players want to, the will point to a section of the audience, and they will respond appropriately.</p>

<h2>Variations</h2>
<ul>
<li>May be played with the referee or a volunteer player conducting the audience’s response.</li>
</ul>","STUDIO AUDIENCE
“The players will perform a scene before a live studio audience.”
The referee sections off the audience into three sections, each will have
a specific job when they are pointed at. One section will laugh when
pointed at, another will applaud and cheer, and the third will say
“Aaawww”. The referee then gets a suggestion for the game and the
players begin a neutral scene. Whenever the players want to, the will
point to a section of the audience, and they will respond appropriately.
Variations on this Game
●
May be played with the referee or a volunteer player conducting
the audience’s response.",A-ComedySportz-Games-Manual-v2.2 copy.pdf,,,Not Started,,,
115,SUPERHERO EULOGY,Team Games,Catch-All Games,137,137,137,superhero-eulogy,"“A true hero has died, and to speak tonight we have brought some of their closest friends and family.”","The referee will get the suggestion of a made-up superhero, and the players begin to grieve as if at a wake. One by one, the players will step to the front of the field, introduce themself, connection to the hero, and share a story. The characters can be sidekicks, partners, the mayor, a villain, etc.",,,"●
May be played with an existing fictional character. (Called “Fictional Eulogy”)
●
May be played head-to-head.",2,Fictional Eulogy,,Auto-extracted - needs human spot check,"<h1>SUPERHERO EULOGY</h1>

<h2>Category</h2>
<p>Catch-All Games</p>

<h2>Referee Introduction</h2>
<blockquote><p>“A true hero has died, and to speak tonight we have brought some of their closest friends and family.”</p></blockquote>

<h2>Description</h2>
<p>The referee will get the suggestion of a made-up superhero, and the players begin to grieve as if at a wake. One by one, the players will step to the front of the field, introduce themself, connection to the hero, and share a story. The characters can be sidekicks, partners, the mayor, a villain, etc.</p>

<h2>Variations</h2>
<ul>
<li>May be played with an existing fictional character. (Called “Fictional Eulogy”)</li>
<li>May be played head-to-head.</li>
</ul>","SUPERHERO EULOGY
“A true hero has died, and to speak tonight we have brought some of their
closest friends and family.”
The referee will get the suggestion of a made-up superhero, and the
players begin to grieve as if at a wake. One by one, the players will step
to the front of the field, introduce themself, connection to the hero, and
share a story. The characters can be sidekicks, partners, the mayor, a
villain, etc.
Variations on this Game
●
May be played with an existing fictional character. (Called
“Fictional Eulogy”)
●
May be played head-to-head.",A-ComedySportz-Games-Manual-v2.2 copy.pdf,,,Not Started,,,
116,TAKE MY PANTS,Team Games,Catch-All Games,138,138,138,take-my-pants,"(Start of the game) “The players will play a setup scene, and I will be back to explain the rest in a moment.”
(After getting the style suggestions) “Now the players will replay the scene, but one player’s character knows they have done the scene before.”","The referee gets a suggestion for the game, and the players begin with a neutral scene. After the scene is done, the referee will choose a player to be the Groundhog, who relives the scene. The first replay is the first time they have lived through it, the second time is a number less than 50, and the final time is any number at all. These numbers are provided by the audience.",Groundhog’s Replay,,,0,,,Auto-extracted - needs human spot check,"<h1>TAKE MY PANTS</h1>

<h2>Category</h2>
<p>Catch-All Games</p>

<h2>Referee Introduction</h2>
<blockquote><p>(Start of the game) “The players will play a setup scene, and I will be back to explain the rest in a moment.”<br>(After getting the style suggestions) “Now the players will replay the scene, but one player’s character knows they have done the scene before.”</p></blockquote>

<h2>Description</h2>
<p>The referee gets a suggestion for the game, and the players begin with a neutral scene. After the scene is done, the referee will choose a player to be the Groundhog, who relives the scene. The first replay is the first time they have lived through it, the second time is a number less than 50, and the final time is any number at all. These numbers are provided by the audience.</p>

<h2>Alternate Names</h2>
<p>Groundhog’s Replay</p>","TAKE MY PANTS
(Start of the game) “The players will play a setup scene, and I will be back to
explain the rest in a moment.”
(After getting the style suggestions) “Now the players will replay the scene,
but one player’s character knows they have done the scene before.”
The referee gets a suggestion for the game, and the players begin with a
neutral scene. After the scene is done, the referee will choose a player to
be the Groundhog, who relives the scene. The first replay is the first time
they have lived through it, the second time is a number less than 50, and
the final time is any number at all. These numbers are provided by the
audience.
Alternate Names: Groundhog’s Replay",A-ComedySportz-Games-Manual-v2.2 copy.pdf,,,Not Started,,,
117,THREE MONKEYS,Team Games,Catch-All Games,139,139,139,three-monkeys,"“The players will perform a scene; however, one player will be blindfolded, one cannot speak, and one will not be listening to any of the other players.”","The referee will get a suggestion for the game, and the players will begin a neutral scene, however one player will be blindfolded or have their eyes closed, one player will not speak or have tape over their mouth, and the third will act as though they can’t hear any of the other players or have in noise cancelling headphones.",,,,0,,,Auto-extracted - needs human spot check,"<h1>THREE MONKEYS</h1>

<h2>Category</h2>
<p>Catch-All Games</p>

<h2>Referee Introduction</h2>
<blockquote><p>“The players will perform a scene; however, one player will be blindfolded, one cannot speak, and one will not be listening to any of the other players.”</p></blockquote>

<h2>Description</h2>
<p>The referee will get a suggestion for the game, and the players will begin a neutral scene, however one player will be blindfolded or have their eyes closed, one player will not speak or have tape over their mouth, and the third will act as though they can’t hear any of the other players or have in noise cancelling headphones.</p>","THREE MONKEYS
“The players will perform a scene; however, one player will be blindfolded, one
cannot speak, and one will not be listening to any of the other players.”
The referee will get a suggestion for the game, and the players will begin
a neutral scene, however one player will be blindfolded or have their
eyes closed, one player will not speak or have tape over their mouth, and
the third will act as though they can’t hear any of the other players or
have in noise cancelling headphones.",A-ComedySportz-Games-Manual-v2.2 copy.pdf,,,Not Started,,,
118,TOOTS MCGOOTS,Team Games,Catch-All Games,140,140,140,toots-mcgoots,"“The players will be performing and scene, and every so often there will be a fart noise. Whenever a player begins to laugh, one of their teammates will rotate in.”","The referee gets a suggestion for the game, and two players begin a very serious scene. Whenever the announcer wants they will make a fart noise, during which the players must stop speaking and allow tension to build. Whenever a player begins to laugh, a new player assumes their role. If they do not laugh, play continues as if nothing happened.",The Fart Game,,"●
May be played head-to-head, with one player from each team starting the scene.",1,,,Auto-extracted - needs human spot check,"<h1>TOOTS MCGOOTS</h1>

<h2>Category</h2>
<p>Catch-All Games</p>

<h2>Referee Introduction</h2>
<blockquote><p>“The players will be performing and scene, and every so often there will be a fart noise. Whenever a player begins to laugh, one of their teammates will rotate in.”</p></blockquote>

<h2>Description</h2>
<p>The referee gets a suggestion for the game, and two players begin a very serious scene. Whenever the announcer wants they will make a fart noise, during which the players must stop speaking and allow tension to build. Whenever a player begins to laugh, a new player assumes their role. If they do not laugh, play continues as if nothing happened.</p>

<h2>Alternate Names</h2>
<p>The Fart Game</p>

<h2>Variations</h2>
<ul>
<li>May be played head-to-head, with one player from each team starting the scene.</li>
</ul>","TOOTS MCGOOTS
“The players will be performing and scene, and every so often there will be a
fart noise. Whenever a player begins to laugh, one of their teammates will
rotate in.”
The referee gets a suggestion for the game, and two players begin a very
serious scene. Whenever the announcer wants they will make a fart
noise, during which the players must stop speaking and allow tension to
build. Whenever a player begins to laugh, a new player assumes their
role. If they do not laugh, play continues as if nothing happened.
Alternate Names: The Fart Game
Variations on this Game
●
May be played head-to-head, with one player from each team
starting the scene.",A-ComedySportz-Games-Manual-v2.2 copy.pdf,,,Not Started,,,
119,ANIMATRONIC JAMBOREE,Team Games,Guessing Games,143,143,143,animatronic-jamboree,"“The players will perform an animatronic version of your suggestion, and the guesser will have to correctly identify the suggestion and the moving parts.”","The referee sends one player out of the room to be the guesser and gets the suggestion of a historical event, fairy tale, movie, etc. The team, along with the other team’s players, each pick an item from that event and form an animatronic Chuck-E-Cheese band-esque tableau of the suggestion. The referee will ask each player what they are in the tableau, then the players all “power down” by bending over slack. The referee will call the guesser back in, and “power up” the full tableau, with the players moving statically to tell the story of the suggestion as if animatronic robots. After a moment or two, the referee will “power down” the animatrons, and the guesser attempts to guess what they are seeing. If the guesser gets it right they move on, if they get it wrong the referee will tell them what it was. The referee will then “power up” an individual or group of animatrons to perform their part of the tableau, for the guesser to guess each player’s individual part. Whether right or wrong, once the guesser guesses what a player is, the leave the field. This continues until all animatrons are guessed.",,,"●
May be played with a volunteer player.
●
May be played head-to-head with either a volunteer player as the guesser, the guesser taking turns as to who guess first, or a guesser from each team writing their guesses down.",2,,,Auto-extracted - needs human spot check,"<h1>ANIMATRONIC JAMBOREE</h1>

<h2>Category</h2>
<p>Guessing Games</p>

<h2>Referee Introduction</h2>
<blockquote><p>“The players will perform an animatronic version of your suggestion, and the guesser will have to correctly identify the suggestion and the moving parts.”</p></blockquote>

<h2>Description</h2>
<p>The referee sends one player out of the room to be the guesser and gets the suggestion of a historical event, fairy tale, movie, etc. The team, along with the other team’s players, each pick an item from that event and form an animatronic Chuck-E-Cheese band-esque tableau of the suggestion. The referee will ask each player what they are in the tableau, then the players all “power down” by bending over slack. The referee will call the guesser back in, and “power up” the full tableau, with the players moving statically to tell the story of the suggestion as if animatronic robots. After a moment or two, the referee will “power down” the animatrons, and the guesser attempts to guess what they are seeing. If the guesser gets it right they move on, if they get it wrong the referee will tell them what it was. The referee will then “power up” an individual or group of animatrons to perform their part of the tableau, for the guesser to guess each player’s individual part. Whether right or wrong, once the guesser guesses what a player is, the leave the field. This continues until all animatrons are guessed.</p>

<h2>Variations</h2>
<ul>
<li>May be played with a volunteer player.</li>
<li>May be played head-to-head with either a volunteer player as the guesser, the guesser taking turns as to who guess first, or a guesser from each team writing their guesses down.</li>
</ul>","ANIMATRONIC JAMBOREE
“The players will perform an animatronic version of your suggestion, and the
guesser will have to correctly identify the suggestion and the moving parts.”
The referee sends one player out of the room to be the guesser and gets
the suggestion of a historical event, fairy tale, movie, etc. The team,
along with the other team’s players, each pick an item from that event
and form an animatronic Chuck-E-Cheese band-esque tableau of the
suggestion. The referee will ask each player what they are in the tableau,
then the players all “power down” by bending over slack.
The referee will call the guesser back in, and “power up” the full tableau,
with the players moving statically to tell the story of the suggestion as if
animatronic robots. After a moment or two, the referee will “power
down” the animatrons, and the guesser attempts to guess what they are
seeing. If the guesser gets it right they move on, if they get it wrong the
referee will tell them what it was. The referee will then “power up” an
individual or group of animatrons to perform their part of the tableau,
for the guesser to guess each player’s individual part. Whether right or
wrong, once the guesser guesses what a player is, the leave the field. This
continues until all animatrons are guessed.
Variations on this Game
●
May be played with a volunteer player.
●
May be played head-to-head with either a volunteer player as
the guesser, the guesser taking turns as to who guess first, or a
guesser from each team writing their guesses down.",A-ComedySportz-Games-Manual-v2.2 copy.pdf,,,Not Started,,,
120,BLITZ,Team Games,Guessing Games,144,144,144,blitz,"“The guesser will be put into an array of stories, and need to guess what stories they are in.”","The referee sends one player out of the room to be the guesser and gets a list of nine or more stories, video games, movies, plays, television shows, etc. The referee calls the guesser back in, and sets a timer for three minutes. Using only pantomime and gibberish the guesser’s teammates will put them in the stories, in the order that they were suggested. Once the guesser believes they know it, they will step forward and guess. Right or wrong the team moves on to the next item on the list. This continues until either all items are guessed or time runs out, whichever comes first. The guesser then gives a final guess.",Blitzkrieg,,,0,,,Auto-extracted - needs human spot check,"<h1>BLITZ</h1>

<h2>Category</h2>
<p>Guessing Games</p>

<h2>Referee Introduction</h2>
<blockquote><p>“The guesser will be put into an array of stories, and need to guess what stories they are in.”</p></blockquote>

<h2>Description</h2>
<p>The referee sends one player out of the room to be the guesser and gets a list of nine or more stories, video games, movies, plays, television shows, etc. The referee calls the guesser back in, and sets a timer for three minutes. Using only pantomime and gibberish the guesser’s teammates will put them in the stories, in the order that they were suggested. Once the guesser believes they know it, they will step forward and guess. Right or wrong the team moves on to the next item on the list. This continues until either all items are guessed or time runs out, whichever comes first. The guesser then gives a final guess.</p>

<h2>Alternate Names</h2>
<p>Blitzkrieg</p>","BLITZ
“The guesser will be put into an array of stories, and need to guess what
stories they are in.”
The referee sends one player out of the room to be the guesser and gets
a list of nine or more stories, video games, movies, plays, television
shows, etc. The referee calls the guesser back in, and sets a timer for
three minutes. Using only pantomime and gibberish the guesser’s
teammates will put them in the stories, in the order that they were
suggested. Once the guesser believes they know it, they will step
forward and guess. Right or wrong the team moves on to the next item
on the list. This continues until either all items are guessed or time runs
out, whichever comes first. The guesser then gives a final guess.
Alternate Names: Blitzkrieg",A-ComedySportz-Games-Manual-v2.2 copy.pdf,,,Not Started,,,
121,CHAIN MURDER,Team Games,Guessing Games,145,145,145,chain-murder,"“There has been a murder, and our players will have to figure out where the murder took place, who was murdered, and with what weapon.”","The referee sends all but one player out of the room to guess, the remaining player will be the first cluegiver. They then get a suggestion of a location, occupation, and an unlikely murder weapon. The referee then calls in one of the guessers, and starts a timer for three minutes. Through pantomime and gibberish, the cluegiver must get across the location, occupation, and weapon in that order. Once the guesser believes they know what the weapon is, they will use it to kill the cluegiver, and the timer stops. The referee calls in the next guesser, starts the timer again where it left off, and the new cluegiver tries to relay the information to the new guesser in a new way. This continues until all guessers have been giving the information or time runs out, whichever comes first. The players then will line up in order from first cluegiver to last player to guess. The last player in the room tries to guess the location. If they guess incorrectly the referee gives the second to last player in the room a chance, and so on, until someone gets it right or the first cluegiver tells them what it was. This process repeats for the occupation and the weapon.",,,"●
May be played with a volunteer player as the final guesser.
●
May be played with the suggestions of where you had lunch, who you had lunch with, and what was in your sandwich. (Called “Lunch Break”)",2,Lunch Break,,Auto-extracted - needs human spot check,"<h1>CHAIN MURDER</h1>

<h2>Category</h2>
<p>Guessing Games</p>

<h2>Referee Introduction</h2>
<blockquote><p>“There has been a murder, and our players will have to figure out where the murder took place, who was murdered, and with what weapon.”</p></blockquote>

<h2>Description</h2>
<p>The referee sends all but one player out of the room to guess, the remaining player will be the first cluegiver. They then get a suggestion of a location, occupation, and an unlikely murder weapon. The referee then calls in one of the guessers, and starts a timer for three minutes. Through pantomime and gibberish, the cluegiver must get across the location, occupation, and weapon in that order. Once the guesser believes they know what the weapon is, they will use it to kill the cluegiver, and the timer stops. The referee calls in the next guesser, starts the timer again where it left off, and the new cluegiver tries to relay the information to the new guesser in a new way. This continues until all guessers have been giving the information or time runs out, whichever comes first. The players then will line up in order from first cluegiver to last player to guess. The last player in the room tries to guess the location. If they guess incorrectly the referee gives the second to last player in the room a chance, and so on, until someone gets it right or the first cluegiver tells them what it was. This process repeats for the occupation and the weapon.</p>

<h2>Variations</h2>
<ul>
<li>May be played with a volunteer player as the final guesser.</li>
<li>May be played with the suggestions of where you had lunch, who you had lunch with, and what was in your sandwich. (Called “Lunch Break”)</li>
</ul>","CHAIN MURDER
“There has been a murder, and our players will have to figure out where the
murder took place, who was murdered, and with what weapon.”
The referee sends all but one player out of the room to guess, the
remaining player will be the first cluegiver. They then get a suggestion of
a location, occupation, and an unlikely murder weapon. The referee then
calls in one of the guessers, and starts a timer for three minutes.
Through pantomime and gibberish, the cluegiver must get across the
location, occupation, and weapon in that order. Once the guesser
believes they know what the weapon is, they will use it to kill the
cluegiver, and the timer stops. The referee calls in the next guesser,
starts the timer again where it left off, and the new cluegiver tries to
relay the information to the new guesser in a new way. This continues
until all guessers have been giving the information or time runs out,
whichever comes first. The players then will line up in order from first
cluegiver to last player to guess. The last player in the room tries to
guess the location. If they guess incorrectly the referee gives the second
to last player in the room a chance, and so on, until someone gets it right
or the first cluegiver tells them what it was. This process repeats for the
occupation and the weapon.
Variations on this Game
●
May be played with a volunteer player as the final guesser.
●
May be played with the suggestions of where you had lunch, who
you had lunch with, and what was in your sandwich. (Called
“Lunch Break”)",A-ComedySportz-Games-Manual-v2.2 copy.pdf,,,Not Started,,,
122,CRYSTAL BALL,Team Games,Guessing Games,146,146,146,crystal-ball,"“A player will have to guess a teammates future, using only clues from them and their crystal ball.”","The referee sends one player out of the room to be the guesser, and then gets a suggestion of a celebrity or fictional character, a secret that person has, and how they will fall in love. The guesser is called back into the room, and a timer is set for three minutes. The guesser takes on the character of a psychic. With the help of one teammate playing the client giving inference clues, and another teammate playing the crystal ball giving pantomime clues, the psychic must guess who the client will fall in love with. Once the psychic has correctly guessed this, the team moves on to the secret, and finally the way they fall in love. All guessing must be made before the time runs out, no final guessing.",,,"●
May be played with how the client will die instead of fall in love.
●
May be played with four players, with two players acting as the crystal ball.",2,,,Auto-extracted - needs human spot check,"<h1>CRYSTAL BALL</h1>

<h2>Category</h2>
<p>Guessing Games</p>

<h2>Referee Introduction</h2>
<blockquote><p>“A player will have to guess a teammates future, using only clues from them and their crystal ball.”</p></blockquote>

<h2>Description</h2>
<p>The referee sends one player out of the room to be the guesser, and then gets a suggestion of a celebrity or fictional character, a secret that person has, and how they will fall in love. The guesser is called back into the room, and a timer is set for three minutes. The guesser takes on the character of a psychic. With the help of one teammate playing the client giving inference clues, and another teammate playing the crystal ball giving pantomime clues, the psychic must guess who the client will fall in love with. Once the psychic has correctly guessed this, the team moves on to the secret, and finally the way they fall in love. All guessing must be made before the time runs out, no final guessing.</p>

<h2>Variations</h2>
<ul>
<li>May be played with how the client will die instead of fall in love.</li>
<li>May be played with four players, with two players acting as the crystal ball.</li>
</ul>","CRYSTAL BALL
“A player will have to guess a teammates future, using only clues from them
and their crystal ball.”
The referee sends one player out of the room to be the guesser, and then
gets a suggestion of a celebrity or fictional character, a secret that
person has, and how they will fall in love. The guesser is called back into
the room, and a timer is set for three minutes.
The guesser takes on the character of a psychic. With the help of one
teammate playing the client giving inference clues, and another
teammate playing the crystal ball giving pantomime clues, the psychic
must guess who the client will fall in love with. Once the psychic has
correctly guessed this, the team moves on to the secret, and finally the
way they fall in love. All guessing must be made before the time runs out,
no final guessing.
Variations on this Game
●
May be played with how the client will die instead of fall in love.
●
May be played with four players, with two players acting as the
crystal ball.",A-ComedySportz-Games-Manual-v2.2 copy.pdf,,,Not Started,,,
123,DATING GAME,Team Games,Guessing Games,147,147,147,dating-game,"“One lucky player will be sent on a date with one of these fine contestants, only they don’t know who the contestants are.”","The referee sends one player out of the room to be the guesser, and gets a suggestion of an endowment for each player, now a contestant on a dating game style show. These might be a fictional character, celebrity, historical figure, appliance, animal, whatever the referee wants, and assigns them to the contestants. The referee calls in the guesser, who will endow themself as a character looking for a date, and interviews them. The contestants introduce themselves, without saying exactly who or what they are, and the guesser asks their first question to the contestants. Each contest will answer in character giving subtle inference clues as to who or what they are. This happens two more times. Once three questions have been asked of the contestants, the guesser will eliminate two contestants by guessing their endowment, and right or wrong the leave the field. Finally, the guesser declares they will be going on a date with the last contestant standing, and guess their endowment, right or wrong they exit the field together.",,,"●
May be played with each contestant having two endowments. (Called “Double Dating Game”)",1,Double Dating Game,,Auto-extracted - needs human spot check,"<h1>DATING GAME</h1>

<h2>Category</h2>
<p>Guessing Games</p>

<h2>Referee Introduction</h2>
<blockquote><p>“One lucky player will be sent on a date with one of these fine contestants, only they don’t know who the contestants are.”</p></blockquote>

<h2>Description</h2>
<p>The referee sends one player out of the room to be the guesser, and gets a suggestion of an endowment for each player, now a contestant on a dating game style show. These might be a fictional character, celebrity, historical figure, appliance, animal, whatever the referee wants, and assigns them to the contestants. The referee calls in the guesser, who will endow themself as a character looking for a date, and interviews them. The contestants introduce themselves, without saying exactly who or what they are, and the guesser asks their first question to the contestants. Each contest will answer in character giving subtle inference clues as to who or what they are. This happens two more times. Once three questions have been asked of the contestants, the guesser will eliminate two contestants by guessing their endowment, and right or wrong the leave the field. Finally, the guesser declares they will be going on a date with the last contestant standing, and guess their endowment, right or wrong they exit the field together.</p>

<h2>Variations</h2>
<ul>
<li>May be played with each contestant having two endowments. (Called “Double Dating Game”)</li>
</ul>","DATING GAME
“One lucky player will be sent on a date with one of these fine contestants,
only they don’t know who the contestants are.”
The referee sends one player out of the room to be the guesser, and gets
a suggestion of an endowment for each player, now a contestant on a
dating game style show. These might be a fictional character, celebrity,
historical figure, appliance, animal, whatever the referee wants, and
assigns them to the contestants. The referee calls in the guesser, who
will endow themself as a character looking for a date, and interviews
them.
The contestants introduce themselves, without saying exactly who or
what they are, and the guesser asks their first question to the
contestants. Each contest will answer in character giving subtle
inference clues as to who or what they are. This happens two more
times. Once three questions have been asked of the contestants, the
guesser will eliminate two contestants by guessing their endowment,
and right or wrong the leave the field. Finally, the guesser declares they
will be going on a date with the last contestant standing, and guess their
endowment, right or wrong they exit the field together.
Variations on this Game
●
May be played with each contestant having two endowments.
(Called “Double Dating Game”)",A-ComedySportz-Games-Manual-v2.2 copy.pdf,,,Not Started,,,
124,FIVE THINGS,Team Games,Guessing Games,148-149,148,149,five-things,"“The team will try to get their guesser to do five activities, with the changes to the activities, using only pantomime and gibberish in a set amount of time.”","The referee sends one player out of the room to be the guesser and gets suggestions of five activities. After getting the activities, the referee will replace the items used in said activity with other suggestion, getting two or three changes per activity. The remaining players will select what order they are doing the activities in, and the guesser is called back in, and a timer is set for four-five minutes. Using only pantomime and gibberish, the players will attempt to get the guesser to do the activity. It is important to repeat the players giving clues do not do the activity. Once the guesser does the activity, the players will begin to show the changes by removing the object and replacing it with the suggested changes. Once the guesser believes they know it, they will do the activity with the changes. The referee then asks them to step forward and guess what they are doing and the changes. If the guesser gets it right, they move on to the next activity. If the guesser gets it wrong, their team will choose to fix it, or move on to the next and come back to it later if time allows. This repeats until time runs out or all activities are guessed correctly, whichever comes first. The guesser then gives a final guess.",,,"●
May be played with all players going out of the room, so the players giving clues don’t see the list until the start of the game. (Called “Extreme Five Things”)
●
May be played with all of the players going out of the room, and the activities and changes on separate slips of paper, with the guesser switching out between the activities. (Called “Ultra Extreme Five Things”)
●
May be played with the referee getting the suggestion of a movie, and activities from said movie. The game is played as normal, but the guesser can get a bonus if the also can identify the film. (Called “Movie Five Things”)
●
May be played with the first activity having only one change, the second activity having two changes, and so on until the fifth activity having five changes. (Called “1-2-3-4-5 Things”)
●
May be played head-to-head with one guesser from each team leaving the room. The referee getting four or six activities and changes, and an optional seventh to serve as a tiebreaker. The teams taking one-minute turns to get their guesser to guess an activity, if their guesser fails to guess it correctly, the guesser from the other team gets a chance to steal. The tiebreaker is done by both team simultaneously, with the first guesser to step forward and get it right winning the point.  (Called “Four Things” and “Six Things” respectively)",5,Extreme Five Things; Ultra Extreme Five Things; Movie Five Things; 1-2-3-4-5 Things,,Auto-extracted - needs human spot check,"<h1>FIVE THINGS</h1>

<h2>Category</h2>
<p>Guessing Games</p>

<h2>Referee Introduction</h2>
<blockquote><p>“The team will try to get their guesser to do five activities, with the changes to the activities, using only pantomime and gibberish in a set amount of time.”</p></blockquote>

<h2>Description</h2>
<p>The referee sends one player out of the room to be the guesser and gets suggestions of five activities. After getting the activities, the referee will replace the items used in said activity with other suggestion, getting two or three changes per activity. The remaining players will select what order they are doing the activities in, and the guesser is called back in, and a timer is set for four-five minutes. Using only pantomime and gibberish, the players will attempt to get the guesser to do the activity. It is important to repeat the players giving clues do not do the activity. Once the guesser does the activity, the players will begin to show the changes by removing the object and replacing it with the suggested changes. Once the guesser believes they know it, they will do the activity with the changes. The referee then asks them to step forward and guess what they are doing and the changes. If the guesser gets it right, they move on to the next activity. If the guesser gets it wrong, their team will choose to fix it, or move on to the next and come back to it later if time allows. This repeats until time runs out or all activities are guessed correctly, whichever comes first. The guesser then gives a final guess.</p>

<h2>Variations</h2>
<ul>
<li>May be played with all players going out of the room, so the players giving clues don’t see the list until the start of the game. (Called “Extreme Five Things”)</li>
<li>May be played with all of the players going out of the room, and the activities and changes on separate slips of paper, with the guesser switching out between the activities. (Called “Ultra Extreme Five Things”)</li>
<li>May be played with the referee getting the suggestion of a movie, and activities from said movie. The game is played as normal, but the guesser can get a bonus if the also can identify the film. (Called “Movie Five Things”)</li>
<li>May be played with the first activity having only one change, the second activity having two changes, and so on until the fifth activity having five changes. (Called “1-2-3-4-5 Things”)</li>
<li>May be played head-to-head with one guesser from each team leaving the room. The referee getting four or six activities and changes, and an optional seventh to serve as a tiebreaker. The teams taking one-minute turns to get their guesser to guess an activity, if their guesser fails to guess it correctly, the guesser from the other team gets a chance to steal. The tiebreaker is done by both team simultaneously, with the first guesser to step forward and get it right winning the point.  (Called “Four Things” and “Six Things” respectively)</li>
</ul>","FIVE THINGS
“The team will try to get their guesser to do five activities, with the changes to
the activities, using only pantomime and gibberish in a set amount of time.”
The referee sends one player out of the room to be the guesser and gets
suggestions of five activities. After getting the activities, the referee will
replace the items used in said activity with other suggestion, getting two
or three changes per activity. The remaining players will select what
order they are doing the activities in, and the guesser is called back in,
and a timer is set for four-five minutes.
Using only pantomime and gibberish, the players will attempt to get the
guesser to do the activity. It is important to repeat the players giving
clues do not do the activity. Once the guesser does the activity, the
players will begin to show the changes by removing the object and
replacing it with the suggested changes. Once the guesser believes they
know it, they will do the activity with the changes. The referee then asks
them to step forward and guess what they are doing and the changes. If
the guesser gets it right, they move on to the next activity. If the guesser
gets it wrong, their team will choose to fix it, or move on to the next and
come back to it later if time allows. This repeats until time runs out or all
activities are guessed correctly, whichever comes first. The guesser then
gives a final guess.
Variations on this Game
●
May be played with all players going out of the room, so the
players giving clues don’t see the list until the start of the game.
(Called “Extreme Five Things”)
●
May be played with all of the players going out of the room, and
the activities and changes on separate slips of paper, with the
guesser switching out between the activities. (Called “Ultra
Extreme Five Things”)
●
May be played with the referee getting the suggestion of a
movie, and activities from said movie. The game is played as
normal, but the guesser can get a bonus if the also can identify
the film. (Called “Movie Five Things”)
●
May be played with the first activity having only one change, the
second activity having two changes, and so on until the fifth
activity having five changes. (Called “1-2-3-4-5 Things”)
●
May be played head-to-head with one guesser from each team
leaving the room. The referee getting four or six activities and
changes, and an optional seventh to serve as a tiebreaker. The
teams taking one-minute turns to get their guesser to guess an
activity, if their guesser fails to guess it correctly, the guesser
from the other team gets a chance to steal. The tiebreaker is
done by both team simultaneously, with the first guesser to step
forward and get it right winning the point.  (Called “Four Things”
and “Six Things” respectively)",A-ComedySportz-Games-Manual-v2.2 copy.pdf,,,Not Started,,,
125,HOSTAGE NEGOTIATOR,Team Games,Guessing Games,150,150,150,hostage-negotiator,"“A player has taken a player hostage, and won’t them go until they find out where they are, what weapon they are using, and what they want.”","The referee sends one player out of the room to be the guesser, and then gets a suggestion of a location, an unlikely weapon, and a ridiculous demand. The guesser is called back into the room and a timer is set for three minutes. The guesser takes on the character of a hostage taker, with one player as the hostage, and another as the negotiator. Through increasingly less subtle inference clues, they will try to get the guesser to guess where they are. Once they do the team moves on to the weapon and the demand. The game ends when the guesser correctly guess the demand, or time runs out, whichever comes first.",Negotiator,,"●
May be played as a child planning a party with the suggestions of where the party is, what gift they want, and what activity the will be doing. (Called “Sweet Sixteen”)
●
May be played as a player planning a wedding with the suggestions of where the wedding is, what their dress is made out of, and what food they will have. (Called “Wedding Planner”)
●
May be played with a sports coach giving a pep talk with the suggestions of the activity, a mascot, and the famous person in the crowd. (Called “Pep Talk”)
●
May be played with a spokesperson giving a press conference with the suggestion of what happened, where it happened, and what the effect will be. (Called “Press Conference” or “Spin Zone”)
●
May be played with four players, with the fourth taking on another character to help give clues.",5,Sweet Sixteen; Wedding Planner; Pep Talk,,Auto-extracted - needs human spot check,"<h1>HOSTAGE NEGOTIATOR</h1>

<h2>Category</h2>
<p>Guessing Games</p>

<h2>Referee Introduction</h2>
<blockquote><p>“A player has taken a player hostage, and won’t them go until they find out where they are, what weapon they are using, and what they want.”</p></blockquote>

<h2>Description</h2>
<p>The referee sends one player out of the room to be the guesser, and then gets a suggestion of a location, an unlikely weapon, and a ridiculous demand. The guesser is called back into the room and a timer is set for three minutes. The guesser takes on the character of a hostage taker, with one player as the hostage, and another as the negotiator. Through increasingly less subtle inference clues, they will try to get the guesser to guess where they are. Once they do the team moves on to the weapon and the demand. The game ends when the guesser correctly guess the demand, or time runs out, whichever comes first.</p>

<h2>Alternate Names</h2>
<p>Negotiator</p>

<h2>Variations</h2>
<ul>
<li>May be played as a child planning a party with the suggestions of where the party is, what gift they want, and what activity the will be doing. (Called “Sweet Sixteen”)</li>
<li>May be played as a player planning a wedding with the suggestions of where the wedding is, what their dress is made out of, and what food they will have. (Called “Wedding Planner”)</li>
<li>May be played with a sports coach giving a pep talk with the suggestions of the activity, a mascot, and the famous person in the crowd. (Called “Pep Talk”)</li>
<li>May be played with a spokesperson giving a press conference with the suggestion of what happened, where it happened, and what the effect will be. (Called “Press Conference” or “Spin Zone”)</li>
<li>May be played with four players, with the fourth taking on another character to help give clues.</li>
</ul>","HOSTAGE NEGOTIATOR
“A player has taken a player hostage, and won’t them go until they find out
where they are, what weapon they are using, and what they want.”
The referee sends one player out of the room to be the guesser, and then
gets a suggestion of a location, an unlikely weapon, and a ridiculous
demand. The guesser is called back into the room and a timer is set for
three minutes.
The guesser takes on the character of a hostage taker, with one player as
the hostage, and another as the negotiator. Through increasingly less
subtle inference clues, they will try to get the guesser to guess where
they are. Once they do the team moves on to the weapon and the
demand. The game ends when the guesser correctly guess the demand,
or time runs out, whichever comes first.
Alternate Names: Negotiator
Variations on this Game
●
May be played as a child planning a party with the suggestions of
where the party is, what gift they want, and what activity the will
be doing. (Called “Sweet Sixteen”)
●
May be played as a player planning a wedding with the
suggestions of where the wedding is, what their dress is made
out of, and what food they will have. (Called “Wedding Planner”)
●
May be played with a sports coach giving a pep talk with the
suggestions of the activity, a mascot, and the famous person in
the crowd. (Called “Pep Talk”)
●
May be played with a spokesperson giving a press conference
with the suggestion of what happened, where it happened, and
what the effect will be. (Called “Press Conference” or “Spin
Zone”)
●
May be played with four players, with the fourth taking on
another character to help give clues.",A-ComedySportz-Games-Manual-v2.2 copy.pdf,,,Not Started,,,
126,HOT BELL,Team Games,Guessing Games,151,151,151,hot-bell,"“Speaking one word at a time, the team will try to get a guesser to guess your suggestion.”","The referee sends the whole team out of the room, and gets a list of seven or more suggestions. The referee then calls the players back in and sets a timer for three minutes. One player starts as a guesser, and their teammates will try to get them to guess the suggestion speaking one word at a time, and then dinging a bell when they are done. The guesser makes a guess and right or wrong the team rotates in a new guesser. This continues until all suggestions are guessed, or time runs out. No final guesses are given.",,,"●
May be played with a volunteer player as the guesser the whole time.
●
May be played head-to-head with teams taking turns giving clues and guessing. If the team gets it wrong a guesser from the other team can steal.",2,,,Auto-extracted - needs human spot check,"<h1>HOT BELL</h1>

<h2>Category</h2>
<p>Guessing Games</p>

<h2>Referee Introduction</h2>
<blockquote><p>“Speaking one word at a time, the team will try to get a guesser to guess your suggestion.”</p></blockquote>

<h2>Description</h2>
<p>The referee sends the whole team out of the room, and gets a list of seven or more suggestions. The referee then calls the players back in and sets a timer for three minutes. One player starts as a guesser, and their teammates will try to get them to guess the suggestion speaking one word at a time, and then dinging a bell when they are done. The guesser makes a guess and right or wrong the team rotates in a new guesser. This continues until all suggestions are guessed, or time runs out. No final guesses are given.</p>

<h2>Variations</h2>
<ul>
<li>May be played with a volunteer player as the guesser the whole time.</li>
<li>May be played head-to-head with teams taking turns giving clues and guessing. If the team gets it wrong a guesser from the other team can steal.</li>
</ul>","HOT BELL
“Speaking one word at a time, the team will try to get a guesser to guess your
suggestion.”
The referee sends the whole team out of the room, and gets a list of
seven or more suggestions. The referee then calls the players back in and
sets a timer for three minutes.
One player starts as a guesser, and their teammates will try to get them
to guess the suggestion speaking one word at a time, and then dinging a
bell when they are done. The guesser makes a guess and right or wrong
the team rotates in a new guesser. This continues until all suggestions
are guessed, or time runs out. No final guesses are given.
Variations on this Game
●
May be played with a volunteer player as the guesser the whole
time.
●
May be played head-to-head with teams taking turns giving clues
and guessing. If the team gets it wrong a guesser from the other
team can steal.",A-ComedySportz-Games-Manual-v2.2 copy.pdf,,,Not Started,,,
127,INTERROGATION,Team Games,Guessing Games,152,152,152,interrogation,"“One player has committed a crime, only they don’t know what the crime was, why they did it, or who they were with. Luckily, the cops interrogating them do.”","One player is sent out of the room to be the guesser, and the referee gets the suggestion of an activity that is not a crime, an unrelated motive, and an accomplice. The guesser is called back in and a timer is set for three minutes. The guesser takes on the character of a culprit, with the other players as detectives. Through increasingly less subtle inference clues, they will try to get the culprit to guess what they did. Once they culprit confesses to the crime, they will move on to the motive, and the accomplice. It must all be guessed before the timer is done. There are no final guesses.",Crime Story,,"●
May be played with the culprit as some in the principal’s office, at home with their parents, or at the location of any authority figure for that manner.
●
May be played with four players, with the fourth player being a second culprit in a separate room.",2,,,Auto-extracted - needs human spot check,"<h1>INTERROGATION</h1>

<h2>Category</h2>
<p>Guessing Games</p>

<h2>Referee Introduction</h2>
<blockquote><p>“One player has committed a crime, only they don’t know what the crime was, why they did it, or who they were with. Luckily, the cops interrogating them do.”</p></blockquote>

<h2>Description</h2>
<p>One player is sent out of the room to be the guesser, and the referee gets the suggestion of an activity that is not a crime, an unrelated motive, and an accomplice. The guesser is called back in and a timer is set for three minutes. The guesser takes on the character of a culprit, with the other players as detectives. Through increasingly less subtle inference clues, they will try to get the culprit to guess what they did. Once they culprit confesses to the crime, they will move on to the motive, and the accomplice. It must all be guessed before the timer is done. There are no final guesses.</p>

<h2>Alternate Names</h2>
<p>Crime Story</p>

<h2>Variations</h2>
<ul>
<li>May be played with the culprit as some in the principal’s office, at home with their parents, or at the location of any authority figure for that manner.</li>
<li>May be played with four players, with the fourth player being a second culprit in a separate room.</li>
</ul>","INTERROGATION
“One player has committed a crime, only they don’t know what the crime was,
why they did it, or who they were with. Luckily, the cops interrogating them
do.”
One player is sent out of the room to be the guesser, and the referee gets
the suggestion of an activity that is not a crime, an unrelated motive, and
an accomplice. The guesser is called back in and a timer is set for three
minutes.
The guesser takes on the character of a culprit, with the other players as
detectives. Through increasingly less subtle inference clues, they will try
to get the culprit to guess what they did. Once they culprit confesses to
the crime, they will move on to the motive, and the accomplice. It must
all be guessed before the timer is done. There are no final guesses.
Alternate Names: Crime Story
Variations on this Game
●
May be played with the culprit as some in the principal’s office, at
home with their parents, or at the location of any authority figure
for that manner.
●
May be played with four players, with the fourth player being a
second culprit in a separate room.",A-ComedySportz-Games-Manual-v2.2 copy.pdf,,,Not Started,,,
128,KWAZY KWEST,Team Games,Guessing Games,153,153,153,kwazy-kwest,“One player is about to go on a kwazy kwest to search for and return five items.”,"One player is sent out of the room to be the guesser, and the referee gets a list of five items. The guesser is called back in, and a timer is set for three minutes. The guesser will start a scene with one of their teammates who will need an item, and give increasingly subtle hints as to what they need. Once the guesser has figured it out, they leave to get it. Another player comes onto the field and establishes a scene in a location where that item can be found, and will be willing to give them the item the previous player wanted if they can get something for them, giving hints as to what they need. This continues until the guesser knows what all five items are. Once they do they will go and retrieve the final item and return them all in reverse order. Only items returned before time runs out will count.",,,"●
May be played with guesser being a shopkeeper, and their teammates coming into the store to get the items with endowments. The guesser does not need to return them in reverse order in this variation. (Called “Shopping Spree” or “The Shoppe”)",1,,,Auto-extracted - needs human spot check,"<h1>KWAZY KWEST</h1>

<h2>Category</h2>
<p>Guessing Games</p>

<h2>Referee Introduction</h2>
<blockquote><p>“One player is about to go on a kwazy kwest to search for and return five items.”</p></blockquote>

<h2>Description</h2>
<p>One player is sent out of the room to be the guesser, and the referee gets a list of five items. The guesser is called back in, and a timer is set for three minutes. The guesser will start a scene with one of their teammates who will need an item, and give increasingly subtle hints as to what they need. Once the guesser has figured it out, they leave to get it. Another player comes onto the field and establishes a scene in a location where that item can be found, and will be willing to give them the item the previous player wanted if they can get something for them, giving hints as to what they need. This continues until the guesser knows what all five items are. Once they do they will go and retrieve the final item and return them all in reverse order. Only items returned before time runs out will count.</p>

<h2>Variations</h2>
<ul>
<li>May be played with guesser being a shopkeeper, and their teammates coming into the store to get the items with endowments. The guesser does not need to return them in reverse order in this variation. (Called “Shopping Spree” or “The Shoppe”)</li>
</ul>","KWAZY KWEST
“One player is about to go on a kwazy kwest to search for and return five
items.”
One player is sent out of the room to be the guesser, and the referee gets
a list of five items. The guesser is called back in, and a timer is set for
three minutes.
The guesser will start a scene with one of their teammates who will need
an item, and give increasingly subtle hints as to what they need. Once
the guesser has figured it out, they leave to get it. Another player comes
onto the field and establishes a scene in a location where that item can
be found, and will be willing to give them the item the previous player
wanted if they can get something for them, giving hints as to what they
need. This continues until the guesser knows what all five items are.
Once they do they will go and retrieve the final item and return them all
in reverse order. Only items returned before time runs out will count.
Variations on this Game
●
May be played with guesser being a shopkeeper, and their
teammates coming into the store to get the items with
endowments. The guesser does not need to return them in
reverse order in this variation. (Called “Shopping Spree” or “The
Shoppe”)",A-ComedySportz-Games-Manual-v2.2 copy.pdf,,,Not Started,,,
129,LINE DETECTOR,Team Games,Guessing Games,154,154,154,line-detector,"“One team is perfect at detecting when lines are scripted, and will be able to point them out in a scene performed by the other team.”","One team is sent out of the room to be the guessers, and the referee will get five lines of dialogue from the audience. The guessing team is called back in, and a timer is set for three minutes. The guessing team lines up off field in a straight line, and the opposing team begins to perform a scene, trying to work in the scripted lines of dialogue into it. Whenever the player at the front of the guessing team thinks a line is scripted they will declare “That’s a line!” If they are correct, they stay at the front of the line, if they are incorrect the go to the back of the line and a new guesser will step forward. If a line of dialogue sneaks past the guessers, the referee announces it. This continues until all lines are used or time runs out, whichever comes first.",,,"●
May be played with the referee getting only statements of fact.
●
May be played with the players declaring “That’s a lie!” instead of “That’s a line!” (Called “Lie Detector”)",2,Lie Detector,,Auto-extracted - needs human spot check,"<h1>LINE DETECTOR</h1>

<h2>Category</h2>
<p>Guessing Games</p>

<h2>Referee Introduction</h2>
<blockquote><p>“One team is perfect at detecting when lines are scripted, and will be able to point them out in a scene performed by the other team.”</p></blockquote>

<h2>Description</h2>
<p>One team is sent out of the room to be the guessers, and the referee will get five lines of dialogue from the audience. The guessing team is called back in, and a timer is set for three minutes. The guessing team lines up off field in a straight line, and the opposing team begins to perform a scene, trying to work in the scripted lines of dialogue into it. Whenever the player at the front of the guessing team thinks a line is scripted they will declare “That’s a line!” If they are correct, they stay at the front of the line, if they are incorrect the go to the back of the line and a new guesser will step forward. If a line of dialogue sneaks past the guessers, the referee announces it. This continues until all lines are used or time runs out, whichever comes first.</p>

<h2>Variations</h2>
<ul>
<li>May be played with the referee getting only statements of fact.</li>
<li>May be played with the players declaring “That’s a lie!” instead of “That’s a line!” (Called “Lie Detector”)</li>
</ul>","LINE DETECTOR
“One team is perfect at detecting when lines are scripted, and will be able to
point them out in a scene performed by the other team.”
One team is sent out of the room to be the guessers, and the referee will
get five lines of dialogue from the audience. The guessing team is called
back in, and a timer is set for three minutes.
The guessing team lines up off field in a straight line, and the opposing
team begins to perform a scene, trying to work in the scripted lines of
dialogue into it. Whenever the player at the front of the guessing team
thinks a line is scripted they will declare “That’s a line!” If they are
correct, they stay at the front of the line, if they are incorrect the go to
the back of the line and a new guesser will step forward. If a line of
dialogue sneaks past the guessers, the referee announces it. This
continues until all lines are used or time runs out, whichever comes first.
Variations on this Game
●
May be played with the referee getting only statements of fact.
●
May be played with the players declaring “That’s a lie!” instead of
“That’s a line!” (Called “Lie Detector”)",A-ComedySportz-Games-Manual-v2.2 copy.pdf,,,Not Started,,,
130,MYSTERY WHERE,Team Games,Guessing Games,155,155,155,mystery-where,"“The team will do a scene, but each player believes they are in a different location.”","The referee sends the whole team out of the room, and gets a suggestion of location for each player. The referee calls back in the team, which lines up away from the field. One by one the referee whispers a location to each player, and the players go to separate parts of the field. A timer is set for three minutes. The referee gets a suggestion for the game, and the players begin to play a scene, each giving increasingly less subtle clues as to where they believe they are. Once three minutes is up, the players line up against the back wall. One player is called forward, and their teammates guess in unison where they think that player was. This repeats for all players.",,,"●
May be played with the referee getting time periods instead of locations. (Called “Mystery When”)
●
May be played with the referee getting people or characters instead of locations. (Called “Mystery Who” or “Dysfunction Junction”)",2,Mystery When,,Auto-extracted - needs human spot check,"<h1>MYSTERY WHERE</h1>

<h2>Category</h2>
<p>Guessing Games</p>

<h2>Referee Introduction</h2>
<blockquote><p>“The team will do a scene, but each player believes they are in a different location.”</p></blockquote>

<h2>Description</h2>
<p>The referee sends the whole team out of the room, and gets a suggestion of location for each player. The referee calls back in the team, which lines up away from the field. One by one the referee whispers a location to each player, and the players go to separate parts of the field. A timer is set for three minutes. The referee gets a suggestion for the game, and the players begin to play a scene, each giving increasingly less subtle clues as to where they believe they are. Once three minutes is up, the players line up against the back wall. One player is called forward, and their teammates guess in unison where they think that player was. This repeats for all players.</p>

<h2>Variations</h2>
<ul>
<li>May be played with the referee getting time periods instead of locations. (Called “Mystery When”)</li>
<li>May be played with the referee getting people or characters instead of locations. (Called “Mystery Who” or “Dysfunction Junction”)</li>
</ul>","MYSTERY WHERE
“The team will do a scene, but each player believes they are in a different
location.”
The referee sends the whole team out of the room, and gets a suggestion
of location for each player. The referee calls back in the team, which lines
up away from the field. One by one the referee whispers a location to
each player, and the players go to separate parts of the field. A timer is
set for three minutes.
The referee gets a suggestion for the game, and the players begin to play
a scene, each giving increasingly less subtle clues as to where they
believe they are. Once three minutes is up, the players line up against the
back wall. One player is called forward, and their teammates guess in
unison where they think that player was. This repeats for all players.
Variations on this Game
●
May be played with the referee getting time periods instead of
locations. (Called “Mystery When”)
●
May be played with the referee getting people or characters
instead of locations. (Called “Mystery Who” or “Dysfunction
Junction”)",A-ComedySportz-Games-Manual-v2.2 copy.pdf,,,Not Started,,,
131,NIGHT AT THE BALLET,Team Games,Guessing Games,156,156,156,night-at-the-ballet,"“One player will watch a series of ballets, and have to guess what each one is about.”","One player is sent out of the room to be the guesser, and the referee will get a list of three historical events, movies, books, etc. The guesser is called back in and a timer is set for one minute. The players will do a one minute ballet based on the first suggestion, after which the guesser will have to guess what it was about. Right or wrong, they move on to the second suggestion, then again for the third.",,,"●
May be played with the referee getting only historical events. (Called “Historical Ballet”)
●
May be played with the referee getting only movies. (Called “Cinematic Ballet”)
●
May be played with the referee getting only one suggestion, and breaking it into three acts. The guesser guesses the whole theme, and right or wrong the referee tells them the suggestion before having the guesser guess what each act was about.
●
May be played head-to-head, with the guessers writing down their guesses.",4,Historical Ballet; Cinematic Ballet,,Auto-extracted - needs human spot check,"<h1>NIGHT AT THE BALLET</h1>

<h2>Category</h2>
<p>Guessing Games</p>

<h2>Referee Introduction</h2>
<blockquote><p>“One player will watch a series of ballets, and have to guess what each one is about.”</p></blockquote>

<h2>Description</h2>
<p>One player is sent out of the room to be the guesser, and the referee will get a list of three historical events, movies, books, etc. The guesser is called back in and a timer is set for one minute. The players will do a one minute ballet based on the first suggestion, after which the guesser will have to guess what it was about. Right or wrong, they move on to the second suggestion, then again for the third.</p>

<h2>Variations</h2>
<ul>
<li>May be played with the referee getting only historical events. (Called “Historical Ballet”)</li>
<li>May be played with the referee getting only movies. (Called “Cinematic Ballet”)</li>
<li>May be played with the referee getting only one suggestion, and breaking it into three acts. The guesser guesses the whole theme, and right or wrong the referee tells them the suggestion before having the guesser guess what each act was about.</li>
<li>May be played head-to-head, with the guessers writing down their guesses.</li>
</ul>","NIGHT AT THE BALLET
“One player will watch a series of ballets, and have to guess what each one is
about.”
One player is sent out of the room to be the guesser, and the referee will
get a list of three historical events, movies, books, etc. The guesser is
called back in and a timer is set for one minute.
The players will do a one minute ballet based on the first suggestion,
after which the guesser will have to guess what it was about. Right or
wrong, they move on to the second suggestion, then again for the third.
Variations on this Game
●
May be played with the referee getting only historical events.
(Called “Historical Ballet”)
●
May be played with the referee getting only movies. (Called
“Cinematic Ballet”)
●
May be played with the referee getting only one suggestion, and
breaking it into three acts. The guesser guesses the whole theme,
and right or wrong the referee tells them the suggestion before
having the guesser guess what each act was about.
●
May be played head-to-head, with the guessers writing down
their guesses.",A-ComedySportz-Games-Manual-v2.2 copy.pdf,,,Not Started,,,
132,STICKER-DOODLES,Team Games,Guessing Games,157,157,157,sticker-doodles,“The players will do a scene; the only problem is they don’t know who they are.”,"The referee sends the whole team out of the room, and gets a suggestion of an endowment for each player. These endowments can be characters, people, animals, an illness, etc., which are written on sticky notes. The players are called back in, the endowment is stuck to their back or forehead, and a timer is set for three minutes. The referee gets a suggestion for the game, and the players begin to play a scene, each giving increasingly less subtle clues as to who the other players are. Once a player believes they know what their endowment is, they will take it on themself. When time runs out, the will step forward one at a time and guess who they are.",,,,0,,,Auto-extracted - needs human spot check,"<h1>STICKER-DOODLES</h1>

<h2>Category</h2>
<p>Guessing Games</p>

<h2>Referee Introduction</h2>
<blockquote><p>“The players will do a scene; the only problem is they don’t know who they are.”</p></blockquote>

<h2>Description</h2>
<p>The referee sends the whole team out of the room, and gets a suggestion of an endowment for each player. These endowments can be characters, people, animals, an illness, etc., which are written on sticky notes. The players are called back in, the endowment is stuck to their back or forehead, and a timer is set for three minutes. The referee gets a suggestion for the game, and the players begin to play a scene, each giving increasingly less subtle clues as to who the other players are. Once a player believes they know what their endowment is, they will take it on themself. When time runs out, the will step forward one at a time and guess who they are.</p>","STICKER-DOODLES
“The players will do a scene; the only problem is they don’t know who they
are.”
The referee sends the whole team out of the room, and gets a suggestion
of an endowment for each player. These endowments can be characters,
people, animals, an illness, etc., which are written on sticky notes. The
players are called back in, the endowment is stuck to their back or
forehead, and a timer is set for three minutes.
The referee gets a suggestion for the game, and the players begin to play
a scene, each giving increasingly less subtle clues as to who the other
players are. Once a player believes they know what their endowment is,
they will take it on themself. When time runs out, the will step forward
one at a time and guess who they are.",A-ComedySportz-Games-Manual-v2.2 copy.pdf,,,Not Started,,,
133,15 SECONDS EARLIER,Head-To-Head Games,Scenic Head-To-Head Games,162,162,162,15-seconds-earlier,"“One team will do a fifteen second scene, then the other team will show us what happened fifteen seconds leading up to that.”","The referee will get a suggestion for the game and determine which team will start. The first team will perform the last fifteen of a scene, then the referee will switch teams. The second team will show fifteen seconds prior to the first scene, then replay the original fifteen second scene as well, essentially making a thirty second scene. This continues back and forth with each team adding another fifteen seconds to the front of the scene, then playing all the other parts in order.",,,,0,,,Auto-extracted - needs human spot check,"<h1>15 SECONDS EARLIER</h1>

<h2>Category</h2>
<p>Scenic Head-To-Head Games</p>

<h2>Referee Introduction</h2>
<blockquote><p>“One team will do a fifteen second scene, then the other team will show us what happened fifteen seconds leading up to that.”</p></blockquote>

<h2>Description</h2>
<p>The referee will get a suggestion for the game and determine which team will start. The first team will perform the last fifteen of a scene, then the referee will switch teams. The second team will show fifteen seconds prior to the first scene, then replay the original fifteen second scene as well, essentially making a thirty second scene. This continues back and forth with each team adding another fifteen seconds to the front of the scene, then playing all the other parts in order.</p>","15 SECONDS EARLIER
“One team will do a fifteen second scene, then the other team will show us
what happened fifteen seconds leading up to that.”
The referee will get a suggestion for the game and determine which
team will start. The first team will perform the last fifteen of a scene,
then the referee will switch teams. The second team will show fifteen
seconds prior to the first scene, then replay the original fifteen second
scene as well, essentially making a thirty second scene. This continues
back and forth with each team adding another fifteen seconds to the
front of the scene, then playing all the other parts in order.",A-ComedySportz-Games-Manual-v2.2 copy.pdf,,,Not Started,,,
134,55 WORDS,Head-To-Head Games,Scenic Head-To-Head Games,163,163,163,55-words,"“The teams will perform a scene; however, it must be exactly 55 words.”","The referee gets the suggestion for the game, and one player from each team will begin a scene. Throughout the scene the first line may only consist of one word, the second of only two, the third only of three, and so on until the tenth line consists of ten, for a title of 55 words. If any player makes a mistake, they are thrown out and a teammate will come in and start a new scene. If the two players make to 55 words, they both rotate out. This process continues for the rest of the game.",,,,0,,,Auto-extracted - needs human spot check,"<h1>55 WORDS</h1>

<h2>Category</h2>
<p>Scenic Head-To-Head Games</p>

<h2>Referee Introduction</h2>
<blockquote><p>“The teams will perform a scene; however, it must be exactly 55 words.”</p></blockquote>

<h2>Description</h2>
<p>The referee gets the suggestion for the game, and one player from each team will begin a scene. Throughout the scene the first line may only consist of one word, the second of only two, the third only of three, and so on until the tenth line consists of ten, for a title of 55 words. If any player makes a mistake, they are thrown out and a teammate will come in and start a new scene. If the two players make to 55 words, they both rotate out. This process continues for the rest of the game.</p>","55 WORDS
“The teams will perform a scene; however, it must be exactly 55 words.”
The referee gets the suggestion for the game, and one player from each
team will begin a scene. Throughout the scene the first line may only
consist of one word, the second of only two, the third only of three, and
so on until the tenth line consists of ten, for a title of 55 words. If any
player makes a mistake, they are thrown out and a teammate will come
in and start a new scene. If the two players make to 55 words, they both
rotate out. This process continues for the rest of the game.",A-ComedySportz-Games-Manual-v2.2 copy.pdf,,,Not Started,,,
135,BABBLE FISH,Head-To-Head Games,Scenic Head-To-Head Games,164,164,164,babble-fish,"“Two players will perform a scene, and then it will be sent through a gibberish translation.”","The teams separate into three pairs, the referee sends one pair out of the room, and gets a suggestion. The first pair of players will perform a two-person scene based on the suggestion, and are watched by the second pair in the audience.  After the scene is done, the referee will call the third pair back in, who will watch the second pair perform the first scene in gibberish. After the gibberish scene is done, the third pair will perform it in English.",Google Translate; Telephone,,"●
May be played with two pairs leaving the room, after the first scene and instead of a gibberish scene, a volunteer player describes the scene to the second pair using only a specific number of words. This repeats for the third pair, with less words.",1,,,Auto-extracted - needs human spot check,"<h1>BABBLE FISH</h1>

<h2>Category</h2>
<p>Scenic Head-To-Head Games</p>

<h2>Referee Introduction</h2>
<blockquote><p>“Two players will perform a scene, and then it will be sent through a gibberish translation.”</p></blockquote>

<h2>Description</h2>
<p>The teams separate into three pairs, the referee sends one pair out of the room, and gets a suggestion. The first pair of players will perform a two-person scene based on the suggestion, and are watched by the second pair in the audience.  After the scene is done, the referee will call the third pair back in, who will watch the second pair perform the first scene in gibberish. After the gibberish scene is done, the third pair will perform it in English.</p>

<h2>Alternate Names</h2>
<p>Google Translate; Telephone</p>

<h2>Variations</h2>
<ul>
<li>May be played with two pairs leaving the room, after the first scene and instead of a gibberish scene, a volunteer player describes the scene to the second pair using only a specific number of words. This repeats for the third pair, with less words.</li>
</ul>","BABBLE FISH
“Two players will perform a scene, and then it will be sent through a gibberish
translation.”
The teams separate into three pairs, the referee sends one pair out of
the room, and gets a suggestion. The first pair of players will perform a
two-person scene based on the suggestion, and are watched by the
second pair in the audience.  After the scene is done, the referee will call
the third pair back in, who will watch the second pair perform the first
scene in gibberish. After the gibberish scene is done, the third pair will
perform it in English.
Alternate Names: Google Translate; Telephone
Variations on this Game
●
May be played with two pairs leaving the room, after the first
scene and instead of a gibberish scene, a volunteer player
describes the scene to the second pair using only a specific
number of words. This repeats for the third pair, with less words.",A-ComedySportz-Games-Manual-v2.2 copy.pdf,,,Not Started,,,
136,BATTLESCENE GALACTICA,Head-To-Head Games,Scenic Head-To-Head Games,165,165,165,battlescene-galactica,“Both teams will do a scene using the same suggestion then you will decide which one you liked more.”,"The referee will send one team out of the room, and get a suggestion for the game. The team in the room will perform their scene, then the other team returns is told the suggestion and perform a scene. Afterwards the audience votes for which scene they preferred.",,,,0,,,Auto-extracted - needs human spot check,"<h1>BATTLESCENE GALACTICA</h1>

<h2>Category</h2>
<p>Scenic Head-To-Head Games</p>

<h2>Referee Introduction</h2>
<blockquote><p>“Both teams will do a scene using the same suggestion then you will decide which one you liked more.”</p></blockquote>

<h2>Description</h2>
<p>The referee will send one team out of the room, and get a suggestion for the game. The team in the room will perform their scene, then the other team returns is told the suggestion and perform a scene. Afterwards the audience votes for which scene they preferred.</p>","BATTLESCENE GALACTICA
“Both teams will do a scene using the same suggestion then you will decide
which one you liked more.”
The referee will send one team out of the room, and get a suggestion for
the game. The team in the room will perform their scene, then the other
team returns is told the suggestion and perform a scene. Afterwards the
audience votes for which scene they preferred.",A-ComedySportz-Games-Manual-v2.2 copy.pdf,,,Not Started,,,
137,CONTINUATION,Head-To-Head Games,Scenic Head-To-Head Games,166,166,166,continuation,"“One team will start a scene, and at any point I may switch to the other team who will pick up exactly where the scene left off.”","The referee chooses which team will start the scene and gets a suggestion for the game. The team begins performing the scene, but at any point the referee will switch teams, who will have to pick up exactly where the other scene left off. This process continues for the rest of the game.",,,,0,,,Auto-extracted - needs human spot check,"<h1>CONTINUATION</h1>

<h2>Category</h2>
<p>Scenic Head-To-Head Games</p>

<h2>Referee Introduction</h2>
<blockquote><p>“One team will start a scene, and at any point I may switch to the other team who will pick up exactly where the scene left off.”</p></blockquote>

<h2>Description</h2>
<p>The referee chooses which team will start the scene and gets a suggestion for the game. The team begins performing the scene, but at any point the referee will switch teams, who will have to pick up exactly where the other scene left off. This process continues for the rest of the game.</p>","CONTINUATION
“One team will start a scene, and at any point I may switch to the other team
who will pick up exactly where the scene left off.”
The referee chooses which team will start the scene and gets a
suggestion for the game. The team begins performing the scene, but at
any point the referee will switch teams, who will have to pick up exactly
where the other scene left off. This process continues for the rest of the
game.",A-ComedySportz-Games-Manual-v2.2 copy.pdf,,,Not Started,,,
138,DANCE FREEZE,Head-To-Head Games,Scenic Head-To-Head Games,167,167,167,dance-freeze,"“Both teams will dance, and I will call out specific players to do scenes based on their body positions.”","They referee calls both teams onto the field and the announcer will play music, to which all the players dance. Whenever the referee wishes, they will call “Freeze!” and the players will do so. The referee then picks certain players to do a quick scene based on their body positions. When the scene is done, the referee will declare “Everybody Dance!” and the process continues for the rest of the game.","Dance Party (Freeze); Dance, Monkey, Dance",,"●
May be played with a volunteer player.",1,,,Auto-extracted - needs human spot check,"<h1>DANCE FREEZE</h1>

<h2>Category</h2>
<p>Scenic Head-To-Head Games</p>

<h2>Referee Introduction</h2>
<blockquote><p>“Both teams will dance, and I will call out specific players to do scenes based on their body positions.”</p></blockquote>

<h2>Description</h2>
<p>They referee calls both teams onto the field and the announcer will play music, to which all the players dance. Whenever the referee wishes, they will call “Freeze!” and the players will do so. The referee then picks certain players to do a quick scene based on their body positions. When the scene is done, the referee will declare “Everybody Dance!” and the process continues for the rest of the game.</p>

<h2>Alternate Names</h2>
<p>Dance Party (Freeze); Dance, Monkey, Dance</p>

<h2>Variations</h2>
<ul>
<li>May be played with a volunteer player.</li>
</ul>","DANCE FREEZE
“Both teams will dance, and I will call out specific players to do scenes based
on their body positions.”
They referee calls both teams onto the field and the announcer will play
music, to which all the players dance. Whenever the referee wishes, they
will call “Freeze!” and the players will do so. The referee then picks
certain players to do a quick scene based on their body positions. When
the scene is done, the referee will declare “Everybody Dance!” and the
process continues for the rest of the game.
Alternate Names: Dance Party (Freeze); Dance, Monkey, Dance
Variations on this Game
●
May be played with a volunteer player.",A-ComedySportz-Games-Manual-v2.2 copy.pdf,,,Not Started,,,
139,DICK VAN DYKE,Head-To-Head Games,Scenic Head-To-Head Games,168,168,168,dick-van-dyke,“The players will show off their vocal prowess in a battle of accents.”,"The referee gets the suggestion for the game, and a suggestion of an accent, dialect, or voice. One player from each team attempt to do a scene speaking with the suggested vocal endowment, but if the falter or fail to do a passable version, the referee will rotate them out and another player from their team will come in and try to do the endowed voice, picking up where the scene left off. The referee will switch the voice throughout the game.",,,,0,,,Auto-extracted - needs human spot check,"<h1>DICK VAN DYKE</h1>

<h2>Category</h2>
<p>Scenic Head-To-Head Games</p>

<h2>Referee Introduction</h2>
<blockquote><p>“The players will show off their vocal prowess in a battle of accents.”</p></blockquote>

<h2>Description</h2>
<p>The referee gets the suggestion for the game, and a suggestion of an accent, dialect, or voice. One player from each team attempt to do a scene speaking with the suggested vocal endowment, but if the falter or fail to do a passable version, the referee will rotate them out and another player from their team will come in and try to do the endowed voice, picking up where the scene left off. The referee will switch the voice throughout the game.</p>","DICK VAN DYKE
“The players will show off their vocal prowess in a battle of accents.”
The referee gets the suggestion for the game, and a suggestion of an
accent, dialect, or voice. One player from each team attempt to do a
scene speaking with the suggested vocal endowment, but if the falter or
fail to do a passable version, the referee will rotate them out and
another player from their team will come in and try to do the endowed
voice, picking up where the scene left off. The referee will switch the
voice throughout the game.",A-ComedySportz-Games-Manual-v2.2 copy.pdf,,,Not Started,,,
140,DON’T MAKE ME HECKLE,Head-To-Head Games,Scenic Head-To-Head Games,169,169,169,dont-make-me-heckle,“The teams will attempt to make each other break character in the scene by heckling them.”,"The referee chooses which team will start the scene and gets a suggestion for the game. The team begins performing the scene, while the other team heckles them. If at any point one player in the scene laughs or breaks character, the other team rotates in and continues where the scene left off. The first team now gets to heckle them, trying to get them to break. This process continues for the rest of the game.",,,,0,,,Auto-extracted - needs human spot check,"<h1>DON’T MAKE ME HECKLE</h1>

<h2>Category</h2>
<p>Scenic Head-To-Head Games</p>

<h2>Referee Introduction</h2>
<blockquote><p>“The teams will attempt to make each other break character in the scene by heckling them.”</p></blockquote>

<h2>Description</h2>
<p>The referee chooses which team will start the scene and gets a suggestion for the game. The team begins performing the scene, while the other team heckles them. If at any point one player in the scene laughs or breaks character, the other team rotates in and continues where the scene left off. The first team now gets to heckle them, trying to get them to break. This process continues for the rest of the game.</p>","DON’T MAKE ME HECKLE
“The teams will attempt to make each other break character in the scene by
heckling them.”
The referee chooses which team will start the scene and gets a
suggestion for the game. The team begins performing the scene, while
the other team heckles them. If at any point one player in the scene
laughs or breaks character, the other team rotates in and continues
where the scene left off. The first team now gets to heckle them, trying
to get them to break. This process continues for the rest of the game.",A-ComedySportz-Games-Manual-v2.2 copy.pdf,,,Not Started,,,
141,ECHO,Head-To-Head Games,Scenic Head-To-Head Games,170,170,170,echo,“The lines of dialogue from our players will echo at the start of a scene from the other team.”,"The referee gets a suggestion for the game and determines which team will start. The first team will begin a scene about the suggestion, and whenever the second team wishes they will clap their hands and say “Switch!” At this point the second team begins a scene beginning with the last line of dialogue from the previous scene exactly. This continues back and forth until the end of the game.",,,"●
May be played with the referee switching between the two teams as opposed to the players.",1,,,Auto-extracted - needs human spot check,"<h1>ECHO</h1>

<h2>Category</h2>
<p>Scenic Head-To-Head Games</p>

<h2>Referee Introduction</h2>
<blockquote><p>“The lines of dialogue from our players will echo at the start of a scene from the other team.”</p></blockquote>

<h2>Description</h2>
<p>The referee gets a suggestion for the game and determines which team will start. The first team will begin a scene about the suggestion, and whenever the second team wishes they will clap their hands and say “Switch!” At this point the second team begins a scene beginning with the last line of dialogue from the previous scene exactly. This continues back and forth until the end of the game.</p>

<h2>Variations</h2>
<ul>
<li>May be played with the referee switching between the two teams as opposed to the players.</li>
</ul>","ECHO
“The lines of dialogue from our players will echo at the start of a scene from
the other team.”
The referee gets a suggestion for the game and determines which team
will start. The first team will begin a scene about the suggestion, and
whenever the second team wishes they will clap their hands and say
“Switch!” At this point the second team begins a scene beginning with
the last line of dialogue from the previous scene exactly. This continues
back and forth until the end of the game.
Variations on this Game
●
May be played with the referee switching between the two
teams as opposed to the players.",A-ComedySportz-Games-Manual-v2.2 copy.pdf,,,Not Started,,,
142,FOREIGN TELEVISION,Head-To-Head Games,Scenic Head-To-Head Games,171,171,171,foreign-television,"“A lot of television shows are remakes of foreign shows, and the players will perform a few for you along with their English language versions.”","The referee chooses which team will start the scene and gets a suggestion for the name and genre of a made up foreign television show. The first team begins performing the scene in gibberish, and once they are done, the second team will perform it in English. The referee will then get a new suggestion of a title and genre, and the second team performs the gibberish scene followed by the first team performing the English language version.",,,,0,,,Auto-extracted - needs human spot check,"<h1>FOREIGN TELEVISION</h1>

<h2>Category</h2>
<p>Scenic Head-To-Head Games</p>

<h2>Referee Introduction</h2>
<blockquote><p>“A lot of television shows are remakes of foreign shows, and the players will perform a few for you along with their English language versions.”</p></blockquote>

<h2>Description</h2>
<p>The referee chooses which team will start the scene and gets a suggestion for the name and genre of a made up foreign television show. The first team begins performing the scene in gibberish, and once they are done, the second team will perform it in English. The referee will then get a new suggestion of a title and genre, and the second team performs the gibberish scene followed by the first team performing the English language version.</p>","FOREIGN TELEVISION
“A lot of television shows are remakes of foreign shows, and the players will
perform a few for you along with their English language versions.”
The referee chooses which team will start the scene and gets a
suggestion for the name and genre of a made up foreign television show.
The first team begins performing the scene in gibberish, and once they
are done, the second team will perform it in English. The referee will
then get a new suggestion of a title and genre, and the second team
performs the gibberish scene followed by the first team performing the
English language version.",A-ComedySportz-Games-Manual-v2.2 copy.pdf,,,Not Started,,,
143,GRAND THEFT AUTO,Head-To-Head Games,Scenic Head-To-Head Games,172,172,172,grand-theft-auto,"“The players of one team will be going on a road trip, but the other team will come in and steal their car.”","The referee chooses what team will start the game, and get then gets a suggestion of two letters. The first team starts to act as though they are in a car on a road trip, while the second team begins to sneak up on the car. The player in the driver’s seat notices them and declares “Oh no! It’s ____!” giving them an endowment of two words, one word beginning with each initial from the suggestion, and abandon the car and exit the field. The second team takes on the endowment and begins to drive the car, while the first team sneaks up on them. The process continues for the rest of the game, and the referee may change the initials whenever they wish.",Fire Drill,,,0,,,Auto-extracted - needs human spot check,"<h1>GRAND THEFT AUTO</h1>

<h2>Category</h2>
<p>Scenic Head-To-Head Games</p>

<h2>Referee Introduction</h2>
<blockquote><p>“The players of one team will be going on a road trip, but the other team will come in and steal their car.”</p></blockquote>

<h2>Description</h2>
<p>The referee chooses what team will start the game, and get then gets a suggestion of two letters. The first team starts to act as though they are in a car on a road trip, while the second team begins to sneak up on the car. The player in the driver’s seat notices them and declares “Oh no! It’s ____!” giving them an endowment of two words, one word beginning with each initial from the suggestion, and abandon the car and exit the field. The second team takes on the endowment and begins to drive the car, while the first team sneaks up on them. The process continues for the rest of the game, and the referee may change the initials whenever they wish.</p>

<h2>Alternate Names</h2>
<p>Fire Drill</p>","GRAND THEFT AUTO
“The players of one team will be going on a road trip, but the other team will
come in and steal their car.”
The referee chooses what team will start the game, and get then gets a
suggestion of two letters. The first team starts to act as though they are
in a car on a road trip, while the second team begins to sneak up on the
car. The player in the driver’s seat notices them and declares “Oh no! It’s
____!” giving them an endowment of two words, one word beginning with
each initial from the suggestion, and abandon the car and exit the field.
The second team takes on the endowment and begins to drive the car,
while the first team sneaks up on them. The process continues for the
rest of the game, and the referee may change the initials whenever they
wish.
Alternate Names: Fire Drill",A-ComedySportz-Games-Manual-v2.2 copy.pdf,,,Not Started,,,
144,I CAN DO BETTER,Head-To-Head Games,Scenic Head-To-Head Games,173,173,173,i-can-do-better,"“The players will perform a scene, but if another player thinks they can do better, they will challenge them.”","The referee chooses which team will start the scene and gets a suggestion for the game. The team begins performing the scene, and at any point in time a player from the other team can challenge them by declaring “I can do better!” The referee will ask the player what they can do better, and if the referee wants to see it the player will then tap out a player and attempt to do the proposed action better. If the referee deems it better, the scene continues with that player in it now. If the referee disagrees, the tapped-out player returns to the scene. This process continues for the rest of the game.",Anything You Can Do,,,0,,,Auto-extracted - needs human spot check,"<h1>I CAN DO BETTER</h1>

<h2>Category</h2>
<p>Scenic Head-To-Head Games</p>

<h2>Referee Introduction</h2>
<blockquote><p>“The players will perform a scene, but if another player thinks they can do better, they will challenge them.”</p></blockquote>

<h2>Description</h2>
<p>The referee chooses which team will start the scene and gets a suggestion for the game. The team begins performing the scene, and at any point in time a player from the other team can challenge them by declaring “I can do better!” The referee will ask the player what they can do better, and if the referee wants to see it the player will then tap out a player and attempt to do the proposed action better. If the referee deems it better, the scene continues with that player in it now. If the referee disagrees, the tapped-out player returns to the scene. This process continues for the rest of the game.</p>

<h2>Alternate Names</h2>
<p>Anything You Can Do</p>","I CAN DO BETTER
“The players will perform a scene, but if another player thinks they can do
better, they will challenge them.”
The referee chooses which team will start the scene and gets a
suggestion for the game. The team begins performing the scene, and at
any point in time a player from the other team can challenge them by
declaring “I can do better!” The referee will ask the player what they can
do better, and if the referee wants to see it the player will then tap out a
player and attempt to do the proposed action better. If the referee
deems it better, the scene continues with that player in it now. If the
referee disagrees, the tapped-out player returns to the scene. This
process continues for the rest of the game.
Alternate Names: Anything You Can Do",A-ComedySportz-Games-Manual-v2.2 copy.pdf,,,Not Started,,,
145,I GIVE UP,Head-To-Head Games,Scenic Head-To-Head Games,174,174,174,i-give-up,"“Both teams will do a scene while I layer on challenges, the first team to mess up or give up loses.”","The referee gets the suggestion for the game, and one player from each team will begin a scene. Throughout the game, the referee will layer challenges on the teams, which if a team doesn’t do or if a player says, “I Give Up!” they game is over and their team loses. These challenges can be anything the referee wishes from physical tasks the must do, endowments, genres, etc.",Kill Jenni,,,0,,,Auto-extracted - needs human spot check,"<h1>I GIVE UP</h1>

<h2>Category</h2>
<p>Scenic Head-To-Head Games</p>

<h2>Referee Introduction</h2>
<blockquote><p>“Both teams will do a scene while I layer on challenges, the first team to mess up or give up loses.”</p></blockquote>

<h2>Description</h2>
<p>The referee gets the suggestion for the game, and one player from each team will begin a scene. Throughout the game, the referee will layer challenges on the teams, which if a team doesn’t do or if a player says, “I Give Up!” they game is over and their team loses. These challenges can be anything the referee wishes from physical tasks the must do, endowments, genres, etc.</p>

<h2>Alternate Names</h2>
<p>Kill Jenni</p>","I GIVE UP
“Both teams will do a scene while I layer on challenges, the first team to mess
up or give up loses.”
The referee gets the suggestion for the game, and one player from each
team will begin a scene. Throughout the game, the referee will layer
challenges on the teams, which if a team doesn’t do or if a player says, “I
Give Up!” they game is over and their team loses. These challenges can
be anything the referee wishes from physical tasks the must do,
endowments, genres, etc.
Alternate Names: Kill Jenni",A-ComedySportz-Games-Manual-v2.2 copy.pdf,,,Not Started,,,
146,LAUGH OUT,Head-To-Head Games,Scenic Head-To-Head Games,175,175,175,laugh-out,"“The teams will perform a dramatic scene, and if the audience laughs at something a player does or says that player will rotate out.”","The referee gets the suggestion for the game, and one player from each team will begin a scene. Throughout the scene if any player makes the audience laugh, they will be thrown out, and a teammate will come in and say the same line. This process continues for the rest of the game.",,,,0,,,Auto-extracted - needs human spot check,"<h1>LAUGH OUT</h1>

<h2>Category</h2>
<p>Scenic Head-To-Head Games</p>

<h2>Referee Introduction</h2>
<blockquote><p>“The teams will perform a dramatic scene, and if the audience laughs at something a player does or says that player will rotate out.”</p></blockquote>

<h2>Description</h2>
<p>The referee gets the suggestion for the game, and one player from each team will begin a scene. Throughout the scene if any player makes the audience laugh, they will be thrown out, and a teammate will come in and say the same line. This process continues for the rest of the game.</p>","LAUGH OUT
“The teams will perform a dramatic scene, and if the audience laughs at
something a player does or says that player will rotate out.”
The referee gets the suggestion for the game, and one player from each
team will begin a scene. Throughout the scene if any player makes the
audience laugh, they will be thrown out, and a teammate will come in
and say the same line. This process continues for the rest of the game.",A-ComedySportz-Games-Manual-v2.2 copy.pdf,,,Not Started,,,
147,"MEANWHILE, ELSEWHERE",Head-To-Head Games,Scenic Head-To-Head Games,176,176,176,meanwhile-elsewhere,"“One team will start a scene, and if something inspires the other team they will say ‘Meanwhile at…’ and we will go to that scene.”","The referee chooses which team will start the scene and gets a suggestion for the game. The team begins performing the scene, and at any point in time a player from the other team may be inspired by something said and will say “Meanwhile at ____!” telling us the location of the next scene. The players on the field quickly exit, and the new scene begins in the location given, and loosely tied to the previous scene. This process continues for the rest of the game.",,,,0,,,Auto-extracted - needs human spot check,"<h1>MEANWHILE, ELSEWHERE</h1>

<h2>Category</h2>
<p>Scenic Head-To-Head Games</p>

<h2>Referee Introduction</h2>
<blockquote><p>“One team will start a scene, and if something inspires the other team they will say ‘Meanwhile at…’ and we will go to that scene.”</p></blockquote>

<h2>Description</h2>
<p>The referee chooses which team will start the scene and gets a suggestion for the game. The team begins performing the scene, and at any point in time a player from the other team may be inspired by something said and will say “Meanwhile at ____!” telling us the location of the next scene. The players on the field quickly exit, and the new scene begins in the location given, and loosely tied to the previous scene. This process continues for the rest of the game.</p>","MEANWHILE, ELSEWHERE
“One team will start a scene, and if something inspires the other team they
will say ‘Meanwhile at…’ and we will go to that scene.”
The referee chooses which team will start the scene and gets a
suggestion for the game. The team begins performing the scene, and at
any point in time a player from the other team may be inspired by
something said and will say “Meanwhile at ____!” telling us the location of
the next scene. The players on the field quickly exit, and the new scene
begins in the location given, and loosely tied to the previous scene. This
process continues for the rest of the game.",A-ComedySportz-Games-Manual-v2.2 copy.pdf,,,Not Started,,,
148,"MIRROR, MIRROR",Head-To-Head Games,Scenic Head-To-Head Games,177,177,177,mirror-mirror,"“The teams will move as mirrored images of each other, and I can switch back and forth between the two scenes.”","The referee chooses which team will start the scene and gets a suggestion of a location for each team. The first team begins performing the scene on one half of the field, while the second team mirrors their movements on the other half. When the referee wishes they will switch to the second team who will justify their positions in their location while performing a scene, while the first team now mirrors them. The referee switches back and forth between the two scenes, and the process continues for the rest of the game.",Monkey Mirror,,,0,,,Auto-extracted - needs human spot check,"<h1>MIRROR, MIRROR</h1>

<h2>Category</h2>
<p>Scenic Head-To-Head Games</p>

<h2>Referee Introduction</h2>
<blockquote><p>“The teams will move as mirrored images of each other, and I can switch back and forth between the two scenes.”</p></blockquote>

<h2>Description</h2>
<p>The referee chooses which team will start the scene and gets a suggestion of a location for each team. The first team begins performing the scene on one half of the field, while the second team mirrors their movements on the other half. When the referee wishes they will switch to the second team who will justify their positions in their location while performing a scene, while the first team now mirrors them. The referee switches back and forth between the two scenes, and the process continues for the rest of the game.</p>

<h2>Alternate Names</h2>
<p>Monkey Mirror</p>","MIRROR, MIRROR
“The teams will move as mirrored images of each other, and I can switch back
and forth between the two scenes.”
The referee chooses which team will start the scene and gets a
suggestion of a location for each team. The first team begins performing
the scene on one half of the field, while the second team mirrors their
movements on the other half. When the referee wishes they will switch
to the second team who will justify their positions in their location while
performing a scene, while the first team now mirrors them. The referee
switches back and forth between the two scenes, and the process
continues for the rest of the game.
Alternate Names: Monkey Mirror",A-ComedySportz-Games-Manual-v2.2 copy.pdf,,,Not Started,,,
149,PEN PALS,Head-To-Head Games,Scenic Head-To-Head Games,178,178,178,pen-pals,“One player from each team will write a letter to a player from the other team and the players will act them out.”,"The referee gets the suggestion of a relationship between two people and a time period, and decides which team will go first. The first team will send up on player who will take on one half of the relationship, and begin writing a letter to the other half of the relationship utilizing the styles of the era given, with their teammates acting out the letter, in a similar manner to the game “Dime Store Novel.” The second team then does the same thing.",,,,0,,,Auto-extracted - needs human spot check,"<h1>PEN PALS</h1>

<h2>Category</h2>
<p>Scenic Head-To-Head Games</p>

<h2>Referee Introduction</h2>
<blockquote><p>“One player from each team will write a letter to a player from the other team and the players will act them out.”</p></blockquote>

<h2>Description</h2>
<p>The referee gets the suggestion of a relationship between two people and a time period, and decides which team will go first. The first team will send up on player who will take on one half of the relationship, and begin writing a letter to the other half of the relationship utilizing the styles of the era given, with their teammates acting out the letter, in a similar manner to the game “Dime Store Novel.” The second team then does the same thing.</p>","PEN PALS
“One player from each team will write a letter to a player from the other team
and the players will act them out.”
The referee gets the suggestion of a relationship between two people
and a time period, and decides which team will go first. The first team
will send up on player who will take on one half of the relationship, and
begin writing a letter to the other half of the relationship utilizing the
styles of the era given, with their teammates acting out the letter, in a
similar manner to the game “Dime Store Novel.” The second team then
does the same thing.",A-ComedySportz-Games-Manual-v2.2 copy.pdf,,,Not Started,,,
150,QUESTIONS ONLY,Head-To-Head Games,Scenic Head-To-Head Games,179,179,179,questions-only,"“The teams will battle head-to-head in a scene where they can only speak in questions. If a player messes up, their team will rotate.”","The referee gets the suggestion for the game, and one player from each team will begin a scene. The two players may only speak in questions, if a player fails to do so that player is rotated out for another player from their team to continue the scene.",,,"●
May be played with each line starting with the next letter of the alphabet instead of speaking only in questions. (Called “The Alphabet Game”)",1,The Alphabet Game,,Auto-extracted - needs human spot check,"<h1>QUESTIONS ONLY</h1>

<h2>Category</h2>
<p>Scenic Head-To-Head Games</p>

<h2>Referee Introduction</h2>
<blockquote><p>“The teams will battle head-to-head in a scene where they can only speak in questions. If a player messes up, their team will rotate.”</p></blockquote>

<h2>Description</h2>
<p>The referee gets the suggestion for the game, and one player from each team will begin a scene. The two players may only speak in questions, if a player fails to do so that player is rotated out for another player from their team to continue the scene.</p>

<h2>Variations</h2>
<ul>
<li>May be played with each line starting with the next letter of the alphabet instead of speaking only in questions. (Called “The Alphabet Game”)</li>
</ul>","QUESTIONS ONLY
“The teams will battle head-to-head in a scene where they can only speak in
questions. If a player messes up, their team will rotate.”
The referee gets the suggestion for the game, and one player from each
team will begin a scene. The two players may only speak in questions, if a
player fails to do so that player is rotated out for another player from
their team to continue the scene.
Variations on this Game
●
May be played with each line starting with the next letter of the
alphabet instead of speaking only in questions. (Called “The
Alphabet Game”)",A-ComedySportz-Games-Manual-v2.2 copy.pdf,,,Not Started,,,
151,SCOOP IT,Head-To-Head Games,Scenic Head-To-Head Games,180,180,180,scoop-it,"“One team will start a scene, and if something inspires the other team they will scoop that idea, and we will see a scene based on the idea.”","The referee chooses which team will start the scene and gets a suggestion for the game. The team begins performing the scene, and at any point in time a player from the other team may be inspired by something and will say “Scoop It!” and tell the referee what they want scoop from the scene. The team on the field quickly exits, and the other team will do a scene based on what they scooped. This process continues for the rest of the game.",,,,0,,,Auto-extracted - needs human spot check,"<h1>SCOOP IT</h1>

<h2>Category</h2>
<p>Scenic Head-To-Head Games</p>

<h2>Referee Introduction</h2>
<blockquote><p>“One team will start a scene, and if something inspires the other team they will scoop that idea, and we will see a scene based on the idea.”</p></blockquote>

<h2>Description</h2>
<p>The referee chooses which team will start the scene and gets a suggestion for the game. The team begins performing the scene, and at any point in time a player from the other team may be inspired by something and will say “Scoop It!” and tell the referee what they want scoop from the scene. The team on the field quickly exits, and the other team will do a scene based on what they scooped. This process continues for the rest of the game.</p>","SCOOP IT
“One team will start a scene, and if something inspires the other team they
will scoop that idea, and we will see a scene based on the idea.”
The referee chooses which team will start the scene and gets a
suggestion for the game. The team begins performing the scene, and at
any point in time a player from the other team may be inspired by
something and will say “Scoop It!” and tell the referee what they want
scoop from the scene. The team on the field quickly exits, and the other
team will do a scene based on what they scooped. This process continues
for the rest of the game.",A-ComedySportz-Games-Manual-v2.2 copy.pdf,,,Not Started,,,
152,STORY,Head-To-Head Games,Scenic Head-To-Head Games,181,181,181,story,"“I will conduct a story by pointing at players, who must pick up wherever the last player I was pointing to left off.”","The players line up at the front of the stage, and the referee gets a suggestion for the title of a story that has never been written. The referee will point at one player who will begin telling the story, and when the referee points at another player the previously pointed at player will stop speaking, and the new player will continue from where the last player left off. If ever a player fails to stop talk, doesn’t pick up where the other player left off, repeats a word, or any other reason, the referee will throw them out. After a player is thrown own, the players begin a new chapter. This continues until only one player is left.",,,"●
May be played with the players dying dramatically whenever they are called out. (Called “Story, Story, Die”)
●
May be played with the players reading from an instruction manual instead of telling a story. The referee will get the suggestions of different sections of an instruction manual in between when players are thrown out. (Called “Instruction Manual”)
●
May be played with the reciting of a Wikipedia article instead of a story, with the referee clicking on words throughout each round, as well as getting new suggestion for the base article whenever a player is called out. (Called “Wikipedia (Conducted)” or “Hyperlink”)",3,"Story, Story, Die; Instruction Manual",,Auto-extracted - needs human spot check,"<h1>STORY</h1>

<h2>Category</h2>
<p>Scenic Head-To-Head Games</p>

<h2>Referee Introduction</h2>
<blockquote><p>“I will conduct a story by pointing at players, who must pick up wherever the last player I was pointing to left off.”</p></blockquote>

<h2>Description</h2>
<p>The players line up at the front of the stage, and the referee gets a suggestion for the title of a story that has never been written. The referee will point at one player who will begin telling the story, and when the referee points at another player the previously pointed at player will stop speaking, and the new player will continue from where the last player left off. If ever a player fails to stop talk, doesn’t pick up where the other player left off, repeats a word, or any other reason, the referee will throw them out. After a player is thrown own, the players begin a new chapter. This continues until only one player is left.</p>

<h2>Variations</h2>
<ul>
<li>May be played with the players dying dramatically whenever they are called out. (Called “Story, Story, Die”)</li>
<li>May be played with the players reading from an instruction manual instead of telling a story. The referee will get the suggestions of different sections of an instruction manual in between when players are thrown out. (Called “Instruction Manual”)</li>
<li>May be played with the reciting of a Wikipedia article instead of a story, with the referee clicking on words throughout each round, as well as getting new suggestion for the base article whenever a player is called out. (Called “Wikipedia (Conducted)” or “Hyperlink”)</li>
</ul>","STORY
“I will conduct a story by pointing at players, who must pick up wherever the
last player I was pointing to left off.”
The players line up at the front of the stage, and the referee gets a
suggestion for the title of a story that has never been written. The
referee will point at one player who will begin telling the story, and when
the referee points at another player the previously pointed at player will
stop speaking, and the new player will continue from where the last
player left off. If ever a player fails to stop talk, doesn’t pick up where the
other player left off, repeats a word, or any other reason, the referee will
throw them out. After a player is thrown own, the players begin a new
chapter. This continues until only one player is left.
Variations on this Game
●
May be played with the players dying dramatically whenever
they are called out. (Called “Story, Story, Die”)
●
May be played with the players reading from an instruction
manual instead of telling a story. The referee will get the
suggestions of different sections of an instruction manual in
between when players are thrown out. (Called “Instruction
Manual”)
●
May be played with the reciting of a Wikipedia article instead of
a story, with the referee clicking on words throughout each
round, as well as getting new suggestion for the base article
whenever a player is called out. (Called “Wikipedia (Conducted)”
or “Hyperlink”)",A-ComedySportz-Games-Manual-v2.2 copy.pdf,,,Not Started,,,
153,SWITCH INTERVIEW,Head-To-Head Games,Scenic Head-To-Head Games,182,182,182,switch-interview,“We are about to see a series of interviews on talk shows inspired by your suggestions.”,"Two chairs are put onto the field, with one player from each team in them. The referee will get a suggestion for the talk show, and the player on the right becomes the interviewer, while the player on the left becomes the guest. After a quick interview scene, the referee will call switch, the interviewer leaves, the guest moves to the interviewer’s chair to become the interviewer, and another player becomes the guest. The referee gets another suggestion and we see another interview scene. This process continues for the rest of the game.",,,,0,,,Auto-extracted - needs human spot check,"<h1>SWITCH INTERVIEW</h1>

<h2>Category</h2>
<p>Scenic Head-To-Head Games</p>

<h2>Referee Introduction</h2>
<blockquote><p>“We are about to see a series of interviews on talk shows inspired by your suggestions.”</p></blockquote>

<h2>Description</h2>
<p>Two chairs are put onto the field, with one player from each team in them. The referee will get a suggestion for the talk show, and the player on the right becomes the interviewer, while the player on the left becomes the guest. After a quick interview scene, the referee will call switch, the interviewer leaves, the guest moves to the interviewer’s chair to become the interviewer, and another player becomes the guest. The referee gets another suggestion and we see another interview scene. This process continues for the rest of the game.</p>","SWITCH INTERVIEW
“We are about to see a series of interviews on talk shows inspired by your
suggestions.”
Two chairs are put onto the field, with one player from each team in
them. The referee will get a suggestion for the talk show, and the player
on the right becomes the interviewer, while the player on the left
becomes the guest. After a quick interview scene, the referee will call
switch, the interviewer leaves, the guest moves to the interviewer’s
chair to become the interviewer, and another player becomes the guest.
The referee gets another suggestion and we see another interview
scene. This process continues for the rest of the game.",A-ComedySportz-Games-Manual-v2.2 copy.pdf,,,Not Started,,,
154,THREE ROOMS,Head-To-Head Games,Scenic Head-To-Head Games,183,183,183,three-rooms,"“We will see a series of scene, which I will switch through and the next scene will always start with the last line of the previous scene.”","The teams separate into pairs, and the referee gets a suggestion for each team. The first pair begins their scene, and at any point the referee will call “Switch!” and repeat the last line said. The first pair will exit the field, and the second pair will begin their scene with the last line of the previous scene. This process repeats for the third team, and continues for the rest of the game.","The game’s name will change dependent upon the number of pairs. For example, four pairs it becomes Four Rooms, five pairs it becomes Five Rooms, or for sixty-four pairs it becomes Sixty- Four Rooms.",,,0,,,Auto-extracted - needs human spot check,"<h1>THREE ROOMS</h1>

<h2>Category</h2>
<p>Scenic Head-To-Head Games</p>

<h2>Referee Introduction</h2>
<blockquote><p>“We will see a series of scene, which I will switch through and the next scene will always start with the last line of the previous scene.”</p></blockquote>

<h2>Description</h2>
<p>The teams separate into pairs, and the referee gets a suggestion for each team. The first pair begins their scene, and at any point the referee will call “Switch!” and repeat the last line said. The first pair will exit the field, and the second pair will begin their scene with the last line of the previous scene. This process repeats for the third team, and continues for the rest of the game.</p>

<h2>Alternate Names</h2>
<p>The game’s name will change dependent upon the number of pairs. For example, four pairs it becomes Four Rooms, five pairs it becomes Five Rooms, or for sixty-four pairs it becomes Sixty- Four Rooms.</p>","THREE ROOMS
“We will see a series of scene, which I will switch through and the next scene
will always start with the last line of the previous scene.”
The teams separate into pairs, and the referee gets a suggestion for each
team. The first pair begins their scene, and at any point the referee will
call “Switch!” and repeat the last line said. The first pair will exit the field,
and the second pair will begin their scene with the last line of the
previous scene. This process repeats for the third team, and continues
for the rest of the game.
Alternate Names: The game’s name will change dependent upon the
number of pairs. For example, four pairs it becomes Four Rooms, five
pairs it becomes Five Rooms, or for sixty-four pairs it becomes Sixty-
Four Rooms.",A-ComedySportz-Games-Manual-v2.2 copy.pdf,,,Not Started,,,
155,TWO CHAIRS,Head-To-Head Games,Scenic Head-To-Head Games,184,184,184,two-chairs,“The players will do a series of scenes inspired by the locations of where two chairs might be.”,"Two chairs are put onto the field, with one player from each team in them. The referee will get a suggestion of a location for where these two chairs are, and the players will do a short scene inspired by the chair position and the location given, until the referee calls “Move Those Chairs!” The players will then move the chairs to somewhere else on the field and exit, as two new players enter. The referee will get a new suggestion of a location, and the process continues for the rest of the game.",,,"●
May be played with one of the players assuming the roles of a reporter and an eye witness, starting each scene with the line “Breaking News! We’re on location at ______” using the suggested location. (Called “On Location”)",1,On Location,,Auto-extracted - needs human spot check,"<h1>TWO CHAIRS</h1>

<h2>Category</h2>
<p>Scenic Head-To-Head Games</p>

<h2>Referee Introduction</h2>
<blockquote><p>“The players will do a series of scenes inspired by the locations of where two chairs might be.”</p></blockquote>

<h2>Description</h2>
<p>Two chairs are put onto the field, with one player from each team in them. The referee will get a suggestion of a location for where these two chairs are, and the players will do a short scene inspired by the chair position and the location given, until the referee calls “Move Those Chairs!” The players will then move the chairs to somewhere else on the field and exit, as two new players enter. The referee will get a new suggestion of a location, and the process continues for the rest of the game.</p>

<h2>Variations</h2>
<ul>
<li>May be played with one of the players assuming the roles of a reporter and an eye witness, starting each scene with the line “Breaking News! We’re on location at ______” using the suggested location. (Called “On Location”)</li>
</ul>","TWO CHAIRS
“The players will do a series of scenes inspired by the locations of where two
chairs might be.”
Two chairs are put onto the field, with one player from each team in
them. The referee will get a suggestion of a location for where these two
chairs are, and the players will do a short scene inspired by the chair
position and the location given, until the referee calls “Move Those
Chairs!” The players will then move the chairs to somewhere else on the
field and exit, as two new players enter. The referee will get a new
suggestion of a location, and the process continues for the rest of the
game.
Variations on this Game
●
May be played with one of the players assuming the roles of a
reporter and an eye witness, starting each scene with the line
“Breaking News! We’re on location at ______” using the suggested
location. (Called “On Location”)",A-ComedySportz-Games-Manual-v2.2 copy.pdf,,,Not Started,,,
156,WORD AT A TIME EXPRESS,Head-To-Head Games,Scenic Head-To-Head Games,185,185,185,word-at-a-time-express,"“The players will be acting out and telling a story, one word at a time.”","The referee gets the suggestion for the game, and one player from each team will begin telling a story and acting it out one word at a time. If ever a player fails to only use one word, they are rotated out, a new player enters and a new scene is started with a new suggestion.",,,"●
May be played with both players acting out all characters together, still only speaking one word at time.",1,,,Auto-extracted - needs human spot check,"<h1>WORD AT A TIME EXPRESS</h1>

<h2>Category</h2>
<p>Scenic Head-To-Head Games</p>

<h2>Referee Introduction</h2>
<blockquote><p>“The players will be acting out and telling a story, one word at a time.”</p></blockquote>

<h2>Description</h2>
<p>The referee gets the suggestion for the game, and one player from each team will begin telling a story and acting it out one word at a time. If ever a player fails to only use one word, they are rotated out, a new player enters and a new scene is started with a new suggestion.</p>

<h2>Variations</h2>
<ul>
<li>May be played with both players acting out all characters together, still only speaking one word at time.</li>
</ul>","WORD AT A TIME EXPRESS
“The players will be acting out and telling a story, one word at a time.”
The referee gets the suggestion for the game, and one player from each
team will begin telling a story and acting it out one word at a time. If ever
a player fails to only use one word, they are rotated out, a new player
enters and a new scene is started with a new suggestion.
Variations on this Game
●
May be played with both players acting out all characters
together, still only speaking one word at time.",A-ComedySportz-Games-Manual-v2.2 copy.pdf,,,Not Started,,,
157,WORLD WITHOUT A LETTER,Head-To-Head Games,Scenic Head-To-Head Games,186,186,186,world-without-a-letter,"“The teams will battle head-to-head in a scene where they cannot use a specific letter anywhere in any of their words. If a player messes up, their team will rotate.”","The referee gets the suggestion for the game, a letter that is banned and one player from each team will begin a scene. The two players may only speak in lines which that letter doesn’t exist in, if a player uses that letter, that player is rotated out for another player from their team to continue the scene. The referee may change the letter, or add a second letter whenever they wish.",,,,0,,,Auto-extracted - needs human spot check,"<h1>WORLD WITHOUT A LETTER</h1>

<h2>Category</h2>
<p>Scenic Head-To-Head Games</p>

<h2>Referee Introduction</h2>
<blockquote><p>“The teams will battle head-to-head in a scene where they cannot use a specific letter anywhere in any of their words. If a player messes up, their team will rotate.”</p></blockquote>

<h2>Description</h2>
<p>The referee gets the suggestion for the game, a letter that is banned and one player from each team will begin a scene. The two players may only speak in lines which that letter doesn’t exist in, if a player uses that letter, that player is rotated out for another player from their team to continue the scene. The referee may change the letter, or add a second letter whenever they wish.</p>","WORLD WITHOUT A LETTER
“The teams will battle head-to-head in a scene where they cannot use a
specific letter anywhere in any of their words. If a player messes up, their team
will rotate.”
The referee gets the suggestion for the game, a letter that is banned and
one player from each team will begin a scene. The two players may only
speak in lines which that letter doesn’t exist in, if a player uses that letter,
that player is rotated out for another player from their team to continue
the scene. The referee may change the letter, or add a second letter
whenever they wish.",A-ComedySportz-Games-Manual-v2.2 copy.pdf,,,Not Started,,,
158,YAY BOO,Head-To-Head Games,Scenic Head-To-Head Games,187,187,187,yay-boo,"“The players will be telling a story one line at a time, with one player saying things to make you all say ‘Yay!’ and the other making you say ‘Boo!’”","One player from each team takes the field, and the referee gets a suggestion for the game. The first player will begin with a positive line of the story to make the audience say “Yay!” The second player will add to the story with a negative line to make the audience say “Boo!” This continues back and forth, until a player makes the audience respond in the opposite way as intended or is just confusing, when this happens the offending player rotates out, and another player from their team enters. The Yay and the Boo positions switch teams, and a new suggestion is gotten. This process continues for the rest of the game.",Boo Yay,,"●
May be played with the players telling positive and negative facts about the suggestion instead of telling a story.",1,,,Auto-extracted - needs human spot check,"<h1>YAY BOO</h1>

<h2>Category</h2>
<p>Scenic Head-To-Head Games</p>

<h2>Referee Introduction</h2>
<blockquote><p>“The players will be telling a story one line at a time, with one player saying things to make you all say ‘Yay!’ and the other making you say ‘Boo!’”</p></blockquote>

<h2>Description</h2>
<p>One player from each team takes the field, and the referee gets a suggestion for the game. The first player will begin with a positive line of the story to make the audience say “Yay!” The second player will add to the story with a negative line to make the audience say “Boo!” This continues back and forth, until a player makes the audience respond in the opposite way as intended or is just confusing, when this happens the offending player rotates out, and another player from their team enters. The Yay and the Boo positions switch teams, and a new suggestion is gotten. This process continues for the rest of the game.</p>

<h2>Alternate Names</h2>
<p>Boo Yay</p>

<h2>Variations</h2>
<ul>
<li>May be played with the players telling positive and negative facts about the suggestion instead of telling a story.</li>
</ul>","YAY BOO
“The players will be telling a story one line at a time, with one player saying
things to make you all say ‘Yay!’ and the other making you say ‘Boo!’”
One player from each team takes the field, and the referee gets a
suggestion for the game. The first player will begin with a positive line of
the story to make the audience say “Yay!” The second player will add to
the story with a negative line to make the audience say “Boo!” This
continues back and forth, until a player makes the audience respond in
the opposite way as intended or is just confusing, when this happens the
offending player rotates out, and another player from their team enters.
The Yay and the Boo positions switch teams, and a new suggestion is
gotten. This process continues for the rest of the game.
Alternate Names: Boo Yay
Variations on this Game
●
May be played with the players telling positive and negative facts
about the suggestion instead of telling a story.",A-ComedySportz-Games-Manual-v2.2 copy.pdf,,,Not Started,,,
159,AUDITION,Head-To-Head Games,Catch-All Head-To-Head Games,190,190,190,audition,“The players will be auditioning for an upcoming production of a play with monologues from made up plays.”,"The referee will get a list of adjectives and nouns, and begins to act as a casting director for a play. Alternating between teams, one player at a time will come up and introduce themself and what play the will be auditioning from, and delivery a monologue from it. The title of the play is an adjective noun combination from the list, and the may also make up a genre that the play is. Once any suggestion is used, it is crossed of the list. This continues until all players have auditioned.",,,"●
May be played using them as the titles of songs the players will sing.
●
May be played with the referee getting a list of celebrities with distinct voice and a list of well-known movies and television shows. The players the audition for the films and television show as the celebrities. (Called “Screen Test”)",2,Screen Test,,Auto-extracted - needs human spot check,"<h1>AUDITION</h1>

<h2>Category</h2>
<p>Catch-All Head-To-Head Games</p>

<h2>Referee Introduction</h2>
<blockquote><p>“The players will be auditioning for an upcoming production of a play with monologues from made up plays.”</p></blockquote>

<h2>Description</h2>
<p>The referee will get a list of adjectives and nouns, and begins to act as a casting director for a play. Alternating between teams, one player at a time will come up and introduce themself and what play the will be auditioning from, and delivery a monologue from it. The title of the play is an adjective noun combination from the list, and the may also make up a genre that the play is. Once any suggestion is used, it is crossed of the list. This continues until all players have auditioned.</p>

<h2>Variations</h2>
<ul>
<li>May be played using them as the titles of songs the players will sing.</li>
<li>May be played with the referee getting a list of celebrities with distinct voice and a list of well-known movies and television shows. The players the audition for the films and television show as the celebrities. (Called “Screen Test”)</li>
</ul>","AUDITION
“The players will be auditioning for an upcoming production of a play with
monologues from made up plays.”
The referee will get a list of adjectives and nouns, and begins to act as a
casting director for a play. Alternating between teams, one player at a
time will come up and introduce themself and what play the will be
auditioning from, and delivery a monologue from it. The title of the play
is an adjective noun combination from the list, and the may also make up
a genre that the play is. Once any suggestion is used, it is crossed of the
list. This continues until all players have auditioned.
Variations on this Game
●
May be played using them as the titles of songs the players will
sing.
●
May be played with the referee getting a list of celebrities with
distinct voice and a list of well-known movies and television
shows. The players the audition for the films and television show
as the celebrities. (Called “Screen Test”)",A-ComedySportz-Games-Manual-v2.2 copy.pdf,,,Not Started,,,
160,CASANOVA (18+),Head-To-Head Games,Catch-All Head-To-Head Games,191,191,191,casanova-18,“The players will deliver pick-up lines one word at a time in an attempt to earn a volunteer player's favor.”,"The referee asks for a volunteer player from the audience over the age of eighteen, and the teams line up on either side of the volunteer player. The referee gets a suggestion for a game and chooses a team to start. The first team delivers a pick-up line one word at a time based on the suggestion, and then the second team also delivers a pick-up line. The volunteer player chooses which they prefer, and the first player on each side rotates to the end of their line, and the whole process repeats with a new suggestion each time. This continues for the rest of the game.",,,,0,,,Auto-extracted - needs human spot check,"<h1>CASANOVA (18+)</h1>

<h2>Category</h2>
<p>Catch-All Head-To-Head Games</p>

<h2>Referee Introduction</h2>
<blockquote><p>“The players will deliver pick-up lines one word at a time in an attempt to earn a volunteer player's favor.”</p></blockquote>

<h2>Description</h2>
<p>The referee asks for a volunteer player from the audience over the age of eighteen, and the teams line up on either side of the volunteer player. The referee gets a suggestion for a game and chooses a team to start. The first team delivers a pick-up line one word at a time based on the suggestion, and then the second team also delivers a pick-up line. The volunteer player chooses which they prefer, and the first player on each side rotates to the end of their line, and the whole process repeats with a new suggestion each time. This continues for the rest of the game.</p>","CASANOVA (18+)
“The players will deliver pick-up lines one word at a time in an attempt to earn
a volunteer player's favor.”
The referee asks for a volunteer player from the audience over the age
of eighteen, and the teams line up on either side of the volunteer player.
The referee gets a suggestion for a game and chooses a team to start.
The first team delivers a pick-up line one word at a time based on the
suggestion, and then the second team also delivers a pick-up line. The
volunteer player chooses which they prefer, and the first player on each
side rotates to the end of their line, and the whole process repeats with a
new suggestion each time. This continues for the rest of the game.",A-ComedySportz-Games-Manual-v2.2 copy.pdf,,,Not Started,,,
161,HANDS UP,Head-To-Head Games,Catch-All Head-To-Head Games,192,192,192,hands-up,"“The players will list items in a specific category, if they repeat or something not in the category they will have to put a hand up. Two hands up and they’re out.”","The players line up at the front of the stage, and the referee gets a suggestion of a category. The referee will point at one player who will begin listing items in that category, and when the referee points at another player they continue to list things in the category. If ever a player fails to list something in the category, repeats an item previously listed, or any other reason, the referee will instruct them to put a hand up. The referee will then get a new category, and repeat the process. Once a player has two hands up, they are out. This continues until only one player is left.",Dirty Hand Randy; Left Hand Larry,,"●
May be played single elimination.",1,,,Auto-extracted - needs human spot check,"<h1>HANDS UP</h1>

<h2>Category</h2>
<p>Catch-All Head-To-Head Games</p>

<h2>Referee Introduction</h2>
<blockquote><p>“The players will list items in a specific category, if they repeat or something not in the category they will have to put a hand up. Two hands up and they’re out.”</p></blockquote>

<h2>Description</h2>
<p>The players line up at the front of the stage, and the referee gets a suggestion of a category. The referee will point at one player who will begin listing items in that category, and when the referee points at another player they continue to list things in the category. If ever a player fails to list something in the category, repeats an item previously listed, or any other reason, the referee will instruct them to put a hand up. The referee will then get a new category, and repeat the process. Once a player has two hands up, they are out. This continues until only one player is left.</p>

<h2>Alternate Names</h2>
<p>Dirty Hand Randy; Left Hand Larry</p>

<h2>Variations</h2>
<ul>
<li>May be played single elimination.</li>
</ul>","HANDS UP
“The players will list items in a specific category, if they repeat or something
not in the category they will have to put a hand up. Two hands up and they’re
out.”
The players line up at the front of the stage, and the referee gets a
suggestion of a category. The referee will point at one player who will
begin listing items in that category, and when the referee points at
another player they continue to list things in the category. If ever a
player fails to list something in the category, repeats an item previously
listed, or any other reason, the referee will instruct them to put a hand
up. The referee will then get a new category, and repeat the process.
Once a player has two hands up, they are out. This continues until only
one player is left.
Alternate Names: Dirty Hand Randy; Left Hand Larry
Variations on this Game
●
May be played single elimination.",A-ComedySportz-Games-Manual-v2.2 copy.pdf,,,Not Started,,,
162,RADIO,Head-To-Head Games,Catch-All Head-To-Head Games,193,193,193,radio,“The players will each be a different station on a radio which I can tune to using my hand as a radio dial.”,"The players line up at the front of the stage, and the referee gets a suggestion of a topic for each of their radio channels. The referee will use their hand as a radio tuner, going up and down the line of stations, with the players speaking whenever the referee is pointing at them. Players should try to pick up where the last player left off turning it into a part of their station.",,,"●
May be played in the dark with a flashlight as the pointer.",1,,,Auto-extracted - needs human spot check,"<h1>RADIO</h1>

<h2>Category</h2>
<p>Catch-All Head-To-Head Games</p>

<h2>Referee Introduction</h2>
<blockquote><p>“The players will each be a different station on a radio which I can tune to using my hand as a radio dial.”</p></blockquote>

<h2>Description</h2>
<p>The players line up at the front of the stage, and the referee gets a suggestion of a topic for each of their radio channels. The referee will use their hand as a radio tuner, going up and down the line of stations, with the players speaking whenever the referee is pointing at them. Players should try to pick up where the last player left off turning it into a part of their station.</p>

<h2>Variations</h2>
<ul>
<li>May be played in the dark with a flashlight as the pointer.</li>
</ul>","RADIO
“The players will each be a different station on a radio which I can tune to
using my hand as a radio dial.”
The players line up at the front of the stage, and the referee gets a
suggestion of a topic for each of their radio channels. The referee will
use their hand as a radio tuner, going up and down the line of stations,
with the players speaking whenever the referee is pointing at them.
Players should try to pick up where the last player left off turning it into
a part of their station.
Variations on this Game
●
May be played in the dark with a flashlight as the pointer.",A-ComedySportz-Games-Manual-v2.2 copy.pdf,,,Not Started,,,
163,TINDER SWIPE,Head-To-Head Games,Catch-All Head-To-Head Games,194,194,194,tinder-swipe,"“A volunteer player will be introduced to the Tinder profiles of a slew of characters, and will choose to swipe left or right. If they swipe left the character goes away, if they swipe right the go on a date.”","The referee asks for a volunteer player from the audience, and the teams line up off the field in an alternating fashion. One at a time they will step forward and introduce themself in character as if reading their Tinder profiles. If the volunteer player dislikes the profile they will swipe left, and if they like it they will swipe right and go on a date with that character. During the date, the volunteer player or referee may still swipe left, and players start introducing characters again. The process continues for the rest of the game.",,,,0,,,Auto-extracted - needs human spot check,"<h1>TINDER SWIPE</h1>

<h2>Category</h2>
<p>Catch-All Head-To-Head Games</p>

<h2>Referee Introduction</h2>
<blockquote><p>“A volunteer player will be introduced to the Tinder profiles of a slew of characters, and will choose to swipe left or right. If they swipe left the character goes away, if they swipe right the go on a date.”</p></blockquote>

<h2>Description</h2>
<p>The referee asks for a volunteer player from the audience, and the teams line up off the field in an alternating fashion. One at a time they will step forward and introduce themself in character as if reading their Tinder profiles. If the volunteer player dislikes the profile they will swipe left, and if they like it they will swipe right and go on a date with that character. During the date, the volunteer player or referee may still swipe left, and players start introducing characters again. The process continues for the rest of the game.</p>","TINDER SWIPE
“A volunteer player will be introduced to the Tinder profiles of a slew of
characters, and will choose to swipe left or right. If they swipe left the
character goes away, if they swipe right the go on a date.”
The referee asks for a volunteer player from the audience, and the teams
line up off the field in an alternating fashion. One at a time they will step
forward and introduce themself in character as if reading their Tinder
profiles. If the volunteer player dislikes the profile they will swipe left,
and if they like it they will swipe right and go on a date with that
character. During the date, the volunteer player or referee may still
swipe left, and players start introducing characters again. The process
continues for the rest of the game.",A-ComedySportz-Games-Manual-v2.2 copy.pdf,,,Not Started,,,
164,TOWN HALL MEETING,Head-To-Head Games,Catch-All Head-To-Head Games,195,195,195,town-hall-meeting,“This town is in turmoil and the only way to fix it is to hold a town hall meeting then vote.”,"The players situate themselves in the audience, and the referee gets a suggestion of something the town is in turmoil over. One team is pro suggestion and the other is against it. The referee will act as the facilitator of the town hall meeting, calling first on a member of pro- suggestion team, who will in character introduce themself and state their case. Then the referee calls on a player who is against the suggestion, who will also introduce themself and state their case. This continues until all players have spoken. During the game, players are encouraged to also endow volunteer players to be members of their coalition.",,,"●
May be played with the captains of the teams serving as the facilitators.
●
May be played with a suggestion of a common argument, such as pancakes or waffles, and each side taking a stand.",2,,,Auto-extracted - needs human spot check,"<h1>TOWN HALL MEETING</h1>

<h2>Category</h2>
<p>Catch-All Head-To-Head Games</p>

<h2>Referee Introduction</h2>
<blockquote><p>“This town is in turmoil and the only way to fix it is to hold a town hall meeting then vote.”</p></blockquote>

<h2>Description</h2>
<p>The players situate themselves in the audience, and the referee gets a suggestion of something the town is in turmoil over. One team is pro suggestion and the other is against it. The referee will act as the facilitator of the town hall meeting, calling first on a member of pro- suggestion team, who will in character introduce themself and state their case. Then the referee calls on a player who is against the suggestion, who will also introduce themself and state their case. This continues until all players have spoken. During the game, players are encouraged to also endow volunteer players to be members of their coalition.</p>

<h2>Variations</h2>
<ul>
<li>May be played with the captains of the teams serving as the facilitators.</li>
<li>May be played with a suggestion of a common argument, such as pancakes or waffles, and each side taking a stand.</li>
</ul>","TOWN HALL MEETING
“This town is in turmoil and the only way to fix it is to hold a town hall meeting
then vote.”
The players situate themselves in the audience, and the referee gets a
suggestion of something the town is in turmoil over. One team is pro
suggestion and the other is against it. The referee will act as the
facilitator of the town hall meeting, calling first on a member of pro-
suggestion team, who will in character introduce themself and state
their case. Then the referee calls on a player who is against the
suggestion, who will also introduce themself and state their case. This
continues until all players have spoken. During the game, players are
encouraged to also endow volunteer players to be members of their
coalition.
Variations on this Game
●
May be played with the captains of the teams serving as the
facilitators.
●
May be played with a suggestion of a common argument, such as
pancakes or waffles, and each side taking a stand.",A-ComedySportz-Games-Manual-v2.2 copy.pdf,,,Not Started,,,
165,TRY THAT ON FOR SIZE,Head-To-Head Games,Catch-All Head-To-Head Games,196,196,196,try-that-on-for-size,"“The players will go back and forth doing the same motion, giving it different meaning each time.”","One player from each team will take the field, the referee will choose which team will go first, and then get the suggestion of an active activity. The first player starts doing the activity, and the second player mimics the movement as closely as possible. They then go back and forth giving the movement a different justification, followed by saying “Try that on for size!” If either player repeats a justification, changes the motion, doesn’t make sense, or for any other reason, the referee will call on them to rotate out. A new player will take their place, and the referee will get a suggestion of a new active activity and the process continues as such until the end of the game.",Top That!,,"●
May be played saying “Top That” instead of “Try That on for Size” if playing in the UK.
●
May be played with multiple players on each side moving and speaking in unison.",2,,,Auto-extracted - needs human spot check,"<h1>TRY THAT ON FOR SIZE</h1>

<h2>Category</h2>
<p>Catch-All Head-To-Head Games</p>

<h2>Referee Introduction</h2>
<blockquote><p>“The players will go back and forth doing the same motion, giving it different meaning each time.”</p></blockquote>

<h2>Description</h2>
<p>One player from each team will take the field, the referee will choose which team will go first, and then get the suggestion of an active activity. The first player starts doing the activity, and the second player mimics the movement as closely as possible. They then go back and forth giving the movement a different justification, followed by saying “Try that on for size!” If either player repeats a justification, changes the motion, doesn’t make sense, or for any other reason, the referee will call on them to rotate out. A new player will take their place, and the referee will get a suggestion of a new active activity and the process continues as such until the end of the game.</p>

<h2>Alternate Names</h2>
<p>Top That!</p>

<h2>Variations</h2>
<ul>
<li>May be played saying “Top That” instead of “Try That on for Size” if playing in the UK.</li>
<li>May be played with multiple players on each side moving and speaking in unison.</li>
</ul>","TRY THAT ON FOR SIZE
“The players will go back and forth doing the same motion, giving it different
meaning each time.”
One player from each team will take the field, the referee will choose
which team will go first, and then get the suggestion of an active activity.
The first player starts doing the activity, and the second player mimics
the movement as closely as possible. They then go back and forth giving
the movement a different justification, followed by saying “Try that on
for size!” If either player repeats a justification, changes the motion,
doesn’t make sense, or for any other reason, the referee will call on them
to rotate out. A new player will take their place, and the referee will get a
suggestion of a new active activity and the process continues as such
until the end of the game.
Alternate Names: Top That!
Variations on this Game
●
May be played saying “Top That” instead of “Try That on for Size”
if playing in the UK.
●
May be played with multiple players on each side moving and
speaking in unison.",A-ComedySportz-Games-Manual-v2.2 copy.pdf,,,Not Started,,,
166,TWO MINUTE EXPERT,Head-To-Head Games,Catch-All Head-To-Head Games,197,197,197,two-minute-expert,“The players are a panel of experts who will challenge each other's statements and try to be the last player standing.”,"Both teams will line up on the back wall, the referee will get an area of expertise, pick a player to start speaking on the subject, and start a timer for two minutes. The selected player begins to speak on the topic, and throughout the game the players from the other team can challenge what was said, with a brief reasoning for the challenge. Time stops during the challenges. If the referee accepts the challenge, the player will take the place of the speaker. If the referee doesn’t, the original speaker continues. This continues until the end of the time, and the last player in speaking wins for their team.",Challenge; Wikipedia (Challenge); 9 out of 10; Expert Challenge; Last Second Expert; 90 Second Expert,,"●
May be played where the teams each debate in favor of a different suggestion, and determining which is best.
●
May be played where the challenges may be “hyperlinks” to associated topics.
●
May be played where the teams may challenge even their own players.
●
May be played where the challenges become more and more ridiculous.
●
Some cities play this game without ever stopping the timer.",5,,,Auto-extracted - needs human spot check,"<h1>TWO MINUTE EXPERT</h1>

<h2>Category</h2>
<p>Catch-All Head-To-Head Games</p>

<h2>Referee Introduction</h2>
<blockquote><p>“The players are a panel of experts who will challenge each other's statements and try to be the last player standing.”</p></blockquote>

<h2>Description</h2>
<p>Both teams will line up on the back wall, the referee will get an area of expertise, pick a player to start speaking on the subject, and start a timer for two minutes. The selected player begins to speak on the topic, and throughout the game the players from the other team can challenge what was said, with a brief reasoning for the challenge. Time stops during the challenges. If the referee accepts the challenge, the player will take the place of the speaker. If the referee doesn’t, the original speaker continues. This continues until the end of the time, and the last player in speaking wins for their team.</p>

<h2>Alternate Names</h2>
<p>Challenge; Wikipedia (Challenge); 9 out of 10; Expert Challenge; Last Second Expert; 90 Second Expert</p>

<h2>Variations</h2>
<ul>
<li>May be played where the teams each debate in favor of a different suggestion, and determining which is best.</li>
<li>May be played where the challenges may be “hyperlinks” to associated topics.</li>
<li>May be played where the teams may challenge even their own players.</li>
<li>May be played where the challenges become more and more ridiculous.</li>
<li>Some cities play this game without ever stopping the timer.</li>
</ul>","TWO MINUTE EXPERT
“The players are a panel of experts who will challenge each other's statements
and try to be the last player standing.”
Both teams will line up on the back wall, the referee will get an area of
expertise, pick a player to start speaking on the subject, and start a timer
for two minutes. The selected player begins to speak on the topic, and
throughout the game the players from the other team can challenge
what was said, with a brief reasoning for the challenge. Time stops
during the challenges. If the referee accepts the challenge, the player will
take the place of the speaker. If the referee doesn’t, the original speaker
continues. This continues until the end of the time, and the last player in
speaking wins for their team.
Alternate Names: Challenge; Wikipedia (Challenge); 9 out of 10; Expert
Challenge; Last Second Expert; 90 Second Expert
Variations on this Game
●
May be played where the teams each debate in favor of a
different suggestion, and determining which is best.
●
May be played where the challenges may be “hyperlinks” to
associated topics.
●
May be played where the teams may challenge even their own
players.
●
May be played where the challenges become more and more
ridiculous.
●
Some cities play this game without ever stopping the timer.",A-ComedySportz-Games-Manual-v2.2 copy.pdf,,,Not Started,,,
167,WHAT ARE YOU DOING?,Head-To-Head Games,Catch-All Head-To-Head Games,198,198,198,what-are-you-doing,"“The players will go back and forth asking each other what they are doing, and then will have to tell them anything other than what they are actually doing, which the player must start doing...you know what? You’ll figure it out.”","One player from each team will take the field and the referee will determine who will initiate. The initiator will start miming an activity, the other player will ask “What are you doing?” The initiator will immediately stop and say anything other than what they were miming, and the second player starts doing whatever was said. The initiator follows suit and asks what the other player is doing, and the other player stops and says anything but what they are doing. The initiator will begin doing this activity. The game continues in this fashion until a player is called out for hesitating, actually saying what they were doing, or for any other reason the referee wishes to call them out. A new player rotates in for the player called out, and becomes the initiator. As the game progress the referee may layer on obstacles such as all actions have to be related to a given theme, start with initials, rhyme, or whatever they wish.",,,,0,,,Auto-extracted - needs human spot check,"<h1>WHAT ARE YOU DOING?</h1>

<h2>Category</h2>
<p>Catch-All Head-To-Head Games</p>

<h2>Referee Introduction</h2>
<blockquote><p>“The players will go back and forth asking each other what they are doing, and then will have to tell them anything other than what they are actually doing, which the player must start doing...you know what? You’ll figure it out.”</p></blockquote>

<h2>Description</h2>
<p>One player from each team will take the field and the referee will determine who will initiate. The initiator will start miming an activity, the other player will ask “What are you doing?” The initiator will immediately stop and say anything other than what they were miming, and the second player starts doing whatever was said. The initiator follows suit and asks what the other player is doing, and the other player stops and says anything but what they are doing. The initiator will begin doing this activity. The game continues in this fashion until a player is called out for hesitating, actually saying what they were doing, or for any other reason the referee wishes to call them out. A new player rotates in for the player called out, and becomes the initiator. As the game progress the referee may layer on obstacles such as all actions have to be related to a given theme, start with initials, rhyme, or whatever they wish.</p>","WHAT ARE YOU DOING?
“The players will go back and forth asking each other what they are doing, and
then will have to tell them anything other than what they are actually doing,
which the player must start doing...you know what? You’ll figure it out.”
One player from each team will take the field and the referee will
determine who will initiate. The initiator will start miming an activity, the
other player will ask “What are you doing?” The initiator will
immediately stop and say anything other than what they were miming,
and the second player starts doing whatever was said. The initiator
follows suit and asks what the other player is doing, and the other player
stops and says anything but what they are doing. The initiator will begin
doing this activity. The game continues in this fashion until a player is
called out for hesitating, actually saying what they were doing, or for any
other reason the referee wishes to call them out. A new player rotates in
for the player called out, and becomes the initiator. As the game
progress the referee may layer on obstacles such as all actions have to
be related to a given theme, start with initials, rhyme, or whatever they
wish.",A-ComedySportz-Games-Manual-v2.2 copy.pdf,,,Not Started,,,
168,BEASTIE RAP,Head-To-Head Games,Musical Head-To-Head Games,201,201,201,beastie-rap,“The players will form rap posses who will complete each other’s rhyme.”,"Both teams take the field, standing on opposite sides in a formation of one player in the front and the others behind them, the referee gets a suggestion of a one syllable name, chooses a team to start, and the announcer plays a rap beat. The person in the front of the first team will set up a line that will end with the name given, and the players behind them say the name in unison. The person in the front of the second team will set up a line ending in a rhyme to the name, that the players behind must say in unison, a la the Beastie Boys style of rapping. This continues back and forth until a player hesitates, the players behind don’t speak in unison, or for any other reason the referee deems unworthy. When this happens, the referee will rotate the team that failed, so a new front person takes the lead, gets a new name, and the game begins again. This process continues until the end of the game.",,,"●
May be played with the team also adding in a four-beat repetitive dance between each team’s rhymes, similar to the dances seen in the game “What You Got?”",1,,,Auto-extracted - needs human spot check,"<h1>BEASTIE RAP</h1>

<h2>Category</h2>
<p>Musical Head-To-Head Games</p>

<h2>Referee Introduction</h2>
<blockquote><p>“The players will form rap posses who will complete each other’s rhyme.”</p></blockquote>

<h2>Description</h2>
<p>Both teams take the field, standing on opposite sides in a formation of one player in the front and the others behind them, the referee gets a suggestion of a one syllable name, chooses a team to start, and the announcer plays a rap beat. The person in the front of the first team will set up a line that will end with the name given, and the players behind them say the name in unison. The person in the front of the second team will set up a line ending in a rhyme to the name, that the players behind must say in unison, a la the Beastie Boys style of rapping. This continues back and forth until a player hesitates, the players behind don’t speak in unison, or for any other reason the referee deems unworthy. When this happens, the referee will rotate the team that failed, so a new front person takes the lead, gets a new name, and the game begins again. This process continues until the end of the game.</p>

<h2>Variations</h2>
<ul>
<li>May be played with the team also adding in a four-beat repetitive dance between each team’s rhymes, similar to the dances seen in the game “What You Got?”</li>
</ul>","BEASTIE RAP
“The players will form rap posses who will complete each other’s rhyme.”
Both teams take the field, standing on opposite sides in a formation of
one player in the front and the others behind them, the referee gets a
suggestion of a one syllable name, chooses a team to start, and the
announcer plays a rap beat. The person in the front of the first team will
set up a line that will end with the name given, and the players behind
them say the name in unison. The person in the front of the second team
will set up a line ending in a rhyme to the name, that the players behind
must say in unison, a la the Beastie Boys style of rapping. This continues
back and forth until a player hesitates, the players behind don’t speak in
unison, or for any other reason the referee deems unworthy. When this
happens, the referee will rotate the team that failed, so a new front
person takes the lead, gets a new name, and the game begins again. This
process continues until the end of the game.
Variations on this Game
●
May be played with the team also adding in a four-beat repetitive
dance between each team’s rhymes, similar to the dances seen in
the game “What You Got?”",A-ComedySportz-Games-Manual-v2.2 copy.pdf,,,Not Started,,,
169,CELEBRITY JAM,Head-To-Head Games,Musical Head-To-Head Games,202,202,202,celebrity-jam,“We have assembled a group of music superstars here to raise awareness for a made-up cause.”,"All of the players take the field, and the referee will get a suggestion for made up cause. The players take on the characteristics and style of superstar musicians, and begin to sing a song about the cause, à la “We Are The World.” The players will find their own ending.",Blank Aid,,,0,,,Auto-extracted - needs human spot check,"<h1>CELEBRITY JAM</h1>

<h2>Category</h2>
<p>Musical Head-To-Head Games</p>

<h2>Referee Introduction</h2>
<blockquote><p>“We have assembled a group of music superstars here to raise awareness for a made-up cause.”</p></blockquote>

<h2>Description</h2>
<p>All of the players take the field, and the referee will get a suggestion for made up cause. The players take on the characteristics and style of superstar musicians, and begin to sing a song about the cause, à la “We Are The World.” The players will find their own ending.</p>

<h2>Alternate Names</h2>
<p>Blank Aid</p>","CELEBRITY JAM
“We have assembled a group of music superstars here to raise awareness for a
made-up cause.”
All of the players take the field, and the referee will get a suggestion for
made up cause. The players take on the characteristics and style of
superstar musicians, and begin to sing a song about the cause, à la “We
Are The World.” The players will find their own ending.
Alternate Names: Blank Aid",A-ComedySportz-Games-Manual-v2.2 copy.pdf,,,Not Started,,,
170,COMPILATION ALBUM,Head-To-Head Games,Musical Head-To-Head Games,203,203,203,compilation-album,“The players will debut songs from a new themed compilation album.”,"The referee gets a suggestion for the game, and one player from each time will step onto the field and take on the personas of infomercial pitchmen. They will banter between themselves while introducing the style and name of songs on a new compilation album based on the suggestion. Once they have pitched a song, the remaining players will perform that song. This continues until four songs have been pitched and performed.",,,,0,,,Auto-extracted - needs human spot check,"<h1>COMPILATION ALBUM</h1>

<h2>Category</h2>
<p>Musical Head-To-Head Games</p>

<h2>Referee Introduction</h2>
<blockquote><p>“The players will debut songs from a new themed compilation album.”</p></blockquote>

<h2>Description</h2>
<p>The referee gets a suggestion for the game, and one player from each time will step onto the field and take on the personas of infomercial pitchmen. They will banter between themselves while introducing the style and name of songs on a new compilation album based on the suggestion. Once they have pitched a song, the remaining players will perform that song. This continues until four songs have been pitched and performed.</p>","COMPILATION ALBUM
“The players will debut songs from a new themed compilation album.”
The referee gets a suggestion for the game, and one player from each
time will step onto the field and take on the personas of infomercial
pitchmen. They will banter between themselves while introducing the
style and name of songs on a new compilation album based on the
suggestion. Once they have pitched a song, the remaining players will
perform that song. This continues until four songs have been pitched and
performed.",A-ComedySportz-Games-Manual-v2.2 copy.pdf,,,Not Started,,,
171,DA DOO RON RON,Head-To-Head Games,Musical Head-To-Head Games,204-205,204,205,da-doo-ron-ron,"“Using your one syllable names and nicknames our players will perform a song for you in the style of the 1963 classic, Da Doo Ron Ron.”","The teams line up at the front of the field, alternating the players between the teams, and the referee gets the suggestion of a one syllable name or nickname. Using the rhyme scheme of the song “Da Doo Ron Ron,” the players will make up a song. The first player will sing how they met the suggested name, followed by everyone singing “Da Doo Ron Ron Ron, Da Doo Ron Ron.” The second player will sing a line that rhymes with the name, followed by all the players singing “Da Doo Ron Ron Ron, Da Doo Ron Ron” again. All the players now sing “Da-da-da-dum, yeah” then the third player makes a rhyme. Again, all the players sing “Da-da- da-dum, yeah” and the third player will make a second rhyme. Finally, all the players sing “Da-da-da-dum, yeah” and the third player makes a third rhyme. All players sing “Da Doo Ron Ron Ron, Da Doo Ron Ron” and the pattern continues for the remaining players in the same fashion for players one through three, wrapping around back to the beginning whenever it reaches the end of the line. The referee will encourage the audience to sing along. If ever a player hesitates, falls off rhythm, repeats a rhyme, or fails to rhyme with the name, the player is out. Whenever a player leaves the field, the referee will get a new suggested name, and the whole thing starts over. This continues until only one player is left, or all the players from one team are eliminated.",Da Doo Run Run,,"●
May be played in the style of rap, following the same rhyme structure, but replacing the choruses of “Da Doo Ron Ron Ron, Da Doo Ron Ron” with “Da Doo Rap Rap Rap, Da Doo Rap Rap,” and “Da-da-da-dum, yeah” with “Say What?” (Called “Da Doo Rap Rap”)
●
May be played with counting “5, 6, 7, 8!” as a lead in to the game and before the first singer of every group of three singers.
●
May be played with getting a two-syllable name as the game progresses.
●
May be played with the referee layering genres of music on the song.
●
May be played getting faster as the game progresses.",5,Da Doo Rap Rap,,Auto-extracted - needs human spot check,"<h1>DA DOO RON RON</h1>

<h2>Category</h2>
<p>Musical Head-To-Head Games</p>

<h2>Referee Introduction</h2>
<blockquote><p>“Using your one syllable names and nicknames our players will perform a song for you in the style of the 1963 classic, Da Doo Ron Ron.”</p></blockquote>

<h2>Description</h2>
<p>The teams line up at the front of the field, alternating the players between the teams, and the referee gets the suggestion of a one syllable name or nickname. Using the rhyme scheme of the song “Da Doo Ron Ron,” the players will make up a song. The first player will sing how they met the suggested name, followed by everyone singing “Da Doo Ron Ron Ron, Da Doo Ron Ron.” The second player will sing a line that rhymes with the name, followed by all the players singing “Da Doo Ron Ron Ron, Da Doo Ron Ron” again. All the players now sing “Da-da-da-dum, yeah” then the third player makes a rhyme. Again, all the players sing “Da-da- da-dum, yeah” and the third player will make a second rhyme. Finally, all the players sing “Da-da-da-dum, yeah” and the third player makes a third rhyme. All players sing “Da Doo Ron Ron Ron, Da Doo Ron Ron” and the pattern continues for the remaining players in the same fashion for players one through three, wrapping around back to the beginning whenever it reaches the end of the line. The referee will encourage the audience to sing along. If ever a player hesitates, falls off rhythm, repeats a rhyme, or fails to rhyme with the name, the player is out. Whenever a player leaves the field, the referee will get a new suggested name, and the whole thing starts over. This continues until only one player is left, or all the players from one team are eliminated.</p>

<h2>Alternate Names</h2>
<p>Da Doo Run Run</p>

<h2>Variations</h2>
<ul>
<li>May be played in the style of rap, following the same rhyme structure, but replacing the choruses of “Da Doo Ron Ron Ron, Da Doo Ron Ron” with “Da Doo Rap Rap Rap, Da Doo Rap Rap,” and “Da-da-da-dum, yeah” with “Say What?” (Called “Da Doo Rap Rap”)</li>
<li>May be played with counting “5, 6, 7, 8!” as a lead in to the game and before the first singer of every group of three singers.</li>
<li>May be played with getting a two-syllable name as the game progresses.</li>
<li>May be played with the referee layering genres of music on the song.</li>
<li>May be played getting faster as the game progresses.</li>
</ul>","DA DOO RON RON
“Using your one syllable names and nicknames our players will perform a song
for you in the style of the 1963 classic, Da Doo Ron Ron.”
The teams line up at the front of the field, alternating the players
between the teams, and the referee gets the suggestion of a one syllable
name or nickname. Using the rhyme scheme of the song “Da Doo Ron
Ron,” the players will make up a song. The first player will sing how they
met the suggested name, followed by everyone singing “Da Doo Ron Ron
Ron, Da Doo Ron Ron.” The second player will sing a line that rhymes
with the name, followed by all the players singing “Da Doo Ron Ron Ron,
Da Doo Ron Ron” again. All the players now sing “Da-da-da-dum, yeah”
then the third player makes a rhyme. Again, all the players sing “Da-da-
da-dum, yeah” and the third player will make a second rhyme. Finally, all
the players sing “Da-da-da-dum, yeah” and the third player makes a third
rhyme. All players sing “Da Doo Ron Ron Ron, Da Doo Ron Ron” and the
pattern continues for the remaining players in the same fashion for
players one through three, wrapping around back to the beginning
whenever it reaches the end of the line. The referee will encourage the
audience to sing along. If ever a player hesitates, falls off rhythm, repeats
a rhyme, or fails to rhyme with the name, the player is out. Whenever a
player leaves the field, the referee will get a new suggested name, and
the whole thing starts over. This continues until only one player is left, or
all the players from one team are eliminated.
Alternate Names: Da Doo Run Run
Variations on this Game
●
May be played in the style of rap, following the same rhyme
structure, but replacing the choruses of “Da Doo Ron Ron Ron,
Da Doo Ron Ron” with “Da Doo Rap Rap Rap, Da Doo Rap Rap,”
and “Da-da-da-dum, yeah” with “Say What?” (Called “Da Doo Rap
Rap”)
●
May be played with counting “5, 6, 7, 8!” as a lead in to the game
and before the first singer of every group of three singers.
●
May be played with getting a two-syllable name as the game
progresses.
●
May be played with the referee layering genres of music on the
song.
●
May be played getting faster as the game progresses.",A-ComedySportz-Games-Manual-v2.2 copy.pdf,,,Not Started,,,
172,DANCE PARTY,Head-To-Head Games,Musical Head-To-Head Games,206,206,206,dance-party,"“Our players will be dancers on a hit dance show, teaching us all the new dances!”","The referee will get a list of ten or so nouns, which the teams will each write down. The referee then takes on the persona of the host of a 1960s-style dance show and welcome a player onto the field. The player will pick a noun off the list to be the name of a dance, and jump on the field in as a character. The referee will interview the dancer, asking their name, where they’re from, the name of the dance they will be doing, and how they came up with it. Once a dance is chosen, it cannot be performed again. After the interview, the announcer will play music and the dancer will do their dance for about 20-30 seconds. The referee will thank them, and call up a dancer from the other team, and repeat the process. Once all players have danced, the referee will call all the players onto the field to reprise their dances.",Hamster Scramble,,"●
May be played with players coming up in pairs.",1,,,Auto-extracted - needs human spot check,"<h1>DANCE PARTY</h1>

<h2>Category</h2>
<p>Musical Head-To-Head Games</p>

<h2>Referee Introduction</h2>
<blockquote><p>“Our players will be dancers on a hit dance show, teaching us all the new dances!”</p></blockquote>

<h2>Description</h2>
<p>The referee will get a list of ten or so nouns, which the teams will each write down. The referee then takes on the persona of the host of a 1960s-style dance show and welcome a player onto the field. The player will pick a noun off the list to be the name of a dance, and jump on the field in as a character. The referee will interview the dancer, asking their name, where they’re from, the name of the dance they will be doing, and how they came up with it. Once a dance is chosen, it cannot be performed again. After the interview, the announcer will play music and the dancer will do their dance for about 20-30 seconds. The referee will thank them, and call up a dancer from the other team, and repeat the process. Once all players have danced, the referee will call all the players onto the field to reprise their dances.</p>

<h2>Alternate Names</h2>
<p>Hamster Scramble</p>

<h2>Variations</h2>
<ul>
<li>May be played with players coming up in pairs.</li>
</ul>","DANCE PARTY
“Our players will be dancers on a hit dance show, teaching us all the new
dances!”
The referee will get a list of ten or so nouns, which the teams will each
write down. The referee then takes on the persona of the host of a
1960s-style dance show and welcome a player onto the field. The player
will pick a noun off the list to be the name of a dance, and jump on the
field in as a character. The referee will interview the dancer, asking their
name, where they’re from, the name of the dance they will be doing, and
how they came up with it. Once a dance is chosen, it cannot be
performed again. After the interview, the announcer will play music and
the dancer will do their dance for about 20-30 seconds. The referee will
thank them, and call up a dancer from the other team, and repeat the
process. Once all players have danced, the referee will call all the players
onto the field to reprise their dances.
Alternate Names: Hamster Scramble
Variations on this Game
●
May be played with players coming up in pairs.",A-ComedySportz-Games-Manual-v2.2 copy.pdf,,,Not Started,,,
173,DUELING SOUNDTRACKS,Head-To-Head Games,Musical Head-To-Head Games,207,207,207,dueling-soundtracks,"“One team will sing theme songs for never before seen shows, which the other team must act out a scene from.”","The referee decides which team will sing first, calls them onto the field, and get the suggestion for a made-up television show’s title and genre. The first team will sing a short theme song for the show, endowing the other team with information about the show. The second team then acts out a quick scene from the show described in the theme song. After the scene, the referee will get a new set of suggestions, the second team sings the theme song, and the first team acts it out. This may be repeated multiple times, or just each team doing one song and one scene.",,,"●
May be played with the referee conducting the theme song, pointing at the player they want to sing the next line.",1,,,Auto-extracted - needs human spot check,"<h1>DUELING SOUNDTRACKS</h1>

<h2>Category</h2>
<p>Musical Head-To-Head Games</p>

<h2>Referee Introduction</h2>
<blockquote><p>“One team will sing theme songs for never before seen shows, which the other team must act out a scene from.”</p></blockquote>

<h2>Description</h2>
<p>The referee decides which team will sing first, calls them onto the field, and get the suggestion for a made-up television show’s title and genre. The first team will sing a short theme song for the show, endowing the other team with information about the show. The second team then acts out a quick scene from the show described in the theme song. After the scene, the referee will get a new set of suggestions, the second team sings the theme song, and the first team acts it out. This may be repeated multiple times, or just each team doing one song and one scene.</p>

<h2>Variations</h2>
<ul>
<li>May be played with the referee conducting the theme song, pointing at the player they want to sing the next line.</li>
</ul>","DUELING SOUNDTRACKS
“One team will sing theme songs for never before seen shows, which the other
team must act out a scene from.”
The referee decides which team will sing first, calls them onto the field,
and get the suggestion for a made-up television show’s title and genre.
The first team will sing a short theme song for the show, endowing the
other team with information about the show. The second team then acts
out a quick scene from the show described in the theme song. After the
scene, the referee will get a new set of suggestions, the second team
sings the theme song, and the first team acts it out. This may be repeated
multiple times, or just each team doing one song and one scene.
Variations on this Game
●
May be played with the referee conducting the theme song,
pointing at the player they want to sing the next line.",A-ComedySportz-Games-Manual-v2.2 copy.pdf,,,Not Started,,,
174,MUSICAL RUMBLE,Head-To-Head Games,Musical Head-To-Head Games,208,208,208,musical-rumble,“Our players will be singers of your new favorite songs.”,"The referee will get a list of ten or so nouns and a series of musical genres, which the teams will each write down. The referee then will welcome a player onto the field to be the first singer. The singer will introduce the song’s name and genre. Once a noun and genre is chosen, it cannot be performed again. The singer then performs the song, the referee will thank them, and call up a singer from the other team, and the process repeats, alternating the teams between each song. Once all players have sung the game is done.",,,"●
May be played with players coming up in pairs.
●
May be played with one player from each team each singing their own song based on the same suggestion, and the audience determining which was better. After the first round, two more sing about a new suggestion, and so on.
●
May be played with the accompanist or announcer picking the player’s song and genre for them.",3,,,Auto-extracted - needs human spot check,"<h1>MUSICAL RUMBLE</h1>

<h2>Category</h2>
<p>Musical Head-To-Head Games</p>

<h2>Referee Introduction</h2>
<blockquote><p>“Our players will be singers of your new favorite songs.”</p></blockquote>

<h2>Description</h2>
<p>The referee will get a list of ten or so nouns and a series of musical genres, which the teams will each write down. The referee then will welcome a player onto the field to be the first singer. The singer will introduce the song’s name and genre. Once a noun and genre is chosen, it cannot be performed again. The singer then performs the song, the referee will thank them, and call up a singer from the other team, and the process repeats, alternating the teams between each song. Once all players have sung the game is done.</p>

<h2>Variations</h2>
<ul>
<li>May be played with players coming up in pairs.</li>
<li>May be played with one player from each team each singing their own song based on the same suggestion, and the audience determining which was better. After the first round, two more sing about a new suggestion, and so on.</li>
<li>May be played with the accompanist or announcer picking the player’s song and genre for them.</li>
</ul>","MUSICAL RUMBLE
“Our players will be singers of your new favorite songs.”
The referee will get a list of ten or so nouns and a series of musical
genres, which the teams will each write down. The referee then will
welcome a player onto the field to be the first singer. The singer will
introduce the song’s name and genre. Once a noun and genre is chosen,
it cannot be performed again. The singer then performs the song, the
referee will thank them, and call up a singer from the other team, and the
process repeats, alternating the teams between each song. Once all
players have sung the game is done.
Variations on this Game
●
May be played with players coming up in pairs.
●
May be played with one player from each team each singing their
own song based on the same suggestion, and the audience
determining which was better. After the first round, two more
sing about a new suggestion, and so on.
●
May be played with the accompanist or announcer picking the
player’s song and genre for them.",A-ComedySportz-Games-Manual-v2.2 copy.pdf,,,Not Started,,,
175,RAP LINE,Head-To-Head Games,Musical Head-To-Head Games,209,209,209,rap-line,"“The players will rap, but if they hesitate, fail to rhyme, or fall of the rhythm, they are out.”","The players line up on the field in an alternating pattern, the referee will get a topic. The players will rap about the topic with the first player rapping the first half of a rhyming couplet and the second completing the couplet. The second player then raps the first half of a couplet for the third person to complete, and so on, and so on. Once the pattern reaches the end of the line it wraps back around to the first player in line. This continues until a player is eliminated for failing to rhyme or falling off the beat, then the referee gets a new topic and the game begins again. Once all but one player is left, they win for their team.",Elimination Rap,,"●
May be played with the player reciting love poetry instead of rapping. (Called “Love Poems”)
●
May be played setting up the rhyme structure of a limerick. (Called “Limerick”)",2,Love Poems; Limerick,,Auto-extracted - needs human spot check,"<h1>RAP LINE</h1>

<h2>Category</h2>
<p>Musical Head-To-Head Games</p>

<h2>Referee Introduction</h2>
<blockquote><p>“The players will rap, but if they hesitate, fail to rhyme, or fall of the rhythm, they are out.”</p></blockquote>

<h2>Description</h2>
<p>The players line up on the field in an alternating pattern, the referee will get a topic. The players will rap about the topic with the first player rapping the first half of a rhyming couplet and the second completing the couplet. The second player then raps the first half of a couplet for the third person to complete, and so on, and so on. Once the pattern reaches the end of the line it wraps back around to the first player in line. This continues until a player is eliminated for failing to rhyme or falling off the beat, then the referee gets a new topic and the game begins again. Once all but one player is left, they win for their team.</p>

<h2>Alternate Names</h2>
<p>Elimination Rap</p>

<h2>Variations</h2>
<ul>
<li>May be played with the player reciting love poetry instead of rapping. (Called “Love Poems”)</li>
<li>May be played setting up the rhyme structure of a limerick. (Called “Limerick”)</li>
</ul>","RAP LINE
“The players will rap, but if they hesitate, fail to rhyme, or fall of the rhythm,
they are out.”
The players line up on the field in an alternating pattern, the referee will
get a topic. The players will rap about the topic with the first player
rapping the first half of a rhyming couplet and the second completing the
couplet. The second player then raps the first half of a couplet for the
third person to complete, and so on, and so on. Once the pattern reaches
the end of the line it wraps back around to the first player in line. This
continues until a player is eliminated for failing to rhyme or falling off the
beat, then the referee gets a new topic and the game begins again. Once
all but one player is left, they win for their team.
Alternate Names: Elimination Rap
Variations on this Game
●
May be played with the player reciting love poetry instead of
rapping. (Called “Love Poems”)
●
May be played setting up the rhyme structure of a limerick.
(Called “Limerick”)",A-ComedySportz-Games-Manual-v2.2 copy.pdf,,,Not Started,,,
176,SING FOR YOUR SUPPER,Head-To-Head Games,Musical Head-To-Head Games,210,210,210,sing-for-your-supper,“The players will sing a song conducted by myself.”,"The players form a line at the front of the field, and the referee gets a suggestion for them to sing about. The music begins and the referee begins to conduct the players, singing when the referee points at them individually or collectively. After a verse, the referee will have one player sing a three or four-word simple chorus, which all the other players join in on. This is sung after every verse, and at the very end.",,,"●
May be played with the referee interviewing a volunteer player instead of getting a suggestion.
●
May be played unconducted, with the players sharing focus.",2,,,Auto-extracted - needs human spot check,"<h1>SING FOR YOUR SUPPER</h1>

<h2>Category</h2>
<p>Musical Head-To-Head Games</p>

<h2>Referee Introduction</h2>
<blockquote><p>“The players will sing a song conducted by myself.”</p></blockquote>

<h2>Description</h2>
<p>The players form a line at the front of the field, and the referee gets a suggestion for them to sing about. The music begins and the referee begins to conduct the players, singing when the referee points at them individually or collectively. After a verse, the referee will have one player sing a three or four-word simple chorus, which all the other players join in on. This is sung after every verse, and at the very end.</p>

<h2>Variations</h2>
<ul>
<li>May be played with the referee interviewing a volunteer player instead of getting a suggestion.</li>
<li>May be played unconducted, with the players sharing focus.</li>
</ul>","SING FOR YOUR SUPPER
“The players will sing a song conducted by myself.”
The players form a line at the front of the field, and the referee gets a
suggestion for them to sing about. The music begins and the referee
begins to conduct the players, singing when the referee points at them
individually or collectively. After a verse, the referee will have one player
sing a three or four-word simple chorus, which all the other players join
in on. This is sung after every verse, and at the very end.
Variations on this Game
●
May be played with the referee interviewing a volunteer player
instead of getting a suggestion.
●
May be played unconducted, with the players sharing focus.",A-ComedySportz-Games-Manual-v2.2 copy.pdf,,,Not Started,,,
177,WHAT YOU GOT?,Head-To-Head Games,Musical Head-To-Head Games,211,211,211,what-you-got,"“The teams will engage in a dance battle, but if they fall off rhythm or off topic they will have to rotate.”","The teams form into dance posses, facing off on either side of the field. The referee will get a suggestion of a relationship between people, assign one side of the relationship to either dance posse, and determine who goes first. The first team’s front player will say a line about their side of the relationship along with a movement to go along with it, then the rest of their team doing it with them two more times before saying, “What You Got?” The second team will respond in the same fashion, but with a line and action from their side of the relationship. This continues until a player falls off rhythm or off topic, at which point the referee will have that team rotate. Whenever a team rotates, the referee will get a new suggestion and the game starts again. This continues until the end of the game.",,,"●
May be played with the referee getting suggestions of anything instead of just relationships.",1,,,Auto-extracted - needs human spot check,"<h1>WHAT YOU GOT?</h1>

<h2>Category</h2>
<p>Musical Head-To-Head Games</p>

<h2>Referee Introduction</h2>
<blockquote><p>“The teams will engage in a dance battle, but if they fall off rhythm or off topic they will have to rotate.”</p></blockquote>

<h2>Description</h2>
<p>The teams form into dance posses, facing off on either side of the field. The referee will get a suggestion of a relationship between people, assign one side of the relationship to either dance posse, and determine who goes first. The first team’s front player will say a line about their side of the relationship along with a movement to go along with it, then the rest of their team doing it with them two more times before saying, “What You Got?” The second team will respond in the same fashion, but with a line and action from their side of the relationship. This continues until a player falls off rhythm or off topic, at which point the referee will have that team rotate. Whenever a team rotates, the referee will get a new suggestion and the game starts again. This continues until the end of the game.</p>

<h2>Variations</h2>
<ul>
<li>May be played with the referee getting suggestions of anything instead of just relationships.</li>
</ul>","WHAT YOU GOT?
“The teams will engage in a dance battle, but if they fall off rhythm or off topic
they will have to rotate.”
The teams form into dance posses, facing off on either side of the field.
The referee will get a suggestion of a relationship between people,
assign one side of the relationship to either dance posse, and determine
who goes first. The first team’s front player will say a line about their side
of the relationship along with a movement to go along with it, then the
rest of their team doing it with them two more times before saying,
“What You Got?” The second team will respond in the same fashion, but
with a line and action from their side of the relationship. This continues
until a player falls off rhythm or off topic, at which point the referee will
have that team rotate. Whenever a team rotates, the referee will get a
new suggestion and the game starts again. This continues until the end
of the game.
Variations on this Game
●
May be played with the referee getting suggestions of anything
instead of just relationships.",A-ComedySportz-Games-Manual-v2.2 copy.pdf,,,Not Started,,,
178,GUESS THAT THING,Head-To-Head Games,Guessing Head-To-Head Games,214,214,214,guess-that-thing,"“The guessers will be put into an array of stories, and need to guess what stories they are in, while the teams bid down on how much time it would to take to get them to guess it.”","The referee sends one player from each team out of the room to be the guessers and gets a list of six-eight stories, video games, movies, plays, television shows, etc. The referee calls the guessers back in, and one teammate from each team will start bidding on how much time it will take to get across the suggestion to their guesser. When either team determines they can’t go any lower they will turn to the audience and declare “Guess That Thing!” Using only pantomime and gibberish the team with the winning bid will put their guesser in the story trying to get it across in only the amount of time they bid. The guesser will guess, and if they get it wrong the other guesser may steal. The stories are done in the order that they were suggested. This continues until all stories have been guessed.",,,"●
May be played as a variation of the game “Six Things.”
●
May be played the referee getting changes to the stories as well.",2,,,Auto-extracted - needs human spot check,"<h1>GUESS THAT THING</h1>

<h2>Category</h2>
<p>Guessing Head-To-Head Games</p>

<h2>Referee Introduction</h2>
<blockquote><p>“The guessers will be put into an array of stories, and need to guess what stories they are in, while the teams bid down on how much time it would to take to get them to guess it.”</p></blockquote>

<h2>Description</h2>
<p>The referee sends one player from each team out of the room to be the guessers and gets a list of six-eight stories, video games, movies, plays, television shows, etc. The referee calls the guessers back in, and one teammate from each team will start bidding on how much time it will take to get across the suggestion to their guesser. When either team determines they can’t go any lower they will turn to the audience and declare “Guess That Thing!” Using only pantomime and gibberish the team with the winning bid will put their guesser in the story trying to get it across in only the amount of time they bid. The guesser will guess, and if they get it wrong the other guesser may steal. The stories are done in the order that they were suggested. This continues until all stories have been guessed.</p>

<h2>Variations</h2>
<ul>
<li>May be played as a variation of the game “Six Things.”</li>
<li>May be played the referee getting changes to the stories as well.</li>
</ul>","GUESS THAT THING
“The guessers will be put into an array of stories, and need to guess what
stories they are in, while the teams bid down on how much time it would to
take to get them to guess it.”
The referee sends one player from each team out of the room to be the
guessers and gets a list of six-eight stories, video games, movies, plays,
television shows, etc. The referee calls the guessers back in, and one
teammate from each team will start bidding on how much time it will
take to get across the suggestion to their guesser. When either team
determines they can’t go any lower they will turn to the audience and
declare “Guess That Thing!” Using only pantomime and gibberish the
team with the winning bid will put their guesser in the story trying to get
it across in only the amount of time they bid. The guesser will guess, and
if they get it wrong the other guesser may steal. The stories are done in
the order that they were suggested. This continues until all stories have
been guessed.
Variations on this Game
●
May be played as a variation of the game “Six Things.”
●
May be played the referee getting changes to the stories as well.",A-ComedySportz-Games-Manual-v2.2 copy.pdf,,,Not Started,,,
179,I LOVE A PARADE,Head-To-Head Games,Guessing Head-To-Head Games,215,215,215,i-love-a-parade,"“One player from each team will be commentators on a parade, performed by their teammates.”","The referee sends one player from each team out of the room to be the guessers and gets a list of six-eight stories, video games, movies, plays, television shows, etc. The referee calls the guessers back in, and they take on the personas of parade commentators. The rest of the players will work together to perform as floats that represent the stories suggested. The guessers go back and forth taking turns making guesses as to what they think the floats are while still commentating on the parade. Once a float is guessed, or it has crossed the field, the next float immediately follows. This continues until all stories have been shown as floats.",,,"●
May be played with the floats being replaced by zombies acting out the scenes. (Called “Zombie Parade”)",1,Zombie Parade,,Auto-extracted - needs human spot check,"<h1>I LOVE A PARADE</h1>

<h2>Category</h2>
<p>Guessing Head-To-Head Games</p>

<h2>Referee Introduction</h2>
<blockquote><p>“One player from each team will be commentators on a parade, performed by their teammates.”</p></blockquote>

<h2>Description</h2>
<p>The referee sends one player from each team out of the room to be the guessers and gets a list of six-eight stories, video games, movies, plays, television shows, etc. The referee calls the guessers back in, and they take on the personas of parade commentators. The rest of the players will work together to perform as floats that represent the stories suggested. The guessers go back and forth taking turns making guesses as to what they think the floats are while still commentating on the parade. Once a float is guessed, or it has crossed the field, the next float immediately follows. This continues until all stories have been shown as floats.</p>

<h2>Variations</h2>
<ul>
<li>May be played with the floats being replaced by zombies acting out the scenes. (Called “Zombie Parade”)</li>
</ul>","I LOVE A PARADE
“One player from each team will be commentators on a parade, performed by
their teammates.”
The referee sends one player from each team out of the room to be the
guessers and gets a list of six-eight stories, video games, movies, plays,
television shows, etc. The referee calls the guessers back in, and they
take on the personas of parade commentators. The rest of the players
will work together to perform as floats that represent the stories
suggested. The guessers go back and forth taking turns making guesses
as to what they think the floats are while still commentating on the
parade. Once a float is guessed, or it has crossed the field, the next float
immediately follows. This continues until all stories have been shown as
floats.
Variations on this Game
●
May be played with the floats being replaced by zombies acting
out the scenes. (Called “Zombie Parade”)",A-ComedySportz-Games-Manual-v2.2 copy.pdf,,,Not Started,,,
180,PLAYGROUND INSULTS,Head-To-Head Games,Guessing Head-To-Head Games,216,216,216,playground-insults,"“One player from each team will be kids on a playground insulting each other, but like children are wont to do, they don’t really know what insult they are trying to say.”","The referee sends one player from each team out of the room to be the guessers and gets the suggestion of an insult in the form of Adjective Verb-ing Noun, each word having three or more syllables. The guessers are called back in, and take on the personas of two kids arguing with and mildly insulting each other. The kids face each other with each having their back to the other team's clue givers. The referee will determine which team will go first, and their teammates will get across the first word by breaking it down into smaller syllable chunks and getting them across through pantomime. They first guesser will try to guess what the syllable is working their guesses into their insults. Every ten to twenty seconds, the referee will switch between the teams guessing. Once all of the syllables have been gotten across, the guesser will put them together to find the whole word. When the adjective word is guessed, the teams will move on to the second word, and then the third. The first guesser to call the other the full insult wins for their team.",,,"●
May be played as the players are debating the pros and cons of a Verb-ing Adjective Noun. (Called “Sideline Debate”)
●
May be played as the players are making an old-school dating service video looking for an Adjective Occupation who enjoys Verb-ing. (Called “Sideline Dating Service”)
●
May be played with the referee getting a list of multiword song titles, which the clue givers must get across while the guesser keeps singing. (Called “Sideline Karaoke”)
●
May be played and adapted to holidays and other occasions by changing the word gotten in the suggestion.
●
May be played with each team getting their own set of words.",5,Sideline Debate; Sideline Dating Service; Sideline Karaoke,,Auto-extracted - needs human spot check,"<h1>PLAYGROUND INSULTS</h1>

<h2>Category</h2>
<p>Guessing Head-To-Head Games</p>

<h2>Referee Introduction</h2>
<blockquote><p>“One player from each team will be kids on a playground insulting each other, but like children are wont to do, they don’t really know what insult they are trying to say.”</p></blockquote>

<h2>Description</h2>
<p>The referee sends one player from each team out of the room to be the guessers and gets the suggestion of an insult in the form of Adjective Verb-ing Noun, each word having three or more syllables. The guessers are called back in, and take on the personas of two kids arguing with and mildly insulting each other. The kids face each other with each having their back to the other team's clue givers. The referee will determine which team will go first, and their teammates will get across the first word by breaking it down into smaller syllable chunks and getting them across through pantomime. They first guesser will try to guess what the syllable is working their guesses into their insults. Every ten to twenty seconds, the referee will switch between the teams guessing. Once all of the syllables have been gotten across, the guesser will put them together to find the whole word. When the adjective word is guessed, the teams will move on to the second word, and then the third. The first guesser to call the other the full insult wins for their team.</p>

<h2>Variations</h2>
<ul>
<li>May be played as the players are debating the pros and cons of a Verb-ing Adjective Noun. (Called “Sideline Debate”)</li>
<li>May be played as the players are making an old-school dating service video looking for an Adjective Occupation who enjoys Verb-ing. (Called “Sideline Dating Service”)</li>
<li>May be played with the referee getting a list of multiword song titles, which the clue givers must get across while the guesser keeps singing. (Called “Sideline Karaoke”)</li>
<li>May be played and adapted to holidays and other occasions by changing the word gotten in the suggestion.</li>
<li>May be played with each team getting their own set of words.</li>
</ul>","PLAYGROUND INSULTS
“One player from each team will be kids on a playground insulting each other,
but like children are wont to do, they don’t really know what insult they are
trying to say.”
The referee sends one player from each team out of the room to be the
guessers and gets the suggestion of an insult in the form of Adjective
Verb-ing Noun, each word having three or more syllables. The guessers
are called back in, and take on the personas of two kids arguing with and
mildly insulting each other. The kids face each other with each having
their back to the other team's clue givers. The referee will determine
which team will go first, and their teammates will get across the first
word by breaking it down into smaller syllable chunks and getting them
across through pantomime. They first guesser will try to guess what the
syllable is working their guesses into their insults. Every ten to twenty
seconds, the referee will switch between the teams guessing. Once all of
the syllables have been gotten across, the guesser will put them together
to find the whole word. When the adjective word is guessed, the teams
will move on to the second word, and then the third. The first guesser to
call the other the full insult wins for their team.
Variations on this Game
●
May be played as the players are debating the pros and cons of a
Verb-ing Adjective Noun. (Called “Sideline Debate”)
●
May be played as the players are making an old-school dating
service video looking for an Adjective Occupation who enjoys
Verb-ing. (Called “Sideline Dating Service”)
●
May be played with the referee getting a list of multiword song
titles, which the clue givers must get across while the guesser
keeps singing. (Called “Sideline Karaoke”)
●
May be played and adapted to holidays and other occasions by
changing the word gotten in the suggestion.
●
May be played with each team getting their own set of words.",A-ComedySportz-Games-Manual-v2.2 copy.pdf,,,Not Started,,,
181,TAG TEAM PSYCHOTHERAPIST,Head-To-Head Games,Guessing Head-To-Head Games,217,217,217,tag-team-psychotherapist,“The players will be therapists trying to find out what a volunteer player is afraid of.”,"Both teams are sent out of the room, the referee asks for a volunteer player from the audience to play the patient, and gets a suggestion of a weird item to be afraid of. The players are called back in and the referee determines who will go first. The first player takes on the characteristics of a therapist will have twenty seconds to ask “20 Questions” style questions of the volunteer player to figure out what their afraid of. The volunteer player may only answer with “Yes,” “No,” or “I Don’t Know.” If the volunteer player answers “I don’t know,” the referee will answer for them. After twenty seconds, the referee will switch to a player from the other team, who repeats the process. This continues with the players rotating and asking questions until one player correctly guesses the fear.",,,,0,,,Auto-extracted - needs human spot check,"<h1>TAG TEAM PSYCHOTHERAPIST</h1>

<h2>Category</h2>
<p>Guessing Head-To-Head Games</p>

<h2>Referee Introduction</h2>
<blockquote><p>“The players will be therapists trying to find out what a volunteer player is afraid of.”</p></blockquote>

<h2>Description</h2>
<p>Both teams are sent out of the room, the referee asks for a volunteer player from the audience to play the patient, and gets a suggestion of a weird item to be afraid of. The players are called back in and the referee determines who will go first. The first player takes on the characteristics of a therapist will have twenty seconds to ask “20 Questions” style questions of the volunteer player to figure out what their afraid of. The volunteer player may only answer with “Yes,” “No,” or “I Don’t Know.” If the volunteer player answers “I don’t know,” the referee will answer for them. After twenty seconds, the referee will switch to a player from the other team, who repeats the process. This continues with the players rotating and asking questions until one player correctly guesses the fear.</p>","TAG TEAM PSYCHOTHERAPIST
“The players will be therapists trying to find out what a volunteer player is
afraid of.”
Both teams are sent out of the room, the referee asks for a volunteer
player from the audience to play the patient, and gets a suggestion of a
weird item to be afraid of. The players are called back in and the referee
determines who will go first. The first player takes on the characteristics
of a therapist will have twenty seconds to ask “20 Questions” style
questions of the volunteer player to figure out what their afraid of. The
volunteer player may only answer with “Yes,” “No,” or “I Don’t Know.” If
the volunteer player answers “I don’t know,” the referee will answer for
them. After twenty seconds, the referee will switch to a player from the
other team, who repeats the process. This continues with the players
rotating and asking questions until one player correctly guesses the fear.",A-ComedySportz-Games-Manual-v2.2 copy.pdf,,,Not Started,,,
182,185,Head-To-Head Games,Last Chance Games,220,220,220,185,"“The players will deliver jokes in the style of ‘185 blanks walk into a bar. The bartender says that they’re closed, and the 185 blanks say punchline!’”","Both teams line up along the back wall, and the referee will get a suggestion for the game. Whenever a player has a joke they will step forward and deliver it in the style of “185 (suggestions) walk into a bar. The bartender says, ‘We’re closed.’ The 185 (suggestions) say (pun or punchline).” The referee may change the suggestion whenever they wish. Variations on the Game
●
May be played with the players replacing “Bar” and “Bartender” with “Restaurant” and “Manager” for teams that do not condone drinking, i.e. those under 18.",,,,0,,,Auto-extracted - needs human spot check,"<h1>185</h1>

<h2>Category</h2>
<p>Last Chance Games</p>

<h2>Referee Introduction</h2>
<blockquote><p>“The players will deliver jokes in the style of ‘185 blanks walk into a bar. The bartender says that they’re closed, and the 185 blanks say punchline!’”</p></blockquote>

<h2>Description</h2>
<p>Both teams line up along the back wall, and the referee will get a suggestion for the game. Whenever a player has a joke they will step forward and deliver it in the style of “185 (suggestions) walk into a bar. The bartender says, ‘We’re closed.’ The 185 (suggestions) say (pun or punchline).” The referee may change the suggestion whenever they wish. Variations on the Game<br>●<br>May be played with the players replacing “Bar” and “Bartender” with “Restaurant” and “Manager” for teams that do not condone drinking, i.e. those under 18.</p>","185
“The players will deliver jokes in the style of ‘185 blanks walk into a bar. The
bartender says that they’re closed, and the 185 blanks say punchline!’”
Both teams line up along the back wall, and the referee will get a
suggestion for the game. Whenever a player has a joke they will step
forward and deliver it in the style of “185 (suggestions) walk into a bar.
The bartender says, ‘We’re closed.’ The 185 (suggestions) say (pun or
punchline).” The referee may change the suggestion whenever they wish.
Variations on the Game
●
May be played with the players replacing “Bar” and “Bartender”
with “Restaurant” and “Manager” for teams that do not condone
drinking, i.e. those under 18.",A-ComedySportz-Games-Manual-v2.2 copy.pdf,,,Not Started,,,
183,BACK IN MY DAY,Head-To-Head Games,Last Chance Games,221,221,221,back-in-my-day,“The players will tell us what it was like back in their day.”,"Both teams line up along the back wall, and the referee will get a suggestion for the game. Whenever a player has a joke they will step forward as an old person and deliver it in the style of “Back in my day we didn’t have (suggestion), (punchline).” The referee may change the suggestion whenever they wish.",,,,0,,,Auto-extracted - needs human spot check,"<h1>BACK IN MY DAY</h1>

<h2>Category</h2>
<p>Last Chance Games</p>

<h2>Referee Introduction</h2>
<blockquote><p>“The players will tell us what it was like back in their day.”</p></blockquote>

<h2>Description</h2>
<p>Both teams line up along the back wall, and the referee will get a suggestion for the game. Whenever a player has a joke they will step forward as an old person and deliver it in the style of “Back in my day we didn’t have (suggestion), (punchline).” The referee may change the suggestion whenever they wish.</p>","BACK IN MY DAY
“The players will tell us what it was like back in their day.”
Both teams line up along the back wall, and the referee will get a
suggestion for the game. Whenever a player has a joke they will step
forward as an old person and deliver it in the style of “Back in my day we
didn’t have (suggestion), (punchline).” The referee may change the
suggestion whenever they wish.",A-ComedySportz-Games-Manual-v2.2 copy.pdf,,,Not Started,,,
184,B MOVIE,Head-To-Head Games,Last Chance Games,222,222,222,b-movie,“The players will tell you about a bad movie they have recently seen.”,"Both teams line up along the back wall, and the referee will get a suggestion for the game. Whenever a player has a joke they will step forward and start the delivery of a joke in the style of “I saw a movie about (suggestion) that was so (adjective).” The audience and other players will all respond with “How (adjective) was it?” The player then finishes the joke. The referee may change the suggestion whenever they wish. Variations on the Game
●
May be played with the players instead saying, “I caught a (suggestion) that was so (adjective).” The audience and other players will all respond with “How (adjective) was it?” The player then finishes the joke. (Called “Fisherman’s Boast”)",,,,0,,,Auto-extracted - needs human spot check,"<h1>B MOVIE</h1>

<h2>Category</h2>
<p>Last Chance Games</p>

<h2>Referee Introduction</h2>
<blockquote><p>“The players will tell you about a bad movie they have recently seen.”</p></blockquote>

<h2>Description</h2>
<p>Both teams line up along the back wall, and the referee will get a suggestion for the game. Whenever a player has a joke they will step forward and start the delivery of a joke in the style of “I saw a movie about (suggestion) that was so (adjective).” The audience and other players will all respond with “How (adjective) was it?” The player then finishes the joke. The referee may change the suggestion whenever they wish. Variations on the Game<br>●<br>May be played with the players instead saying, “I caught a (suggestion) that was so (adjective).” The audience and other players will all respond with “How (adjective) was it?” The player then finishes the joke. (Called “Fisherman’s Boast”)</p>","B MOVIE
“The players will tell you about a bad movie they have recently seen.”
Both teams line up along the back wall, and the referee will get a
suggestion for the game. Whenever a player has a joke they will step
forward and start the delivery of a joke in the style of “I saw a movie
about (suggestion) that was so (adjective).” The audience and other
players will all respond with “How (adjective) was it?” The player then
finishes the joke. The referee may change the suggestion whenever they
wish.
Variations on the Game
●
May be played with the players instead saying, “I caught a
(suggestion) that was so (adjective).” The audience and other
players will all respond with “How (adjective) was it?” The player
then finishes the joke. (Called “Fisherman’s Boast”)",A-ComedySportz-Games-Manual-v2.2 copy.pdf,,,Not Started,,,
185,COMING SOON…,Head-To-Head Games,Last Chance Games,223,223,223,coming-soon,“The players will tell us about the new movies coming out.”,"Both teams line up along the back wall, and the referee will get a suggestion for the game. Whenever a player has a joke they will step forward as the voice of a movie trailer and deliver it in the style of “Coming soon to a theatre near you: (suggestion). (Punchline).” The punchline is in the form of the movie’s tagline. The referee may change the suggestion whenever they wish.",,,,0,,,Auto-extracted - needs human spot check,"<h1>COMING SOON…</h1>

<h2>Category</h2>
<p>Last Chance Games</p>

<h2>Referee Introduction</h2>
<blockquote><p>“The players will tell us about the new movies coming out.”</p></blockquote>

<h2>Description</h2>
<p>Both teams line up along the back wall, and the referee will get a suggestion for the game. Whenever a player has a joke they will step forward as the voice of a movie trailer and deliver it in the style of “Coming soon to a theatre near you: (suggestion). (Punchline).” The punchline is in the form of the movie’s tagline. The referee may change the suggestion whenever they wish.</p>","COMING SOON…
“The players will tell us about the new movies coming out.”
Both teams line up along the back wall, and the referee will get a
suggestion for the game. Whenever a player has a joke they will step
forward as the voice of a movie trailer and deliver it in the style of
“Coming soon to a theatre near you: (suggestion). (Punchline).” The
punchline is in the form of the movie’s tagline. The referee may change
the suggestion whenever they wish.",A-ComedySportz-Games-Manual-v2.2 copy.pdf,,,Not Started,,,
186,CRAIGSLIST,Head-To-Head Games,Last Chance Games,224,224,224,craigslist,"“The players will buy some interesting things on Craigslist, and tell us what happened.”","Both teams line up along the back wall, and the referee will get a suggestion for the game. Whenever a player has a joke they will step forward and start the delivery of a joke in the style of “I bought a (suggestion) on Craigslist. (Punchline).” With the punchline being based on what happened with the purchase. The referee may change the suggestion whenever they wish.",,,,0,,,Auto-extracted - needs human spot check,"<h1>CRAIGSLIST</h1>

<h2>Category</h2>
<p>Last Chance Games</p>

<h2>Referee Introduction</h2>
<blockquote><p>“The players will buy some interesting things on Craigslist, and tell us what happened.”</p></blockquote>

<h2>Description</h2>
<p>Both teams line up along the back wall, and the referee will get a suggestion for the game. Whenever a player has a joke they will step forward and start the delivery of a joke in the style of “I bought a (suggestion) on Craigslist. (Punchline).” With the punchline being based on what happened with the purchase. The referee may change the suggestion whenever they wish.</p>","CRAIGSLIST
“The players will buy some interesting things on Craigslist, and tell us what
happened.”
Both teams line up along the back wall, and the referee will get a
suggestion for the game. Whenever a player has a joke they will step
forward and start the delivery of a joke in the style of “I bought a
(suggestion) on Craigslist. (Punchline).” With the punchline being based
on what happened with the purchase. The referee may change the
suggestion whenever they wish.",A-ComedySportz-Games-Manual-v2.2 copy.pdf,,,Not Started,,,
187,"DEAR DIARY,",Head-To-Head Games,Last Chance Games,225,225,225,dear-diary,“The players will share the diary entries of famous people.”,"Both teams line up along the back wall, and the referee will get a suggestion for a famous person or fictional character. Whenever a player has a joke they will step forward as and deliver it in the style of a diary entry for the suggested person. The referee may change the suggestion whenever they wish.",,,"●
May be played with the players leaving an outgoing or incoming voicemail message for the suggested person. (Called “Voicemail”)
●
May be played with the players leaving tweets, as opposed to diary entries. (Called “Celebrity Twitter”)
●
May be played with suggestions of anything, not just people.",3,Voicemail; Celebrity Twitter,,Auto-extracted - needs human spot check,"<h1>DEAR DIARY,</h1>

<h2>Category</h2>
<p>Last Chance Games</p>

<h2>Referee Introduction</h2>
<blockquote><p>“The players will share the diary entries of famous people.”</p></blockquote>

<h2>Description</h2>
<p>Both teams line up along the back wall, and the referee will get a suggestion for a famous person or fictional character. Whenever a player has a joke they will step forward as and deliver it in the style of a diary entry for the suggested person. The referee may change the suggestion whenever they wish.</p>

<h2>Variations</h2>
<ul>
<li>May be played with the players leaving an outgoing or incoming voicemail message for the suggested person. (Called “Voicemail”)</li>
<li>May be played with the players leaving tweets, as opposed to diary entries. (Called “Celebrity Twitter”)</li>
<li>May be played with suggestions of anything, not just people.</li>
</ul>","DEAR DIARY,
“The players will share the diary entries of famous people.”
Both teams line up along the back wall, and the referee will get a
suggestion for a famous person or fictional character. Whenever a player
has a joke they will step forward as and deliver it in the style of a diary
entry for the suggested person. The referee may change the suggestion
whenever they wish.
Variations on this Game
●
May be played with the players leaving an outgoing or incoming
voicemail message for the suggested person. (Called “Voicemail”)
●
May be played with the players leaving tweets, as opposed to
diary entries. (Called “Celebrity Twitter”)
●
May be played with suggestions of anything, not just people.",A-ComedySportz-Games-Manual-v2.2 copy.pdf,,,Not Started,,,
188,FANDAMONIUM,Head-To-Head Games,Last Chance Games,226,226,226,fandamonium,"“The volunteer player will do a repetitive motion, while the players justify the activity.”","Both teams line up along the back wall and the referee will ask for a volunteer player from the audience. The referee will then get a suggestion of an activity, which the volunteer player will do repeatedly. When the players have an idea, they will step forward and interact with the volunteer player, justifying different meaning each time. The referee may change the activity whenever they wish.",Fan Torture,,,0,,,Auto-extracted - needs human spot check,"<h1>FANDAMONIUM</h1>

<h2>Category</h2>
<p>Last Chance Games</p>

<h2>Referee Introduction</h2>
<blockquote><p>“The volunteer player will do a repetitive motion, while the players justify the activity.”</p></blockquote>

<h2>Description</h2>
<p>Both teams line up along the back wall and the referee will ask for a volunteer player from the audience. The referee will then get a suggestion of an activity, which the volunteer player will do repeatedly. When the players have an idea, they will step forward and interact with the volunteer player, justifying different meaning each time. The referee may change the activity whenever they wish.</p>

<h2>Alternate Names</h2>
<p>Fan Torture</p>","FANDAMONIUM
“The volunteer player will do a repetitive motion, while the players justify the
activity.”
Both teams line up along the back wall and the referee will ask for a
volunteer player from the audience. The referee will then get a
suggestion of an activity, which the volunteer player will do repeatedly.
When the players have an idea, they will step forward and interact with
the volunteer player, justifying different meaning each time. The referee
may change the activity whenever they wish.
Alternate Names: Fan Torture",A-ComedySportz-Games-Manual-v2.2 copy.pdf,,,Not Started,,,
189,GAME OF GROANS,Head-To-Head Games,Last Chance Games,227,227,227,game-of-groans,“The players will tell us about some of the lesser houses from Game of Thrones.”,"Both teams line up along the back wall, the referee gets a suggestion for the game. Whenever a player has an idea they will step forward and declare “House (suggestion), (punchline)!” The punchline is a pun or joke slogan for the house, similar to those found for the houses in Game of Thrones. The referee may change the suggestion whenever they wish.",,,,0,,,Auto-extracted - needs human spot check,"<h1>GAME OF GROANS</h1>

<h2>Category</h2>
<p>Last Chance Games</p>

<h2>Referee Introduction</h2>
<blockquote><p>“The players will tell us about some of the lesser houses from Game of Thrones.”</p></blockquote>

<h2>Description</h2>
<p>Both teams line up along the back wall, the referee gets a suggestion for the game. Whenever a player has an idea they will step forward and declare “House (suggestion), (punchline)!” The punchline is a pun or joke slogan for the house, similar to those found for the houses in Game of Thrones. The referee may change the suggestion whenever they wish.</p>","GAME OF GROANS
“The players will tell us about some of the lesser houses from Game of
Thrones.”
Both teams line up along the back wall, the referee gets a suggestion for
the game. Whenever a player has an idea they will step forward and
declare “House (suggestion), (punchline)!” The punchline is a pun or joke
slogan for the house, similar to those found for the houses in Game of
Thrones. The referee may change the suggestion whenever they wish.",A-ComedySportz-Games-Manual-v2.2 copy.pdf,,,Not Started,,,
190,GARTH,Head-To-Head Games,Last Chance Games,228,228,228,garth,"“In the style of pop culture icon Garth Algar, our players will tell us what celebrities would be named if they were other things.”","Both teams line up along the back wall, and the referee will get a suggestion of a person for the game. Whenever a player has a joke they will step forward and start the delivery of a joke along the lines of “If (suggestion) was (something else), they’d be called (punchline).” The punchline is generally a mashup of the celebrity’s name and whatever the other thing was, similar to the way Garth would in Wayne’s World. The referee may change the suggestion whenever they wish.",,,,0,,,Auto-extracted - needs human spot check,"<h1>GARTH</h1>

<h2>Category</h2>
<p>Last Chance Games</p>

<h2>Referee Introduction</h2>
<blockquote><p>“In the style of pop culture icon Garth Algar, our players will tell us what celebrities would be named if they were other things.”</p></blockquote>

<h2>Description</h2>
<p>Both teams line up along the back wall, and the referee will get a suggestion of a person for the game. Whenever a player has a joke they will step forward and start the delivery of a joke along the lines of “If (suggestion) was (something else), they’d be called (punchline).” The punchline is generally a mashup of the celebrity’s name and whatever the other thing was, similar to the way Garth would in Wayne’s World. The referee may change the suggestion whenever they wish.</p>","GARTH
“In the style of pop culture icon Garth Algar, our players will tell us what
celebrities would be named if they were other things.”
Both teams line up along the back wall, and the referee will get a
suggestion of a person for the game. Whenever a player has a joke they
will step forward and start the delivery of a joke along the lines of “If
(suggestion) was (something else), they’d be called (punchline).” The
punchline is generally a mashup of the celebrity’s name and whatever
the other thing was, similar to the way Garth would in Wayne’s World.
The referee may change the suggestion whenever they wish.",A-ComedySportz-Games-Manual-v2.2 copy.pdf,,,Not Started,,,
191,"HEY, WAITER",Head-To-Head Games,Last Chance Games,229,229,229,hey-waiter,“A volunteer player will be letting a waiter know about the odd things they found in their soup.”,"Both teams line up along the back wall, the referee will ask for a volunteer player from the audience, and get a suggestion for the game. Whenever a player has a joke they will step forward and hand a bowl of soup to the volunteer player, who will say “Hey waiter, there’s a (suggestion) in my soup.” To which the player will respond with a punchline based on the suggestion. The referee may change the suggestion whenever they wish.",,,"●
May be played with the volunteer player being a patient telling a doctor “Doctor, I have (suggestion). To which the player will respond with a punchline based on the suggestion. (Called “Bedside Manner”)
●
May be played with the volunteer player being a speed dater saying, “I like (suggestion).” To which the player will respond with a punchline in the style of a pickup line. (Called “Speed Dating”)
●
May be played with many adaptations to fit holidays and such, changing the phrase the volunteer says accordingly.",3,Bedside Manner; Speed Dating,,Auto-extracted - needs human spot check,"<h1>HEY, WAITER</h1>

<h2>Category</h2>
<p>Last Chance Games</p>

<h2>Referee Introduction</h2>
<blockquote><p>“A volunteer player will be letting a waiter know about the odd things they found in their soup.”</p></blockquote>

<h2>Description</h2>
<p>Both teams line up along the back wall, the referee will ask for a volunteer player from the audience, and get a suggestion for the game. Whenever a player has a joke they will step forward and hand a bowl of soup to the volunteer player, who will say “Hey waiter, there’s a (suggestion) in my soup.” To which the player will respond with a punchline based on the suggestion. The referee may change the suggestion whenever they wish.</p>

<h2>Variations</h2>
<ul>
<li>May be played with the volunteer player being a patient telling a doctor “Doctor, I have (suggestion). To which the player will respond with a punchline based on the suggestion. (Called “Bedside Manner”)</li>
<li>May be played with the volunteer player being a speed dater saying, “I like (suggestion).” To which the player will respond with a punchline in the style of a pickup line. (Called “Speed Dating”)</li>
<li>May be played with many adaptations to fit holidays and such, changing the phrase the volunteer says accordingly.</li>
</ul>","HEY, WAITER
“A volunteer player will be letting a waiter know about the odd things they
found in their soup.”
Both teams line up along the back wall, the referee will ask for a
volunteer player from the audience, and get a suggestion for the game.
Whenever a player has a joke they will step forward and hand a bowl of
soup to the volunteer player, who will say “Hey waiter, there’s a
(suggestion) in my soup.” To which the player will respond with a
punchline based on the suggestion. The referee may change the
suggestion whenever they wish.
Variations on this Game
●
May be played with the volunteer player being a patient telling a
doctor “Doctor, I have (suggestion). To which the player will
respond with a punchline based on the suggestion. (Called
“Bedside Manner”)
●
May be played with the volunteer player being a speed dater
saying, “I like (suggestion).” To which the player will respond with
a punchline in the style of a pickup line. (Called “Speed Dating”)
●
May be played with many adaptations to fit holidays and such,
changing the phrase the volunteer says accordingly.",A-ComedySportz-Games-Manual-v2.2 copy.pdf,,,Not Started,,,
192,I KISSED A BLANK,Head-To-Head Games,Last Chance Games,230,230,230,i-kissed-a-blank,“The players will tell us about a time they kissed something.”,"Both teams line up along the back wall, and the referee will get a suggestion for the game. Whenever a player has a joke they will step forward and start the delivery of a joke in the style of “I kissed a (suggestion).” The audience and other players will all respond with “Really?” The player then finishes with a punchline explaining how the kiss was. The referee may change the suggestion whenever they wish.",,,,0,,,Auto-extracted - needs human spot check,"<h1>I KISSED A BLANK</h1>

<h2>Category</h2>
<p>Last Chance Games</p>

<h2>Referee Introduction</h2>
<blockquote><p>“The players will tell us about a time they kissed something.”</p></blockquote>

<h2>Description</h2>
<p>Both teams line up along the back wall, and the referee will get a suggestion for the game. Whenever a player has a joke they will step forward and start the delivery of a joke in the style of “I kissed a (suggestion).” The audience and other players will all respond with “Really?” The player then finishes with a punchline explaining how the kiss was. The referee may change the suggestion whenever they wish.</p>","I KISSED A BLANK
“The players will tell us about a time they kissed something.”
Both teams line up along the back wall, and the referee will get a
suggestion for the game. Whenever a player has a joke they will step
forward and start the delivery of a joke in the style of “I kissed a
(suggestion).” The audience and other players will all respond with
“Really?” The player then finishes with a punchline explaining how the
kiss was. The referee may change the suggestion whenever they wish.",A-ComedySportz-Games-Manual-v2.2 copy.pdf,,,Not Started,,,
193,"IT’S NOT YOU, IT’S ME",Head-To-Head Games,Last Chance Games,231,231,231,its-not-you-its-me,“The players will deliver a breakup line based on your suggestion.”,"Both teams line up along the back wall, and the referee will get a suggestion for the game. Whenever a player has a joke they will step forward and deliver it in the style of “It’s not you, it’s me. (Punchline).” The punchline a reason for breaking up with someone based on the suggestion. The referee may change the suggestion whenever they wish.",,,,0,,,Auto-extracted - needs human spot check,"<h1>IT’S NOT YOU, IT’S ME</h1>

<h2>Category</h2>
<p>Last Chance Games</p>

<h2>Referee Introduction</h2>
<blockquote><p>“The players will deliver a breakup line based on your suggestion.”</p></blockquote>

<h2>Description</h2>
<p>Both teams line up along the back wall, and the referee will get a suggestion for the game. Whenever a player has a joke they will step forward and deliver it in the style of “It’s not you, it’s me. (Punchline).” The punchline a reason for breaking up with someone based on the suggestion. The referee may change the suggestion whenever they wish.</p>","IT’S NOT YOU, IT’S ME
“The players will deliver a breakup line based on your suggestion.”
Both teams line up along the back wall, and the referee will get a
suggestion for the game. Whenever a player has a joke they will step
forward and deliver it in the style of “It’s not you, it’s me. (Punchline).”
The punchline a reason for breaking up with someone based on the
suggestion. The referee may change the suggestion whenever they wish.",A-ComedySportz-Games-Manual-v2.2 copy.pdf,,,Not Started,,,
194,JIMMY THE PIGEON,Head-To-Head Games,Last Chance Games,232,232,232,jimmy-the-pigeon,“The players will tell us about Jimmy the Suggestion.”,"Both teams line up along the back wall, and the referee will get two suggestions for the game. Whenever a player has a joke they will step forward and start the delivery of a joke in the style of “Did you hear about Jimmy the (suggestion).” The audience and other players will all respond with “No!” The player then finishes with a telling us a punchline about Jimmy. The referee may change the suggestion whenever they wish.",,,,0,,,Auto-extracted - needs human spot check,"<h1>JIMMY THE PIGEON</h1>

<h2>Category</h2>
<p>Last Chance Games</p>

<h2>Referee Introduction</h2>
<blockquote><p>“The players will tell us about Jimmy the Suggestion.”</p></blockquote>

<h2>Description</h2>
<p>Both teams line up along the back wall, and the referee will get two suggestions for the game. Whenever a player has a joke they will step forward and start the delivery of a joke in the style of “Did you hear about Jimmy the (suggestion).” The audience and other players will all respond with “No!” The player then finishes with a telling us a punchline about Jimmy. The referee may change the suggestion whenever they wish.</p>","JIMMY THE PIGEON
“The players will tell us about Jimmy the Suggestion.”
Both teams line up along the back wall, and the referee will get two
suggestions for the game. Whenever a player has a joke they will step
forward and start the delivery of a joke in the style of “Did you hear
about Jimmy the (suggestion).” The audience and other players will all
respond with “No!” The player then finishes with a telling us a punchline
about Jimmy. The referee may change the suggestion whenever they
wish.",A-ComedySportz-Games-Manual-v2.2 copy.pdf,,,Not Started,,,
195,LAST ACTION JOKE,Head-To-Head Games,Last Chance Games,233,233,233,last-action-joke,“The players will deliver a joke in the style of Arnold Schwarzenegger’s trademarked wit.”,"Both teams line up along the back wall, and the referee will get a suggestion of an object for the game. Whenever a player has a joke they will step forward and pantomime attacking a bad guy with the suggestion, and then deliver a punchline in the style of Arnold Schwarzenegger’s older films. The referee may change the suggestions whenever they wish.",,,"●
May be played with the players taking on the persona of David Caruso of CSI: Miami, and finding a person attacked rather than doing the attacking. The players deliver the punchline while removing sunglasses. (Called “CSz: Miami”)",1,CSz: Miami,,Auto-extracted - needs human spot check,"<h1>LAST ACTION JOKE</h1>

<h2>Category</h2>
<p>Last Chance Games</p>

<h2>Referee Introduction</h2>
<blockquote><p>“The players will deliver a joke in the style of Arnold Schwarzenegger’s trademarked wit.”</p></blockquote>

<h2>Description</h2>
<p>Both teams line up along the back wall, and the referee will get a suggestion of an object for the game. Whenever a player has a joke they will step forward and pantomime attacking a bad guy with the suggestion, and then deliver a punchline in the style of Arnold Schwarzenegger’s older films. The referee may change the suggestions whenever they wish.</p>

<h2>Variations</h2>
<ul>
<li>May be played with the players taking on the persona of David Caruso of CSI: Miami, and finding a person attacked rather than doing the attacking. The players deliver the punchline while removing sunglasses. (Called “CSz: Miami”)</li>
</ul>","LAST ACTION JOKE
“The players will deliver a joke in the style of Arnold Schwarzenegger’s
trademarked wit.”
Both teams line up along the back wall, and the referee will get a
suggestion of an object for the game. Whenever a player has a joke they
will step forward and pantomime attacking a bad guy with the
suggestion, and then deliver a punchline in the style of Arnold
Schwarzenegger’s older films. The referee may change the suggestions
whenever they wish.
Variations on this Game
●
May be played with the players taking on the persona of David
Caruso of CSI: Miami, and finding a person attacked rather than
doing the attacking. The players deliver the punchline while
removing sunglasses. (Called “CSz: Miami”)",A-ComedySportz-Games-Manual-v2.2 copy.pdf,,,Not Started,,,
196,LETTERS FROM CAMP,Head-To-Head Games,Last Chance Games,234,234,234,letters-from-camp,“The players will be kids writing home from summer camps themed around your suggestion.”,"Both teams line up along the back wall, and the referee will get a suggestion of anything at all. Whenever a player has a joke they will step forward and delivery it as if a child writing home from a camp themed around the suggestion, with the jokes being puns or references surrounding camp life.",,,,0,,,Auto-extracted - needs human spot check,"<h1>LETTERS FROM CAMP</h1>

<h2>Category</h2>
<p>Last Chance Games</p>

<h2>Referee Introduction</h2>
<blockquote><p>“The players will be kids writing home from summer camps themed around your suggestion.”</p></blockquote>

<h2>Description</h2>
<p>Both teams line up along the back wall, and the referee will get a suggestion of anything at all. Whenever a player has a joke they will step forward and delivery it as if a child writing home from a camp themed around the suggestion, with the jokes being puns or references surrounding camp life.</p>","LETTERS FROM CAMP
“The players will be kids writing home from summer camps themed around
your suggestion.”
Both teams line up along the back wall, and the referee will get a
suggestion of anything at all. Whenever a player has a joke they will step
forward and delivery it as if a child writing home from a camp themed
around the suggestion, with the jokes being puns or references
surrounding camp life.",A-ComedySportz-Games-Manual-v2.2 copy.pdf,,,Not Started,,,
197,OBJECT FREEZE,Head-To-Head Games,Last Chance Games,235,235,235,object-freeze,"“The players will be given a random object, which they will have to use in anyway but normal.”","At half time, the referee asks audience to go to their cars and get unusual objects. When it comes time to play the game, before each object is brought out onto the field during the game, both teams line up along the back wall with their backs turned to the audience. The referee places a random object on the field. Players turn around and step forward when they have an idea and use the object in any way other than what the object actually is. The referee may have they players turn their backs and change the item whenever they wish.",Object Tag; Props,,,0,,,Auto-extracted - needs human spot check,"<h1>OBJECT FREEZE</h1>

<h2>Category</h2>
<p>Last Chance Games</p>

<h2>Referee Introduction</h2>
<blockquote><p>“The players will be given a random object, which they will have to use in anyway but normal.”</p></blockquote>

<h2>Description</h2>
<p>At half time, the referee asks audience to go to their cars and get unusual objects. When it comes time to play the game, before each object is brought out onto the field during the game, both teams line up along the back wall with their backs turned to the audience. The referee places a random object on the field. Players turn around and step forward when they have an idea and use the object in any way other than what the object actually is. The referee may have they players turn their backs and change the item whenever they wish.</p>

<h2>Alternate Names</h2>
<p>Object Tag; Props</p>","OBJECT FREEZE
“The players will be given a random object, which they will have to use in
anyway but normal.”
At half time, the referee asks audience to go to their cars and get
unusual objects. When it comes time to play the game, before each
object is brought out onto the field during the game, both teams line up
along the back wall with their backs turned to the audience. The referee
places a random object on the field. Players turn around and step
forward when they have an idea and use the object in any way other
than what the object actually is. The referee may have they players turn
their backs and change the item whenever they wish.
Alternate Names: Object Tag; Props",A-ComedySportz-Games-Manual-v2.2 copy.pdf,,,Not Started,,,
198,PHONE HOME,Head-To-Head Games,Last Chance Games,236,236,236,phone-home,“The players will be aliens phoning home to tell them about things found on Earth.”,"Both teams line up along the back wall, and the referee will get a suggestion for the game. Whenever a player has a joke they will step forward and as an alien phoning home to tell them about the suggestion. The jokes can be pun-based, misinformation, or anything the player wishes. The referee may change the suggestion whenever they wish.",,,,0,,,Auto-extracted - needs human spot check,"<h1>PHONE HOME</h1>

<h2>Category</h2>
<p>Last Chance Games</p>

<h2>Referee Introduction</h2>
<blockquote><p>“The players will be aliens phoning home to tell them about things found on Earth.”</p></blockquote>

<h2>Description</h2>
<p>Both teams line up along the back wall, and the referee will get a suggestion for the game. Whenever a player has a joke they will step forward and as an alien phoning home to tell them about the suggestion. The jokes can be pun-based, misinformation, or anything the player wishes. The referee may change the suggestion whenever they wish.</p>","PHONE HOME
“The players will be aliens phoning home to tell them about things found on
Earth.”
Both teams line up along the back wall, and the referee will get a
suggestion for the game. Whenever a player has a joke they will step
forward and as an alien phoning home to tell them about the suggestion.
The jokes can be pun-based, misinformation, or anything the player
wishes. The referee may change the suggestion whenever they wish.",A-ComedySportz-Games-Manual-v2.2 copy.pdf,,,Not Started,,,
199,SMACKDOWN,Head-To-Head Games,Last Chance Games,237,237,237,smackdown,“The players will tell us about fights and who won.”,"Both teams line up along the back wall, and the referee will get two suggestions for the game. Whenever a player has a joke they will step forward and start the delivery of a joke in the style of “A (suggestion one) fought a (suggestion two).” The audience and other players will all respond with “Who won?” The player then finishes with a telling us who won and a punchline telling us why. The referee may change the suggestions whenever they wish.",,,,0,,,Auto-extracted - needs human spot check,"<h1>SMACKDOWN</h1>

<h2>Category</h2>
<p>Last Chance Games</p>

<h2>Referee Introduction</h2>
<blockquote><p>“The players will tell us about fights and who won.”</p></blockquote>

<h2>Description</h2>
<p>Both teams line up along the back wall, and the referee will get two suggestions for the game. Whenever a player has a joke they will step forward and start the delivery of a joke in the style of “A (suggestion one) fought a (suggestion two).” The audience and other players will all respond with “Who won?” The player then finishes with a telling us who won and a punchline telling us why. The referee may change the suggestions whenever they wish.</p>","SMACKDOWN
“The players will tell us about fights and who won.”
Both teams line up along the back wall, and the referee will get two
suggestions for the game. Whenever a player has a joke they will step
forward and start the delivery of a joke in the style of “A (suggestion one)
fought a (suggestion two).” The audience and other players will all
respond with “Who won?” The player then finishes with a telling us who
won and a punchline telling us why. The referee may change the
suggestions whenever they wish.",A-ComedySportz-Games-Manual-v2.2 copy.pdf,,,Not Started,,,
200,TSA,Head-To-Head Games,Last Chance Games,238,238,238,tsa,“The players will be TSA agents and find some strange things in people’s luggage.”,"Both teams line up along the back wall, and the referee will get a suggestion for the game. Whenever a player has a joke they will step forward and as a TSA agent who found the suggestion in a bag, delivering a punchline based on the suggestion. The referee may change the suggestion whenever they wish.",,,,0,,,Auto-extracted - needs human spot check,"<h1>TSA</h1>

<h2>Category</h2>
<p>Last Chance Games</p>

<h2>Referee Introduction</h2>
<blockquote><p>“The players will be TSA agents and find some strange things in people’s luggage.”</p></blockquote>

<h2>Description</h2>
<p>Both teams line up along the back wall, and the referee will get a suggestion for the game. Whenever a player has a joke they will step forward and as a TSA agent who found the suggestion in a bag, delivering a punchline based on the suggestion. The referee may change the suggestion whenever they wish.</p>","TSA
“The players will be TSA agents and find some strange things in people’s
luggage.”
Both teams line up along the back wall, and the referee will get a
suggestion for the game. Whenever a player has a joke they will step
forward and as a TSA agent who found the suggestion in a bag,
delivering a punchline based on the suggestion. The referee may change
the suggestion whenever they wish.",A-ComedySportz-Games-Manual-v2.2 copy.pdf,,,Not Started,,,
201,WHATCHA GET?,Head-To-Head Games,Last Chance Games,239,239,239,whatcha-get,“The players will tell us about things they have crossed together.”,"Both teams line up along the back wall, and the referee will get a suggestion for the game. Whenever a player has a joke they will step forward and start the delivery of a joke in the style of “I crossed a (suggestion) with (something else).” The audience and other players will all respond with “Whatcha get?” The player then finishes with a punchline telling us what they got. The referee may change the suggestion whenever they wish.",,,"●
May be played with the referee getting both things that are crossed.",1,,,Auto-extracted - needs human spot check,"<h1>WHATCHA GET?</h1>

<h2>Category</h2>
<p>Last Chance Games</p>

<h2>Referee Introduction</h2>
<blockquote><p>“The players will tell us about things they have crossed together.”</p></blockquote>

<h2>Description</h2>
<p>Both teams line up along the back wall, and the referee will get a suggestion for the game. Whenever a player has a joke they will step forward and start the delivery of a joke in the style of “I crossed a (suggestion) with (something else).” The audience and other players will all respond with “Whatcha get?” The player then finishes with a punchline telling us what they got. The referee may change the suggestion whenever they wish.</p>

<h2>Variations</h2>
<ul>
<li>May be played with the referee getting both things that are crossed.</li>
</ul>","WHATCHA GET?
“The players will tell us about things they have crossed together.”
Both teams line up along the back wall, and the referee will get a
suggestion for the game. Whenever a player has a joke they will step
forward and start the delivery of a joke in the style of “I crossed a
(suggestion) with (something else).” The audience and other players will
all respond with “Whatcha get?” The player then finishes with a
punchline telling us what they got. The referee may change the
suggestion whenever they wish.
Variations on this Game
●
May be played with the referee getting both things that are
crossed.",A-ComedySportz-Games-Manual-v2.2 copy.pdf,,,Not Started,,,
202,WHEN I GROW UP,Head-To-Head Games,Last Chance Games,240,240,240,when-i-grow-up,“The players will tell us what they want to be when they grow up.”,"Both teams line up along the back wall, and the referee will get a suggestion for the game. Whenever a player has a joke they will step forward as a young child and deliver it in the style of “When I grow up I want to be (suggestion), (punchline).” The referee may change the suggestion whenever they wish.",,,,0,,,Auto-extracted - needs human spot check,"<h1>WHEN I GROW UP</h1>

<h2>Category</h2>
<p>Last Chance Games</p>

<h2>Referee Introduction</h2>
<blockquote><p>“The players will tell us what they want to be when they grow up.”</p></blockquote>

<h2>Description</h2>
<p>Both teams line up along the back wall, and the referee will get a suggestion for the game. Whenever a player has a joke they will step forward as a young child and deliver it in the style of “When I grow up I want to be (suggestion), (punchline).” The referee may change the suggestion whenever they wish.</p>","WHEN I GROW UP
“The players will tell us what they want to be when they grow up.”
Both teams line up along the back wall, and the referee will get a
suggestion for the game. Whenever a player has a joke they will step
forward as a young child and deliver it in the style of “When I grow up I
want to be (suggestion), (punchline).” The referee may change the
suggestion whenever they wish.",A-ComedySportz-Games-Manual-v2.2 copy.pdf,,,Not Started,,,
203,WORLD’S WORST,Head-To-Head Games,Last Chance Games,241,241,241,worlds-worst,“The players will show us the world’s worst versions of different things.”,"Both teams line up along the back wall, and the referee will get a suggestion for the game. Whenever a player has a joke they will step forward and portray the world’s worst version of the suggestion. The referee can get suggestions of occupations, a product or location to give ad slogans for, or an event where things are said. The referee may change the suggestion whenever they wish.",,,"●
May be played with the referee getting only locations and events, with the players telling us things you would never hear there. (Called “Things You Never Hear”)
●
May be played with the referee getting only suggestions of products and locations. (Called “Slogans”)
●
May be played with the referee getting only suggestions of locations. (Called “Punnsylvania”)",3,Things You Never Hear; Slogans; Punnsylvania,,Auto-extracted - needs human spot check,"<h1>WORLD’S WORST</h1>

<h2>Category</h2>
<p>Last Chance Games</p>

<h2>Referee Introduction</h2>
<blockquote><p>“The players will show us the world’s worst versions of different things.”</p></blockquote>

<h2>Description</h2>
<p>Both teams line up along the back wall, and the referee will get a suggestion for the game. Whenever a player has a joke they will step forward and portray the world’s worst version of the suggestion. The referee can get suggestions of occupations, a product or location to give ad slogans for, or an event where things are said. The referee may change the suggestion whenever they wish.</p>

<h2>Variations</h2>
<ul>
<li>May be played with the referee getting only locations and events, with the players telling us things you would never hear there. (Called “Things You Never Hear”)</li>
<li>May be played with the referee getting only suggestions of products and locations. (Called “Slogans”)</li>
<li>May be played with the referee getting only suggestions of locations. (Called “Punnsylvania”)</li>
</ul>","WORLD’S WORST
“The players will show us the world’s worst versions of different things.”
Both teams line up along the back wall, and the referee will get a
suggestion for the game. Whenever a player has a joke they will step
forward and portray the world’s worst version of the suggestion. The
referee can get suggestions of occupations, a product or location to give
ad slogans for, or an event where things are said. The referee may
change the suggestion whenever they wish.
Variations on this Game
●
May be played with the referee getting only locations and events,
with the players telling us things you would never hear there.
(Called “Things You Never Hear”)
●
May be played with the referee getting only suggestions of
products and locations. (Called “Slogans”)
●
May be played with the referee getting only suggestions of
locations. (Called “Punnsylvania”)",A-ComedySportz-Games-Manual-v2.2 copy.pdf,,,Not Started,,,